position,name,club_team,group,international_team
Goalkeeper,Matěj Kovář,PSV Eindhoven,A,Czech Republic
Defender,David Zima,Slavia Prague,A,Czech Republic
Defender,Tomáš Holeš,Slavia Prague,A,Czech Republic
Defender,Robin Hranáč,TSG Hoffenheim,A,Czech Republic
Defender,Vladimír Coufal,TSG Hoffenheim,A,Czech Republic
Defender,Štěpán Chaloupek,Slavia Prague,A,Czech Republic
Defender,Ladislav Krejčí,Wolverhampton Wanderers,A,Czech Republic
Midfielder,Vladimír Darida,Hradec Králové,A,Czech Republic
Forward,Adam Hložek,TSG Hoffenheim,A,Czech Republic
Forward,Patrik Schick,Bayer Leverkusen,A,Czech Republic
Forward,Jan Kuchta,Sparta Prague,A,Czech Republic
Midfielder,Lukáš Červ,Viktoria Plzeň,A,Czech Republic
Forward,Mojmír Chytil,Slavia Prague,A,Czech Republic
Defender,David Jurásek,Slavia Prague,A,Czech Republic
Forward,Pavel Šulc,Lyon,A,Czech Republic
Goalkeeper,Jindřich Staněk,Slavia Prague,A,Czech Republic
Midfielder,Lukáš Provod,Slavia Prague,A,Czech Republic
Midfielder,Michal Sadílek,Slavia Prague,A,Czech Republic
Forward,Tomáš Chorý,Slavia Prague,A,Czech Republic
Defender,Jaroslav Zelený,Sparta Prague,A,Czech Republic
Defender,David Douděra,Slavia Prague,A,Czech Republic
Midfielder,Tomáš Souček,West Ham United,A,Czech Republic
Goalkeeper,Lukáš Horníček,Braga,A,Czech Republic
Midfielder,Alexandr Sojka,Viktoria Plzeň,A,Czech Republic
Midfielder,Hugo Sochůrek,Sparta Prague,A,Czech Republic
Forward,Denis Višinský,Viktoria Plzeň,A,Czech Republic
Goalkeeper,Raúl Rangel,Guadalajara,A,Mexico
Defender,Jorge Sánchez,PAOK,A,Mexico
Defender,César Montes,Lokomotiv Moscow,A,Mexico
Defender,Edson Álvarez,Fenerbahçe,A,Mexico
Defender,Johan Vásquez,Genoa,A,Mexico
Midfielder,Érik Lira,Cruz Azul,A,Mexico
Midfielder,Luis Romo,Guadalajara,A,Mexico
Midfielder,Álvaro Fidalgo,Real Betis,A,Mexico
Forward,Raúl Jiménez,Fulham,A,Mexico
Forward,Alexis Vega,Toluca,A,Mexico
Forward,Santiago Giménez,Milan,A,Mexico
Goalkeeper,Carlos Acevedo,Santos Laguna,A,Mexico
Goalkeeper,Guillermo Ochoa,AEL Limassol,A,Mexico
Forward,Armando González,Guadalajara,A,Mexico
Defender,Israel Reyes,América,A,Mexico
Forward,Julián Quiñones,Al-Qadsiah,A,Mexico
Midfielder,Orbelín Pineda,AEK Athens,A,Mexico
Midfielder,Obed Vargas,Atlético Madrid,A,Mexico
Midfielder,Gilberto Mora,Tijuana,A,Mexico
Defender,Mateo Chávez,AZ,A,Mexico
Forward,César Huerta,Anderlecht,A,Mexico
Forward,Guillermo Martínez,Pumas UNAM,A,Mexico
Defender,Jesús Gallardo,Toluca,A,Mexico
Midfielder,Luis Chávez,Dynamo Moscow,A,Mexico
Forward,Roberto Alvarado,Guadalajara,A,Mexico
Midfielder,Brian Gutiérrez,Guadalajara,A,Mexico
Goalkeeper,Ronwen Williams,Mamelodi Sundowns,A,South Africa
Defender,Thabang Matuludi,Polokwane City,A,South Africa
Defender,Khulumani Ndamane,Mamelodi Sundowns,A,South Africa
Midfielder,Teboho Mokoena,Mamelodi Sundowns,A,South Africa
Midfielder,Thalente Mbatha,Orlando Pirates,A,South Africa
Defender,Aubrey Modiba,Mamelodi Sundowns,A,South Africa
Forward,Oswin Appollis,Orlando Pirates,A,South Africa
Forward,Tshepang Moremi,Orlando Pirates,A,South Africa
Forward,Lyle Foster,Burnley,A,South Africa
Forward,Relebohile Mofokeng,Orlando Pirates,A,South Africa
Midfielder,Themba Zwane,Mamelodi Sundowns,A,South Africa
Forward,Thapelo Maseko,AEL Limassol,A,South Africa
Midfielder,Sphephelo Sithole,Tondela,A,South Africa
Defender,Mbekezeli Mbokazi,Chicago Fire FC,A,South Africa
Forward,Iqraam Rayners,Mamelodi Sundowns,A,South Africa
Goalkeeper,Sipho Chaine,Orlando Pirates,A,South Africa
Forward,Evidence Makgopa,Orlando Pirates,A,South Africa
Defender,Samukele Kabini,Molde,A,South Africa
Defender,Nkosinathi Sibisi,Orlando Pirates,A,South Africa
Defender,Khuliso Mudau,Mamelodi Sundowns,A,South Africa
Defender,Ime Okon,Hannover 96,A,South Africa
Goalkeeper,Ricardo Goss,Siwelele,A,South Africa
Midfielder,Jayden Adams,Mamelodi Sundowns,A,South Africa
Defender,Olwethu Makhanya,Philadelphia Union,A,South Africa
Forward,Kamogelo Sebelebele,Orlando Pirates,A,South Africa
Defender,Bradley Cross,Kaizer Chiefs,A,South Africa
Goalkeeper,Kim Seung-gyu,FC Tokyo,A,South Korea
Defender,Lee Han-beom,Midtjylland,A,South Korea
Midfielder,Lee Gi-hyuk,Gangwon FC,A,South Korea
Defender,Kim Min-jae,Bayern Munich,A,South Korea
Defender,Kim Tae-hyeon,Kashima Antlers,A,South Korea
Midfielder,Hwang In-beom,Feyenoord,A,South Korea
Forward,Son Heung-min,Los Angeles FC,A,South Korea
Midfielder,Paik Seung-ho,Birmingham City,A,South Korea
Forward,Cho Gue-sung,Midtjylland,A,South Korea
Midfielder,Lee Jae-sung,Mainz 05,A,South Korea
Midfielder,Hwang Hee-chan,Wolverhampton Wanderers,A,South Korea
Goalkeeper,Song Bum-keun,Jeonbuk Hyundai Motors,A,South Korea
Defender,Lee Tae-seok,Austria Wien,A,South Korea
Defender,Cho Wi-je,Jeonbuk Hyundai Motors,A,South Korea
Defender,Kim Moon-hwan,Daejeon Hana Citizen,A,South Korea
Defender,Park Jin-seob,Zhejiang,A,South Korea
Midfielder,Bae Jun-ho,Stoke City,A,South Korea
Forward,Oh Hyeon-gyu,Beşiktaş,A,South Korea
Midfielder,Lee Kang-in,Paris Saint-Germain,A,South Korea
Midfielder,Yang Hyun-jun,Celtic,A,South Korea
Goalkeeper,Jo Hyeon-woo,Ulsan HD,A,South Korea
Defender,Seol Young-woo,Red Star Belgrade,A,South Korea
Defender,Jens Castrop,Borussia Mönchengladbach,A,South Korea
Midfielder,Kim Jin-gyu,Jeonbuk Hyundai Motors,A,South Korea
Midfielder,Eom Ji-sung,Swansea City,A,South Korea
Midfielder,Lee Dong-gyeong,Ulsan HD,A,South Korea
Goalkeeper,Nikola Vasilj,FC St. Pauli,B,Bosnia and Herzegovina
Defender,Nihad Mujakić,Gaziantep,B,Bosnia and Herzegovina
Defender,Dennis Hadžikadunić,Sampdoria,B,Bosnia and Herzegovina
Defender,Tarik Muharemović,Sassuolo,B,Bosnia and Herzegovina
Defender,Sead Kolašinac,Atalanta,B,Bosnia and Herzegovina
Midfielder,Benjamin Tahirović,Brøndby,B,Bosnia and Herzegovina
Defender,Amar Dedić,Benfica,B,Bosnia and Herzegovina
Midfielder,Armin Gigović,Young Boys,B,Bosnia and Herzegovina
Forward,Samed Baždar,Jagiellonia Białystok,B,Bosnia and Herzegovina
Forward,Ermedin Demirović,VfB Stuttgart,B,Bosnia and Herzegovina
Forward,Edin Džeko,Schalke 04,B,Bosnia and Herzegovina
Goalkeeper,Mladen Jurkas,Borac Banja Luka,B,Bosnia and Herzegovina
Midfielder,Ivan Bašić,Astana,B,Bosnia and Herzegovina
Midfielder,Ivan Šunjić,Pafos,B,Bosnia and Herzegovina
Midfielder,Amar Memić,Viktoria Plzeň,B,Bosnia and Herzegovina
Midfielder,Amir Hadžiahmetović,Hull City,B,Bosnia and Herzegovina
Midfielder,Dženis Burnić,Karlsruher SC,B,Bosnia and Herzegovina
Defender,Nikola Katić,Schalke 04,B,Bosnia and Herzegovina
Forward,Kerim Alajbegović,Red Bull Salzburg,B,Bosnia and Herzegovina
Forward,Esmir Bajraktarević,PSV Eindhoven,B,Bosnia and Herzegovina
Defender,Stjepan Radeljić,Rijeka,B,Bosnia and Herzegovina
Goalkeeper,Martin Zlomislić,Rijeka,B,Bosnia and Herzegovina
Forward,Haris Tabaković,Borussia Mönchengladbach,B,Bosnia and Herzegovina
Defender,Arjan Malić,Sturm Graz,B,Bosnia and Herzegovina
Forward,Jovo Lukić,Universitatea Cluj,B,Bosnia and Herzegovina
Midfielder,Ermin Mahmić,Slovan Liberec,B,Bosnia and Herzegovina
Goalkeeper,Dayne St. Clair,Inter Miami CF,B,Canada
Defender,Alistair Johnston,Celtic,B,Canada
Defender,Alfie Jones,Middlesbrough,B,Canada
Defender,Luc de Fougerolles,Dender,B,Canada
Defender,Joel Waterman,Chicago Fire FC,B,Canada
Midfielder,Mathieu Choinière,Los Angeles FC,B,Canada
Midfielder,Stephen Eustáquio,Los Angeles FC,B,Canada
Midfielder,Ismaël Koné,Sassuolo,B,Canada
Forward,Cyle Larin,Southampton,B,Canada
Forward,Jonathan David,Juventus,B,Canada
Midfielder,Liam Millar,Hull City,B,Canada
Forward,Tani Oluwaseyi,Villarreal,B,Canada
Defender,Derek Cornelius,Rangers,B,Canada
Midfielder,Jacob Shaffelburg,Los Angeles FC,B,Canada
Defender,Moïse Bombito,Nice,B,Canada
Goalkeeper,Maxime Crépeau,Orlando City SC,B,Canada
Forward,Tajon Buchanan,Villarreal,B,Canada
Goalkeeper,Owen Goodman,Barnsley,B,Canada
Defender,Alphonso Davies,Bayern Munich,B,Canada
Forward,Ali Ahmed,Norwich City,B,Canada
Midfielder,Jonathan Osorio,Toronto FC,B,Canada
Defender,Richie Laryea,Toronto FC,B,Canada
Defender,Niko Sigur,Hajduk Split,B,Canada
Forward,Promise David,Union Saint-Gilloise,B,Canada
Midfielder,Nathan Saliba,Anderlecht,B,Canada
Forward,Jayden Nelson,Austin FC,B,Canada
Goalkeeper,Mahmud Abunada,Al-Rayyan,B,Qatar
Defender,Pedro Miguel,Al-Sadd,B,Qatar
Defender,Lucas Mendes,Al-Wakrah,B,Qatar
Defender,Issa Laye,Al-Arabi,B,Qatar
Defender,Jassem Gaber,Al-Rayyan,B,Qatar
Midfielder,Abdulaziz Hatem,Al-Rayyan,B,Qatar
Forward,Ahmed Alaaeldin,Al-Rayyan,B,Qatar
Forward,Edmilson Junior,Al-Duhail,B,Qatar
Forward,Mohammed Muntari,Al-Gharafa,B,Qatar
Forward,Hassan Al-Haydos,Al-Sadd,B,Qatar
Forward,Akram Afif,Al-Sadd,B,Qatar
Midfielder,Karim Boudiaf,Al-Duhail,B,Qatar
Defender,Ayoub Al-Oui,Al-Gharafa,B,Qatar
Defender,Homam Ahmed,Cultural Leonesa,B,Qatar
Forward,Yusuf Abdurisag,Al-Wakrah,B,Qatar
Defender,Boualem Khoukhi,Al-Sadd,B,Qatar
Midfielder,Ahmed Al-Ganehi,Al-Gharafa,B,Qatar
Defender,Sultan Al-Brake,Al-Duhail,B,Qatar
Forward,Almoez Ali,Al-Duhail,B,Qatar
Midfielder,Ahmed Fathy,Al-Arabi,B,Qatar
Goalkeeper,Salah Zakaria,Al-Duhail,B,Qatar
Goalkeeper,Meshaal Barsham,Al-Sadd,B,Qatar
Midfielder,Assim Madibo,Al-Wakrah,B,Qatar
Forward,Tahsin Jamshid,Al-Duhail,B,Qatar
Defender,Al-Hashmi Al-Hussain,Al-Arabi,B,Qatar
Forward,Mohamed Manai,Al-Shamal,B,Qatar
Goalkeeper,Gregor Kobel,Borussia Dortmund,B,Switzerland
Defender,Miro Muheim,Hamburger SV,B,Switzerland
Defender,Silvan Widmer,Mainz 05,B,Switzerland
Defender,Nico Elvedi,Borussia Mönchengladbach,B,Switzerland
Defender,Manuel Akanji,Inter Milan,B,Switzerland
Midfielder,Denis Zakaria,Monaco,B,Switzerland
Forward,Breel Embolo,Rennes,B,Switzerland
Midfielder,Remo Freuler,Bologna,B,Switzerland
Midfielder,Johan Manzambi,SC Freiburg,B,Switzerland
Midfielder,Granit Xhaka,Sunderland,B,Switzerland
Forward,Dan Ndoye,Nottingham Forest,B,Switzerland
Goalkeeper,Yvon Mvogo,Lorient,B,Switzerland
Defender,Ricardo Rodriguez,Real Betis,B,Switzerland
Midfielder,Ardon Jashari,Milan,B,Switzerland
Midfielder,Djibril Sow,Sevilla,B,Switzerland
Forward,Christian Fassnacht,Young Boys,B,Switzerland
Forward,Rubén Vargas,Sevilla,B,Switzerland
Defender,Eray Cömert,Valencia,B,Switzerland
Forward,Noah Okafor,Leeds United,B,Switzerland
Midfielder,Michel Aebischer,Pisa,B,Switzerland
Goalkeeper,Marvin Keller,Young Boys,B,Switzerland
Midfielder,Fabian Rieder,FC Augsburg,B,Switzerland
Forward,Zeki Amdouni,Burnley,B,Switzerland
Defender,Aurèle Amenda,Eintracht Frankfurt,B,Switzerland
Defender,Luca Jaquez,VfB Stuttgart,B,Switzerland
Forward,Cedric Itten,Fortuna Düsseldorf,B,Switzerland
Goalkeeper,Alisson,Liverpool,C,Brazil
Midfielder,Éderson Silva,Atalanta,C,Brazil
Defender,Gabriel Magalhães,Arsenal,C,Brazil
Defender,Marquinhos,Paris Saint-Germain,C,Brazil
Midfielder,Casemiro,Manchester United,C,Brazil
Defender,Alex Sandro,Flamengo,C,Brazil
Forward,Vinícius Júnior,Real Madrid,C,Brazil
Midfielder,Bruno Guimarães,Newcastle United,C,Brazil
Forward,Matheus Cunha,Manchester United,C,Brazil
Forward,Neymar,Santos,C,Brazil
Forward,Raphinha,Barcelona,C,Brazil
Goalkeeper,Weverton,Grêmio,C,Brazil
Defender,Danilo Luiz,Flamengo,C,Brazil
Defender,Bremer,Juventus,C,Brazil
Defender,Léo Pereira,Flamengo,C,Brazil
Defender,Douglas Santos,Zenit Saint Petersburg,C,Brazil
Midfielder,Fabinho,Al-Ittihad,C,Brazil
Midfielder,Danilo Santos,Botafogo,C,Brazil
Forward,Endrick,Lyon,C,Brazil
Midfielder,Lucas Paquetá,Flamengo,C,Brazil
Forward,Luiz Henrique,Zenit Saint Petersburg,C,Brazil
Forward,Gabriel Martinelli,Arsenal,C,Brazil
Goalkeeper,Ederson Moraes,Fenerbahçe,C,Brazil
Defender,Roger Ibañez,Al-Ahli,C,Brazil
Forward,Igor Thiago,Brentford,C,Brazil
Forward,Rayan,Bournemouth,C,Brazil
Goalkeeper,Johny Placide,Bastia,C,Haiti
Defender,Carlens Arcus,Angers,C,Haiti
Defender,Keeto Thermoncy,Young Boys,C,Haiti
Defender,Ricardo Adé,LDU Quito,C,Haiti
Defender,Hannes Delcroix,Lugano,C,Haiti
Midfielder,Carl Sainté,El Paso Locomotive FC,C,Haiti
Forward,Derrick Etienne Jr.,Toronto FC,C,Haiti
Defender,Martin Expérience,Nancy,C,Haiti
Forward,Duckens Nazon,Esteghlal,C,Haiti
Midfielder,Jean-Ricner Bellegarde,Wolverhampton Wanderers,C,Haiti
Forward,Louicius Deedson,FC Dallas,C,Haiti
Goalkeeper,Alexandre Pierre,Sochaux,C,Haiti
Defender,Duke Lacroix,Colorado Springs Switchbacks FC,C,Haiti
Defender,Garven Metusala,Colorado Springs Switchbacks FC,C,Haiti
Forward,Ruben Providence,Almere City,C,Haiti
Forward,Lenny Joseph,Ferencváros,C,Haiti
Midfielder,Danley Jean Jacques,Philadelphia Union,C,Haiti
Forward,Wilson Isidor,Sunderland,C,Haiti
Forward,Yassin Fortuné,Vizela,C,Haiti
Forward,Frantzdy Pierrot,Çaykur Rizespor,C,Haiti
Forward,Josué Casimir,Auxerre,C,Haiti
Defender,Jean-Kévin Duverne,Gent,C,Haiti
Goalkeeper,Josué Duverger,Cosmos Koblenz,C,Haiti
Defender,Wilguens Paugain,Zulte Waregem,C,Haiti
Midfielder,Dominique Simon,Tatran Prešov,C,Haiti
Midfielder,Woodensky Pierre,Violette,C,Haiti
Goalkeeper,Yassine Bounou,Al-Hilal,C,Morocco
Defender,Achraf Hakimi,Paris Saint-Germain,C,Morocco
Defender,Noussair Mazraoui,Manchester United,C,Morocco
Midfielder,Sofyan Amrabat,Real Betis,C,Morocco
Defender,Marwane Saâdane,Al-Fateh,C,Morocco
Midfielder,Ayyoub Bouaddi,Lille,C,Morocco
Midfielder,Chemsdine Talbi,Sunderland,C,Morocco
Midfielder,Azzedine Ounahi,Girona,C,Morocco
Forward,Soufiane Rahimi,Al Ain,C,Morocco
Forward,Brahim Díaz,Real Madrid,C,Morocco
Midfielder,Ismael Saibari,PSV Eindhoven,C,Morocco
Goalkeeper,Munir Mohamedi,RS Berkane,C,Morocco
Defender,Zakaria El Ouahdi,Genk,C,Morocco
Defender,Issa Diop,Fulham,C,Morocco
Midfielder,Samir El Mourabet,Strasbourg,C,Morocco
Midfielder,Gessime Yassine,Strasbourg,C,Morocco
Forward,Amine Sbaï,Angers,C,Morocco
Defender,Chadi Riad,Crystal Palace,C,Morocco
Defender,Youssef Belammari,Al Ahly,C,Morocco
Forward,Ayoub El Kaabi,Olympiacos,C,Morocco
Forward,Ayoube Amaimouni,Eintracht Frankfurt,C,Morocco
Goalkeeper,Ahmed Reda Tagnaouti,AS FAR,C,Morocco
Midfielder,Bilal El Khannouss,VfB Stuttgart,C,Morocco
Midfielder,Neil El Aynaoui,Roma,C,Morocco
Defender,Redouane Halhal,Mechelen,C,Morocco
Defender,Anass Salah-Eddine,PSV Eindhoven,C,Morocco
Goalkeeper,Angus Gunn,Nottingham Forest,C,Scotland
Defender,Aaron Hickey,Brentford,C,Scotland
Defender,Andy Robertson,Liverpool,C,Scotland
Midfielder,Scott McTominay,Napoli,C,Scotland
Defender,Grant Hanley,Hibernian,C,Scotland
Defender,Kieran Tierney,Celtic,C,Scotland
Midfielder,John McGinn,Aston Villa,C,Scotland
Midfielder,Tyler Fletcher,Manchester United,C,Scotland
Forward,Lyndon Dykes,Charlton Athletic,C,Scotland
Forward,Ché Adams,Torino,C,Scotland
Midfielder,Ryan Christie,Bournemouth,C,Scotland
Goalkeeper,Liam Kelly,Rangers,C,Scotland
Defender,Jack Hendry,Al-Ettifaq,C,Scotland
Forward,Ross Stewart,Southampton,C,Scotland
Defender,John Souttar,Rangers,C,Scotland
Defender,Dominic Hyam,Wrexham,C,Scotland
Forward,Ben Gannon-Doak,Bournemouth,C,Scotland
Forward,George Hirst,Ipswich Town,C,Scotland
Midfielder,Lewis Ferguson,Bologna,C,Scotland
Forward,Lawrence Shankland,Heart of Midlothian,C,Scotland
Goalkeeper,Craig Gordon,Heart of Midlothian,C,Scotland
Defender,Nathan Patterson,Everton,C,Scotland
Midfielder,Kenny McLean,Norwich City,C,Scotland
Defender,Anthony Ralston,Celtic,C,Scotland
Forward,Findlay Curtis,Kilmarnock,C,Scotland
Defender,Scott McKenna,Dinamo Zagreb,C,Scotland
Goalkeeper,Mathew Ryan,Levante,D,Australia
Defender,Miloš Degenek,APOEL,D,Australia
Defender,Alessandro Circati,Parma,D,Australia
Defender,Jacob Italiano,Grazer AK,D,Australia
Defender,Jordan Bos,Feyenoord,D,Australia
Defender,Jason Geria,Albirex Niigata,D,Australia
Forward,Mathew Leckie,Melbourne City,D,Australia
Midfielder,Connor Metcalfe,FC St. Pauli,D,Australia
Forward,Mohamed Touré,Norwich City,D,Australia
Forward,Ajdin Hrustic,Heracles Almelo,D,Australia
Forward,Awer Mabil,Castellón,D,Australia
Goalkeeper,Paul Izzo,Randers,D,Australia
Midfielder,Aiden O'Neill,New York City FC,D,Australia
Midfielder,Cammy Devlin,Heart of Midlothian,D,Australia
Defender,Kai Trewin,New York City FC,D,Australia
Defender,Aziz Behich,Melbourne City,D,Australia
Forward,Nestory Irankunda,Watford,D,Australia
Goalkeeper,Patrick Beach,Melbourne City,D,Australia
Defender,Harry Souttar,Leicester City,D,Australia
Forward,Cristian Volpato,Sassuolo,D,Australia
Defender,Cameron Burgess,Swansea City,D,Australia
Midfielder,Jackson Irvine,FC St. Pauli,D,Australia
Forward,Nishan Velupillay,Melbourne Victory,D,Australia
Midfielder,Paul Okon-Engstler,Sydney FC,D,Australia
Defender,Lucas Herrington,Colorado Rapids,D,Australia
Forward,Tete Yengi,Machida Zelvia,D,Australia
Goalkeeper,Gatito Fernández,Cerro Porteño,D,Paraguay
Defender,Gustavo Velázquez,Cerro Porteño,D,Paraguay
Defender,Omar Alderete,Sunderland,D,Paraguay
Defender,Juan José Cáceres,Dynamo Moscow,D,Paraguay
Defender,Fabián Balbuena,Grêmio,D,Paraguay
Defender,Júnior Alonso,Atlético Mineiro,D,Paraguay
Midfielder,Ramón Sosa,Palmeiras,D,Paraguay
Midfielder,Diego Gómez,Brighton & Hove Albion,D,Paraguay
Forward,Antonio Sanabria,Cremonese,D,Paraguay
Midfielder,Miguel Almirón,Atlanta United FC,D,Paraguay
Midfielder,Maurício,Palmeiras,D,Paraguay
Goalkeeper,Orlando Gill,San Lorenzo,D,Paraguay
Defender,José Canale,Lanús,D,Paraguay
Midfielder,Andrés Cubas,Vancouver Whitecaps FC,D,Paraguay
Defender,Gustavo Gómez,Palmeiras,D,Paraguay
Midfielder,Damián Bobadilla,São Paulo,D,Paraguay
Forward,Kaku,Al Ain,D,Paraguay
Forward,Álex Arce,Independiente Rivadavia,D,Paraguay
Forward,Julio Enciso,Strasbourg,D,Paraguay
Midfielder,Braian Ojeda,Orlando City SC,D,Paraguay
Forward,Gabriel Ávalos,Independiente,D,Paraguay
Goalkeeper,Gastón Olveira,Olimpia,D,Paraguay
Midfielder,Matías Galarza,Atlanta United FC,D,Paraguay
Midfielder,Gustavo Caballero,Portsmouth,D,Paraguay
Forward,Isidro Pitta,Red Bull Bragantino,D,Paraguay
Defender,Alexandro Maidana,Talleres,D,Paraguay
Goalkeeper,Mert Günok,Fenerbahçe,D,Turkey
Defender,Zeki Çelik,Roma,D,Turkey
Defender,Merih Demiral,Al-Ahli,D,Turkey
Defender,Çağlar Söyüncü,Fenerbahçe,D,Turkey
Midfielder,Salih Özcan,Borussia Dortmund,D,Turkey
Midfielder,Orkun Kökçü,Beşiktaş,D,Turkey
Forward,Kerem Aktürkoğlu,Fenerbahçe,D,Turkey
Forward,Arda Güler,Real Madrid,D,Turkey
Forward,Deniz Gül,Porto,D,Turkey
Midfielder,Hakan Çalhanoğlu,Inter Milan,D,Turkey
Forward,Kenan Yıldız,Juventus,D,Turkey
Goalkeeper,Altay Bayındır,Manchester United,D,Turkey
Defender,Eren Elmalı,Galatasaray,D,Turkey
Defender,Abdülkerim Bardakcı,Galatasaray,D,Turkey
Defender,Ozan Kabak,TSG Hoffenheim,D,Turkey
Midfielder,İsmail Yüksek,Fenerbahçe,D,Turkey
Forward,İrfan Can Kahveci,Kasımpaşa,D,Turkey
Defender,Mert Müldür,Fenerbahçe,D,Turkey
Forward,Yunus Akgün,Galatasaray,D,Turkey
Defender,Ferdi Kadıoğlu,Brighton & Hove Albion,D,Turkey
Forward,Barış Alper Yılmaz,Galatasaray,D,Turkey
Midfielder,Kaan Ayhan,Galatasaray,D,Turkey
Goalkeeper,Uğurcan Çakır,Galatasaray,D,Turkey
Forward,Oğuz Aydın,Fenerbahçe,D,Turkey
Defender,Samet Akaydin,Çaykur Rizespor,D,Turkey
Forward,Can Uzun,Eintracht Frankfurt,D,Turkey
Goalkeeper,Matt Turner,New England Revolution,D,United States
Defender,Sergiño Dest,PSV Eindhoven,D,United States
Defender,Chris Richards,Crystal Palace,D,United States
Midfielder,Tyler Adams,Bournemouth,D,United States
Defender,Antonee Robinson,Fulham,D,United States
Defender,Auston Trusty,Celtic,D,United States
Midfielder,Giovanni Reyna,Borussia Mönchengladbach,D,United States
Midfielder,Weston McKennie,Juventus,D,United States
Forward,Ricardo Pepi,PSV Eindhoven,D,United States
Forward,Christian Pulisic,Milan,D,United States
Forward,Brenden Aaronson,Leeds United,D,United States
Defender,Miles Robinson,FC Cincinnati,D,United States
Defender,Tim Ream,Charlotte FC,D,United States
Midfielder,Sebastian Berhalter,Vancouver Whitecaps FC,D,United States
Midfielder,Cristian Roldan,Seattle Sounders FC,D,United States
Defender,Alex Freeman,Villarreal,D,United States
Midfielder,Malik Tillman,Bayer Leverkusen,D,United States
Defender,Max Arfsten,Columbus Crew,D,United States
Forward,Haji Wright,Coventry City,D,United States
Forward,Folarin Balogun,Monaco,D,United States
Forward,Timothy Weah,Marseille,D,United States
Defender,Mark McKenzie,Toulouse,D,United States
Defender,Joe Scally,Borussia Mönchengladbach,D,United States
Goalkeeper,Matt Freese,New York City FC,D,United States
Goalkeeper,Chris Brady,Chicago Fire FC,D,United States
Forward,Alejandro Zendejas,América,D,United States
Goalkeeper,Eloy Room,Miami FC,E,Curaçao
Defender,Shurandy Sambo,Sparta Rotterdam,E,Curaçao
Defender,Juriën Gaari,Abha,E,Curaçao
Defender,Roshon van Eijma,RKC Waalwijk,E,Curaçao
Defender,Sherel Floranus,PEC Zwolle,E,Curaçao
Midfielder,Godfried Roemeratoe,RKC Waalwijk,E,Curaçao
Midfielder,Juninho Bacuna,Volendam,E,Curaçao
Midfielder,Livano Comenencia,Zürich,E,Curaçao
Forward,Jürgen Locadia,Miami FC,E,Curaçao
Midfielder,Leandro Bacuna,Iğdır,E,Curaçao
Forward,Jeremy Antonisse,Kifisia,E,Curaçao
Forward,Sontje Hansen,Middlesbrough,E,Curaçao
Forward,Tyrese Noslin,Telstar,E,Curaçao
Forward,Kenji Gorré,Maccabi Haifa,E,Curaçao
Midfielder,Ar'jany Martha,Rotherham United,E,Curaçao
Forward,Jearl Margaritha,Beveren,E,Curaçao
Forward,Brandley Kuwas,Volendam,E,Curaçao
Defender,Armando Obispo,PSV Eindhoven,E,Curaçao
Forward,Gervane Kastaneer,Terengganu,E,Curaçao
Defender,Joshua Brenet,Kayserispor,E,Curaçao
Midfielder,Tahith Chong,Sheffield United,E,Curaçao
Midfielder,Kevin Felida,Den Bosch,E,Curaçao
Defender,Riechedly Bazoer,Konyaspor,E,Curaçao
Defender,Deveron Fonville,NEC,E,Curaçao
Goalkeeper,Tyrick Bodak,Telstar,E,Curaçao
Goalkeeper,Trevor Doornbusch,VVV-Venlo,E,Curaçao
Goalkeeper,Hernán Galíndez,Huracán,E,Ecuador
Defender,Félix Torres,Internacional,E,Ecuador
Defender,Piero Hincapié,Arsenal,E,Ecuador
Defender,Joel Ordóñez,Club Brugge,E,Ecuador
Midfielder,Jordy Alcívar,Independiente del Valle,E,Ecuador
Defender,Willian Pacho,Paris Saint-Germain,E,Ecuador
Defender,Pervis Estupiñán,Milan,E,Ecuador
Midfielder,Anthony Valencia,Antwerp,E,Ecuador
Forward,John Yeboah,Venezia,E,Ecuador
Midfielder,Kendry Páez,River Plate,E,Ecuador
Forward,Kevin Rodríguez,Union Saint-Gilloise,E,Ecuador
Goalkeeper,Moisés Ramírez,Kifisia,E,Ecuador
Forward,Enner Valencia,Pachuca,E,Ecuador
Midfielder,Alan Minda,Atlético Mineiro,E,Ecuador
Midfielder,Pedro Vite,Pumas UNAM,E,Ecuador
Forward,Jordy Caicedo,Huracán,E,Ecuador
Defender,Ángelo Preciado,Atlético Mineiro,E,Ecuador
Midfielder,Denil Castillo,Midtjylland,E,Ecuador
Forward,Gonzalo Plata,Flamengo,E,Ecuador
Forward,Nilson Angulo,Sunderland,E,Ecuador
Midfielder,Alan Franco,Atlético Mineiro,E,Ecuador
Goalkeeper,Gonzalo Valle,LDU Quito,E,Ecuador
Midfielder,Moisés Caicedo,Chelsea,E,Ecuador
Forward,Jeremy Arévalo,VfB Stuttgart,E,Ecuador
Defender,Jackson Porozo,Tijuana,E,Ecuador
Defender,Yaimar Medina,Genk,E,Ecuador
Goalkeeper,Manuel Neuer,Bayern Munich,E,Germany
Defender,Antonio Rüdiger,Real Madrid,E,Germany
Defender,Waldemar Anton,Borussia Dortmund,E,Germany
Defender,Jonathan Tah,Bayern Munich,E,Germany
Midfielder,Aleksandar Pavlović,Bayern Munich,E,Germany
Defender,Joshua Kimmich,Bayern Munich,E,Germany
Forward,Kai Havertz,Arsenal,E,Germany
Midfielder,Leon Goretzka,Bayern Munich,E,Germany
Midfielder,Jamie Leweling,VfB Stuttgart,E,Germany
Midfielder,Jamal Musiala,Bayern Munich,E,Germany
Forward,Nick Woltemade,Newcastle United,E,Germany
Goalkeeper,Oliver Baumann,TSG Hoffenheim,E,Germany
Midfielder,Pascal Groß,Brighton & Hove Albion,E,Germany
Forward,Maximilian Beier,Borussia Dortmund,E,Germany
Defender,Nico Schlotterbeck,Borussia Dortmund,E,Germany
Midfielder,Angelo Stiller,VfB Stuttgart,E,Germany
Midfielder,Florian Wirtz,Liverpool,E,Germany
Defender,Nathaniel Brown,Eintracht Frankfurt,E,Germany
Midfielder,Leroy Sané,Galatasaray,E,Germany
Midfielder,Nadiem Amiri,Mainz 05,E,Germany
Goalkeeper,Alexander Nübel,VfB Stuttgart,E,Germany
Defender,David Raum,RB Leipzig,E,Germany
Midfielder,Felix Nmecha,Borussia Dortmund,E,Germany
Defender,Malick Thiaw,Newcastle United,E,Germany
Midfielder,Assan Ouédraogo,RB Leipzig,E,Germany
Forward,Deniz Undav,VfB Stuttgart,E,Germany
Goalkeeper,Yahia Fofana,Çaykur Rizespor,E,Ivory Coast
Defender,Ousmane Diomande,Sporting CP,E,Ivory Coast
Defender,Ghislain Konan,Gil Vicente,E,Ivory Coast
Midfielder,Jean Michaël Seri,Maribor,E,Ivory Coast
Defender,Wilfried Singo,Galatasaray,E,Ivory Coast
Midfielder,Seko Fofana,Porto,E,Ivory Coast
Defender,Odilon Kossounou,Atalanta,E,Ivory Coast
Midfielder,Franck Kessié,Al-Ahli,E,Ivory Coast
Forward,Ange-Yoan Bonny,Inter Milan,E,Ivory Coast
Forward,Simon Adingra,Monaco,E,Ivory Coast
Forward,Yan Diomande,RB Leipzig,E,Ivory Coast
Forward,Elye Wahi,Nice,E,Ivory Coast
Defender,Christopher Opéri,İstanbul Başakşehir,E,Ivory Coast
Forward,Oumar Diakité,Cercle Brugge,E,Ivory Coast
Forward,Amad Diallo,Manchester United,E,Ivory Coast
Goalkeeper,Mohamed Koné,Charleroi,E,Ivory Coast
Defender,Guéla Doué,Strasbourg,E,Ivory Coast
Midfielder,Ibrahim Sangaré,Nottingham Forest,E,Ivory Coast
Forward,Nicolas Pépé,Villarreal,E,Ivory Coast
Defender,Emmanuel Agbadou,Beşiktaş,E,Ivory Coast
Defender,Evan Ndicka,Roma,E,Ivory Coast
Forward,Evann Guessand,Crystal Palace,E,Ivory Coast
Goalkeeper,Alban Lafont,Panathinaikos,E,Ivory Coast
Forward,Bazoumana Touré,TSG Hoffenheim,E,Ivory Coast
Midfielder,Parfait Guiagon,Charleroi,E,Ivory Coast
Midfielder,Christ Inao Oulaï,Trabzonspor,E,Ivory Coast
Goalkeeper,Zion Suzuki,Parma,F,Japan
Defender,Yukinari Sugawara,Werder Bremen,F,Japan
Defender,Shōgo Taniguchi,Sint-Truiden,F,Japan
Defender,Kō Itakura,Ajax,F,Japan
Defender,Yūto Nagatomo,FC Tokyo,F,Japan
Forward,Shūto Machino,Borussia Mönchengladbach,F,Japan
Midfielder,Ao Tanaka,Leeds United,F,Japan
Midfielder,Takefusa Kubo,Real Sociedad,F,Japan
Forward,Keisuke Gotō,Sint-Truiden,F,Japan
Midfielder,Ritsu Dōan,Eintracht Frankfurt,F,Japan
Midfielder,Daizen Maeda,Celtic,F,Japan
Goalkeeper,Keisuke Ōsako,Sanfrecce Hiroshima,F,Japan
Midfielder,Keito Nakamura,Reims,F,Japan
Midfielder,Junya Itō,Genk,F,Japan
Midfielder,Daichi Kamada,Crystal Palace,F,Japan
Defender,Tsuyoshi Watanabe,Feyenoord,F,Japan
Midfielder,Yuito Suzuki,SC Freiburg,F,Japan
Forward,Ayase Ueda,Feyenoord,F,Japan
Forward,Kōki Ogawa,NEC,F,Japan
Defender,Ayumu Seko,Le Havre,F,Japan
Defender,Hiroki Itō,Bayern Munich,F,Japan
Defender,Takehiro Tomiyasu,Ajax,F,Japan
Goalkeeper,Tomoki Hayakawa,Kashima Antlers,F,Japan
Midfielder,Kaishū Sano,Mainz 05,F,Japan
Defender,Junnosuke Suzuki,Copenhagen,F,Japan
Forward,Kento Shiogai,VfL Wolfsburg,F,Japan
Goalkeeper,Bart Verbruggen,Brighton & Hove Albion,F,Netherlands
Defender,Lutsharel Geertruida,Sunderland,F,Netherlands
Midfielder,Marten de Roon,Atalanta,F,Netherlands
Defender,Virgil van Dijk,Liverpool,F,Netherlands
Defender,Nathan Aké,Manchester City,F,Netherlands
Defender,Jan Paul van Hecke,Brighton & Hove Albion,F,Netherlands
Midfielder,Justin Kluivert,Bournemouth,F,Netherlands
Midfielder,Ryan Gravenberch,Liverpool,F,Netherlands
Forward,Wout Weghorst,Ajax,F,Netherlands
Forward,Memphis Depay,Corinthians,F,Netherlands
Forward,Cody Gakpo,Liverpool,F,Netherlands
Defender,Mats Wieffer,Brighton & Hove Albion,F,Netherlands
Goalkeeper,Robin Roefs,Sunderland,F,Netherlands
Midfielder,Tijjani Reijnders,Manchester City,F,Netherlands
Defender,Micky van de Ven,Tottenham Hotspur,F,Netherlands
Midfielder,Guus Til,PSV Eindhoven,F,Netherlands
Forward,Noa Lang,Galatasaray,F,Netherlands
Forward,Donyell Malen,Roma,F,Netherlands
Forward,Brian Brobbey,Sunderland,F,Netherlands
Midfielder,Teun Koopmeiners,Juventus,F,Netherlands
Midfielder,Frenkie de Jong,Barcelona,F,Netherlands
Defender,Denzel Dumfries,Inter Milan,F,Netherlands
Goalkeeper,Mark Flekken,Bayer Leverkusen,F,Netherlands
Forward,Crysencio Summerville,West Ham United,F,Netherlands
Defender,Jorrel Hato,Chelsea,F,Netherlands
Midfielder,Quinten Timber,Marseille,F,Netherlands
Goalkeeper,Jacob Widell Zetterström,Derby County,F,Sweden
Defender,Gustaf Lagerbielke,Braga,F,Sweden
Defender,Victor Lindelöf,Aston Villa,F,Sweden
Defender,Isak Hien,Atalanta,F,Sweden
Defender,Gabriel Gudmundsson,Leeds United,F,Sweden
Defender,Herman Johansson,FC Dallas,F,Sweden
Midfielder,Lucas Bergvall,Tottenham Hotspur,F,Sweden
Defender,Daniel Svensson,Borussia Dortmund,F,Sweden
Forward,Alexander Isak,Liverpool,F,Sweden
Midfielder,Benjamin Nygren,Celtic,F,Sweden
Forward,Anthony Elanga,Newcastle United,F,Sweden
Goalkeeper,Viktor Johansson,Stoke City,F,Sweden
Midfielder,Ken Sema,Pafos,F,Sweden
Defender,Hjalmar Ekdal,Burnley,F,Sweden
Defender,Carl Starfelt,Celta Vigo,F,Sweden
Midfielder,Jesper Karlström,Udinese,F,Sweden
Forward,Viktor Gyökeres,Arsenal,F,Sweden
Midfielder,Yasin Ayari,Brighton & Hove Albion,F,Sweden
Midfielder,Mattias Svanberg,VfL Wolfsburg,F,Sweden
Defender,Eric Smith,FC St. Pauli,F,Sweden
Defender,Alexander Bernhardsson,Holstein Kiel,F,Sweden
Midfielder,Besfort Zeneli,Union Saint-Gilloise,F,Sweden
Goalkeeper,Kristoffer Nordfeldt,AIK,F,Sweden
Defender,Elliot Stroud,Mjällby AIF,F,Sweden
Forward,Gustaf Nilsson,Club Brugge,F,Sweden
Forward,Taha Ali,Malmö FF,F,Sweden
Goalkeeper,Mouhib Chamakh,Club Africain,F,Tunisia
Defender,Ali Abdi,Nice,F,Tunisia
Defender,Montassar Talbi,Lorient,F,Tunisia
Defender,Omar Rekik,Maribor,F,Tunisia
Defender,Adem Arous,Kasımpaşa,F,Tunisia
Defender,Dylan Bronn,Servette,F,Tunisia
Forward,Elias Achouri,Copenhagen,F,Tunisia
Forward,Elias Saad,Hannover 96,F,Tunisia
Forward,Hazem Mastouri,Dynamo Makhachkala,F,Tunisia
Midfielder,Hannibal Mejbri,Burnley,F,Tunisia
Midfielder,Ismaël Gharbi,FC Augsburg,F,Tunisia
Defender,Mortadha Ben Ouanes,Kasımpaşa,F,Tunisia
Midfielder,Rani Khedira,Union Berlin,F,Tunisia
Midfielder,Khalil Ayari,Paris Saint-Germain,F,Tunisia
Midfielder,Hadj Mahmoud,Lugano,F,Tunisia
Goalkeeper,Aymen Dahmen,CS Sfaxien,F,Tunisia
Midfielder,Ellyes Skhiri,Eintracht Frankfurt,F,Tunisia
Forward,Rayan Elloumi,Vancouver Whitecaps FC,F,Tunisia
Forward,Firas Chaouat,Club Africain,F,Tunisia
Defender,Yan Valery,Young Boys,F,Tunisia
Defender,Mohamed Amine Ben Hamida,Espérance de Tunis,F,Tunisia
Goalkeeper,Sabri Ben Hessen,Étoile du Sahel,F,Tunisia
Defender,Moutaz Neffati,IFK Norrköping,F,Tunisia
Defender,Raed Chikhaoui,US Monastir,F,Tunisia
Midfielder,Anis Ben Slimane,Norwich City,F,Tunisia
Midfielder,Sebastian Tounekti,Celtic,F,Tunisia
Goalkeeper,Thibaut Courtois,Real Madrid,G,Belgium
Defender,Zeno Debast,Sporting CP,G,Belgium
Defender,Arthur Theate,Eintracht Frankfurt,G,Belgium
Defender,Brandon Mechele,Club Brugge,G,Belgium
Defender,Maxim De Cuyper,Brighton & Hove Albion,G,Belgium
Midfielder,Axel Witsel,Girona,G,Belgium
Midfielder,Kevin De Bruyne,Napoli,G,Belgium
Midfielder,Youri Tielemans,Aston Villa,G,Belgium
Forward,Romelu Lukaku,Napoli,G,Belgium
Forward,Leandro Trossard,Arsenal,G,Belgium
Forward,Jérémy Doku,Manchester City,G,Belgium
Goalkeeper,Senne Lammens,Manchester United,G,Belgium
Goalkeeper,Mike Penders,Strasbourg,G,Belgium
Forward,Dodi Lukébakio,Benfica,G,Belgium
Defender,Thomas Meunier,Lille,G,Belgium
Defender,Koni De Winter,Milan,G,Belgium
Forward,Charles De Ketelaere,Atalanta,G,Belgium
Defender,Joaquin Seys,Club Brugge,G,Belgium
Midfielder,Diego Moreira,Strasbourg,G,Belgium
Midfielder,Hans Vanaken,Club Brugge,G,Belgium
Defender,Timothy Castagne,Fulham,G,Belgium
Midfielder,Alexis Saelemaekers,Milan,G,Belgium
Midfielder,Nicolas Raskin,Rangers,G,Belgium
Midfielder,Amadou Onana,Aston Villa,G,Belgium
Defender,Nathan Ngoy,Lille,G,Belgium
Forward,Matias Fernandez-Pardo,Lille,G,Belgium
Goalkeeper,Mohamed El Shenawy,Al Ahly,G,Egypt
Defender,Yasser Ibrahim,Al Ahly,G,Egypt
Defender,Mohamed Hany,Al Ahly,G,Egypt
Defender,Hossam Abdelmaguid,Zamalek,G,Egypt
Defender,Ramy Rabia,Al Ain,G,Egypt
Defender,Mohamed Abdelmonem,Nice,G,Egypt
Forward,Trézéguet,Al Ahly,G,Egypt
Midfielder,Emam Ashour,Al Ahly,G,Egypt
Forward,Hamza Abdelkarim,Barcelona B,G,Egypt
Forward,Mohamed Salah,Liverpool,G,Egypt
Midfielder,Mostafa Ziko,Pyramids,G,Egypt
Forward,Haissem Hassan,Oviedo,G,Egypt
Defender,Ahmed Fatouh,Zamalek,G,Egypt
Midfielder,Hamdy Fathy,Al-Wakrah,G,Egypt
Defender,Karim Hafez,Pyramids,G,Egypt
Goalkeeper,El Mahdy Soliman,Zamalek,G,Egypt
Midfielder,Mohanad Lasheen,Pyramids,G,Egypt
Midfielder,Nabil Emad,Al-Najma,G,Egypt
Midfielder,Marwan Attia,Al Ahly,G,Egypt
Forward,Ibrahim Adel,Nordsjælland,G,Egypt
Midfielder,Mahmoud Saber,ZED,G,Egypt
Forward,Omar Marmoush,Manchester City,G,Egypt
Goalkeeper,Mostafa Shobeir,Al Ahly,G,Egypt
Defender,Tarek Alaa,ZED,G,Egypt
Forward,Zizo,Al Ahly,G,Egypt
Goalkeeper,Mohamed Alaa,El Gouna,G,Egypt
Goalkeeper,Alireza Beiranvand,Tractor,G,Iran
Defender,Saleh Hardani,Esteghlal,G,Iran
Defender,Ehsan Hajsafi,Sepahan,G,Iran
Defender,Shojae Khalilzadeh,Tractor,G,Iran
Defender,Milad Mohammadi,Persepolis,G,Iran
Midfielder,Saeid Ezatolahi,Shabab Al Ahli,G,Iran
Midfielder,Alireza Jahanbakhsh,Dender,G,Iran
Midfielder,Mohammad Mohebi,Rostov,G,Iran
Forward,Mehdi Taremi,Olympiacos,G,Iran
Forward,Mehdi Ghayedi,Al Nasr,G,Iran
Forward,Ali Alipour,Persepolis,G,Iran
Goalkeeper,Payam Niazmand,Persepolis,G,Iran
Defender,Hossein Kanaanizadegan,Persepolis,G,Iran
Midfielder,Saman Ghoddos,Kalba,G,Iran
Midfielder,Rouzbeh Cheshmi,Esteghlal,G,Iran
Midfielder,Mahdi Torabi,Tractor,G,Iran
Defender,Arya Yousefi,Sepahan,G,Iran
Forward,Amirhossein Hosseinzadeh,Tractor,G,Iran
Defender,Ali Nemati,Foolad,G,Iran
Forward,Shahriyar Moghanlou,Kalba,G,Iran
Midfielder,Mohammad Ghorbani,Al Wahda,G,Iran
Goalkeeper,Hossein Hosseini,Sepahan,G,Iran
Defender,Ramin Rezaeian,Foolad,G,Iran
Forward,Dennis Eckert,Standard Liège,G,Iran
Defender,Danial Eiri,Malavan,G,Iran
Midfielder,Amirmohammad Razzaghinia,Esteghlal,G,Iran
Goalkeeper,Max Crocombe,Millwall,G,New Zealand
Defender,Tim Payne,Wellington Phoenix,G,New Zealand
Defender,Francis de Vries,Auckland FC,G,New Zealand
Defender,Tyler Bindon,Sheffield United,G,New Zealand
Defender,Michael Boxall,Minnesota United FC,G,New Zealand
Midfielder,Joe Bell,Viking,G,New Zealand
Forward,Logan Rogerson,Auckland FC,G,New Zealand
Midfielder,Marko Stamenić,Swansea City,G,New Zealand
Forward,Chris Wood,Nottingham Forest,G,New Zealand
Midfielder,Sarpreet Singh,Wellington Phoenix,G,New Zealand
Midfielder,Elijah Just,Motherwell,G,New Zealand
Goalkeeper,Alex Paulsen,Lechia Gdańsk,G,New Zealand
Defender,Liberato Cacace,Wrexham,G,New Zealand
Midfielder,Alex Rufer,Wellington Phoenix,G,New Zealand
Defender,Nando Pijnaker,Auckland FC,G,New Zealand
Defender,Finn Surman,Portland Timbers,G,New Zealand
Forward,Kosta Barbarouses,Western Sydney Wanderers,G,New Zealand
Forward,Ben Waine,Port Vale,G,New Zealand
Midfielder,Ben Old,Saint-Étienne,G,New Zealand
Midfielder,Callum McCowatt,Silkeborg,G,New Zealand
Forward,Jesse Randall,Auckland FC,G,New Zealand
Goalkeeper,Michael Woud,Auckland FC,G,New Zealand
Midfielder,Ryan Thomas,PEC Zwolle,G,New Zealand
Defender,Callan Elliot,Auckland FC,G,New Zealand
Midfielder,Lachlan Bayliss,Newcastle Jets,G,New Zealand
Defender,Tommy Smith,Braintree Town,G,New Zealand
Goalkeeper,Vozinha,Chaves,H,Cape Verde
Defender,Stopira,Torreense,H,Cape Verde
Defender,Diney,Al Bataeh,H,Cape Verde
Defender,Pico,Shamrock Rovers,H,Cape Verde
Defender,Logan Costa,Villarreal,H,Cape Verde
Midfielder,Kevin Pina,Krasnodar,H,Cape Verde
Midfielder,Jovane Cabral,Estrela Amadora,H,Cape Verde
Midfielder,João Paulo,FCSB,H,Cape Verde
Forward,Gilson Benchimol,Akron Tolyatti,H,Cape Verde
Midfielder,Jamiro Monteiro,PEC Zwolle,H,Cape Verde
Midfielder,Garry Rodrigues,Apollon Limassol,H,Cape Verde
Goalkeeper,Márcio Rosa,Montana,H,Cape Verde
Defender,Sidny Lopes Cabral,Benfica,H,Cape Verde
Midfielder,Deroy Duarte,Ludogorets Razgrad,H,Cape Verde
Midfielder,Laros Duarte,Puskás Akadémia,H,Cape Verde
Midfielder,Yannick Semedo,Farense,H,Cape Verde
Midfielder,Willy Semedo,Omonia,H,Cape Verde
Midfielder,Telmo Arcanjo,Vitória de Guimarães,H,Cape Verde
Forward,Dailon Livramento,Casa Pia,H,Cape Verde
Forward,Ryan Mendes,Iğdır,H,Cape Verde
Midfielder,Nuno da Costa,İstanbul Başakşehir,H,Cape Verde
Defender,Steven Moreira,Columbus Crew,H,Cape Verde
Goalkeeper,CJ dos Santos,San Diego FC,H,Cape Verde
Defender,Wagner Pina,Trabzonspor,H,Cape Verde
Defender,Kelvin Pires,SJK,H,Cape Verde
Midfielder,Hélio Varela,Maccabi Tel Aviv,H,Cape Verde
Goalkeeper,Nawaf Al-Aqidi,Al-Nassr,H,Saudi Arabia
Defender,Ali Majrashi,Al-Ahli,H,Saudi Arabia
Defender,Ali Lajami,Al-Hilal,H,Saudi Arabia
Defender,Abdulelah Al-Amri,Al-Nassr,H,Saudi Arabia
Defender,Hassan Al-Tambakti,Al-Hilal,H,Saudi Arabia
Midfielder,Nasser Al-Dawsari,Al-Hilal,H,Saudi Arabia
Midfielder,Musab Al-Juwayr,Al-Qadsiah,H,Saudi Arabia
Forward,Ayman Yahya,Al-Nassr,H,Saudi Arabia
Forward,Firas Al-Buraikan,Al-Ahli,H,Saudi Arabia
Forward,Salem Al-Dawsari,Al-Hilal,H,Saudi Arabia
Forward,Saleh Al-Shehri,Al-Ittihad,H,Saudi Arabia
Defender,Saud Abdulhamid,Lens,H,Saudi Arabia
Defender,Nawaf Boushal,Al-Nassr,H,Saudi Arabia
Defender,Hassan Kadesh,Al-Ittihad,H,Saudi Arabia
Midfielder,Abdullah Al-Khaibari,Al-Nassr,H,Saudi Arabia
Midfielder,Ziyad Al-Johani,Al-Ahli,H,Saudi Arabia
Forward,Khalid Al-Ghannam,Al-Ettifaq,H,Saudi Arabia
Midfielder,Alaa Al-Hejji,Neom,H,Saudi Arabia
Forward,Abdullah Al-Hamdan,Al-Nassr,H,Saudi Arabia
Forward,Sultan Mandash,Al-Hilal,H,Saudi Arabia
Goalkeeper,Mohammed Al-Owais,Al-Ula,H,Saudi Arabia
Goalkeeper,Ahmed Al-Kassar,Al-Qadsiah,H,Saudi Arabia
Midfielder,Mohamed Kanno,Al-Hilal,H,Saudi Arabia
Defender,Moteb Al-Harbi,Al-Hilal,H,Saudi Arabia
Defender,Jehad Thakri,Al-Qadsiah,H,Saudi Arabia
Defender,Mohammed Abu Al-Shamat,Al-Qadsiah,H,Saudi Arabia
Goalkeeper,David Raya,Arsenal,H,Spain
Defender,Marc Pubill,Atlético Madrid,H,Spain
Defender,Álex Grimaldo,Bayer Leverkusen,H,Spain
Defender,Eric García,Barcelona,H,Spain
Defender,Marcos Llorente,Atlético Madrid,H,Spain
Midfielder,Mikel Merino,Arsenal,H,Spain
Forward,Ferran Torres,Barcelona,H,Spain
Midfielder,Fabián Ruiz,Paris Saint-Germain,H,Spain
Midfielder,Gavi,Barcelona,H,Spain
Forward,Dani Olmo,Barcelona,H,Spain
Forward,Yéremy Pino,Crystal Palace,H,Spain
Defender,Pedro Porro,Tottenham Hotspur,H,Spain
Goalkeeper,Joan Garcia,Barcelona,H,Spain
Defender,Aymeric Laporte,Athletic Bilbao,H,Spain
Midfielder,Álex Baena,Atlético Madrid,H,Spain
Midfielder,Rodri,Manchester City,H,Spain
Forward,Nico Williams,Athletic Bilbao,H,Spain
Midfielder,Martín Zubimendi,Arsenal,H,Spain
Forward,Lamine Yamal,Barcelona,H,Spain
Midfielder,Pedri,Barcelona,H,Spain
Forward,Mikel Oyarzabal,Real Sociedad,H,Spain
Defender,Pau Cubarsí,Barcelona,H,Spain
Goalkeeper,Unai Simón,Athletic Bilbao,H,Spain
Defender,Marc Cucurella,Chelsea,H,Spain
Forward,Víctor Muñoz,Osasuna,H,Spain
Forward,Borja Iglesias,Celta Vigo,H,Spain
Goalkeeper,Sergio Rochet,Internacional,H,Uruguay
Defender,José María Giménez,Atlético Madrid,H,Uruguay
Defender,Sebastián Cáceres,América,H,Uruguay
Defender,Ronald Araújo,Barcelona,H,Uruguay
Midfielder,Manuel Ugarte,Manchester United,H,Uruguay
Midfielder,Rodrigo Bentancur,Tottenham Hotspur,H,Uruguay
Midfielder,Nicolás de la Cruz,Flamengo,H,Uruguay
Midfielder,Federico Valverde,Real Madrid,H,Uruguay
Forward,Darwin Núñez,Al-Hilal,H,Uruguay
Midfielder,Giorgian de Arrascaeta,Flamengo,H,Uruguay
Forward,Facundo Pellistri,Panathinaikos,H,Uruguay
Goalkeeper,Santiago Mele,Monterrey,H,Uruguay
Defender,Guillermo Varela,Flamengo,H,Uruguay
Midfielder,Agustín Canobbio,Fluminense,H,Uruguay
Midfielder,Emiliano Martínez,Palmeiras,H,Uruguay
Defender,Mathías Olivera,Napoli,H,Uruguay
Defender,Matías Viña,River Plate,H,Uruguay
Forward,Brian Rodríguez,América,H,Uruguay
Forward,Rodrigo Aguirre,Tigres UANL,H,Uruguay
Midfielder,Maximiliano Araújo,Sporting CP,H,Uruguay
Forward,Federico Viñas,Oviedo,H,Uruguay
Midfielder,Joaquín Piquerez,Palmeiras,H,Uruguay
Goalkeeper,Fernando Muslera,Estudiantes,H,Uruguay
Defender,Santiago Bueno,Wolverhampton Wanderers,H,Uruguay
Midfielder,Juan Manuel Sanabria,Real Salt Lake,H,Uruguay
Midfielder,Rodrigo Zalazar,Braga,H,Uruguay
Goalkeeper,Brice Samba,Rennes,I,France
Defender,Malo Gusto,Chelsea,I,France
Defender,Lucas Digne,Aston Villa,I,France
Defender,Dayot Upamecano,Bayern Munich,I,France
Defender,Jules Koundé,Barcelona,I,France
Midfielder,Manu Koné,Roma,I,France
Forward,Ousmane Dembélé,Paris Saint-Germain,I,France
Midfielder,Aurélien Tchouaméni,Real Madrid,I,France
Forward,Marcus Thuram,Inter Milan,I,France
Forward,Kylian Mbappé,Real Madrid,I,France
Forward,Michael Olise,Bayern Munich,I,France
Forward,Bradley Barcola,Paris Saint-Germain,I,France
Midfielder,N'Golo Kanté,Fenerbahçe,I,France
Midfielder,Adrien Rabiot,Milan,I,France
Defender,Ibrahima Konaté,Liverpool,I,France
Goalkeeper,Mike Maignan,Milan,I,France
Defender,William Saliba,Arsenal,I,France
Midfielder,Warren Zaïre-Emery,Paris Saint-Germain,I,France
Defender,Théo Hernandez,Al-Hilal,I,France
Forward,Désiré Doué,Paris Saint-Germain,I,France
Defender,Lucas Hernandez,Paris Saint-Germain,I,France
Forward,Jean-Philippe Mateta,Crystal Palace,I,France
Goalkeeper,Robin Risser,Lens,I,France
Midfielder,Rayan Cherki,Manchester City,I,France
Midfielder,Maghnes Akliouche,Monaco,I,France
Defender,Maxence Lacroix,Crystal Palace,I,France
Goalkeeper,Fahad Talib,Al-Talaba,I,Iraq
Defender,Rebin Sulaka,Port,I,Iraq
Defender,Hussein Ali,Pogoń Szczecin,I,Iraq
Defender,Zaid Tahseen,Pakhtakor,I,Iraq
Defender,Akam Hashim,Al-Zawraa,I,Iraq
Defender,Munaf Younis,Al-Shorta,I,Iraq
Midfielder,Youssef Amyn,AEK Larnaca,I,Iraq
Midfielder,Ibrahim Bayesh,Al Dhafra,I,Iraq
Forward,Ali Al-Hamadi,Luton Town,I,Iraq
Forward,Mohanad Ali,Dibba,I,Iraq
Forward,Ahmed Qasem,Nashville SC,I,Iraq
Goalkeeper,Jalal Hassan,Al-Zawraa,I,Iraq
Forward,Ali Yousif,Al-Talaba,I,Iraq
Midfielder,Zidane Iqbal,Utrecht,I,Iraq
Defender,Ahmed Maknzi,Al-Karma,I,Iraq
Midfielder,Amir Al-Ammari,Cracovia,I,Iraq
Forward,Ali Jasim,Al-Najma,I,Iraq
Forward,Aymen Hussein,Al-Karma,I,Iraq
Midfielder,Kevin Yakob,AGF,I,Iraq
Midfielder,Aimar Sher,Sarpsborg 08,I,Iraq
Forward,Marko Farji,Venezia,I,Iraq
Goalkeeper,Ahmed Basil,Al-Shorta,I,Iraq
Defender,Merchas Doski,Viktoria Plzeň,I,Iraq
Midfielder,Zaid Ismail,Al-Talaba,I,Iraq
Defender,Mustafa Saadoon,Al-Shorta,I,Iraq
Defender,Frans Putros,Persib,I,Iraq
Goalkeeper,Ørjan Nyland,Sevilla,I,Norway
Midfielder,Morten Thorsby,Cremonese,I,Norway
Defender,Kristoffer Ajer,Brentford,I,Norway
Defender,Leo Østigård,Genoa,I,Norway
Defender,David Møller Wolfe,Wolverhampton Wanderers,I,Norway
Midfielder,Patrick Berg,Bodø/Glimt,I,Norway
Forward,Alexander Sørloth,Atlético Madrid,I,Norway
Midfielder,Sander Berge,Fulham,I,Norway
Forward,Erling Haaland,Manchester City,I,Norway
Midfielder,Martin Ødegaard,Arsenal,I,Norway
Forward,Jørgen Strand Larsen,Crystal Palace,I,Norway
Goalkeeper,Sander Tangvik,Hamburger SV,I,Norway
Goalkeeper,Egil Selvik,Watford,I,Norway
Midfielder,Fredrik Aursnes,Benfica,I,Norway
Defender,Fredrik André Bjørkan,Bodø/Glimt,I,Norway
Defender,Marcus Holmgren Pedersen,Torino,I,Norway
Defender,Torbjørn Heggem,Bologna,I,Norway
Midfielder,Kristian Thorstvedt,Sassuolo,I,Norway
Midfielder,Thelo Aasgaard,Rangers,I,Norway
Midfielder,Antonio Nusa,RB Leipzig,I,Norway
Midfielder,Andreas Schjelderup,Benfica,I,Norway
Midfielder,Oscar Bobb,Fulham,I,Norway
Midfielder,Jens Petter Hauge,Bodø/Glimt,I,Norway
Defender,Sondre Langås,Derby County,I,Norway
Defender,Henrik Falchener,Viking,I,Norway
Defender,Julian Ryerson,Borussia Dortmund,I,Norway
Goalkeeper,Yehvann Diouf,Nice,I,Senegal
Defender,Mamadou Sarr,Chelsea,I,Senegal
Defender,Kalidou Koulibaly,Al-Hilal,I,Senegal
Defender,Abdoulaye Seck,Maccabi Haifa,I,Senegal
Midfielder,Idrissa Gueye,Everton,I,Senegal
Midfielder,Pathé Ciss,Rayo Vallecano,I,Senegal
Forward,Assane Diao,Como,I,Senegal
Midfielder,Lamine Camara,Monaco,I,Senegal
Forward,Bamba Dieng,Lorient,I,Senegal
Forward,Sadio Mané,Al-Nassr,I,Senegal
Forward,Nicolas Jackson,Bayern Munich,I,Senegal
Forward,Cherif Ndiaye,Samsunspor,I,Senegal
Forward,Iliman Ndiaye,Everton,I,Senegal
Defender,Ismail Jakobs,Galatasaray,I,Senegal
Defender,Krépin Diatta,Monaco,I,Senegal
Goalkeeper,Édouard Mendy,Al-Ahli,I,Senegal
Midfielder,Pape Matar Sarr,Tottenham Hotspur,I,Senegal
Forward,Ismaïla Sarr,Crystal Palace,I,Senegal
Defender,Moussa Niakhaté,Lyon,I,Senegal
Forward,Ibrahim Mbaye,Paris Saint-Germain,I,Senegal
Midfielder,Habib Diarra,Sunderland,I,Senegal
Midfielder,Bara Sapoko Ndiaye,Bayern Munich,I,Senegal
Goalkeeper,Mory Diaw,Le Havre,I,Senegal
Defender,Antoine Mendy,Nice,I,Senegal
Defender,El Hadji Malick Diouf,West Ham United,I,Senegal
Midfielder,Pape Gueye,Villarreal,I,Senegal
Goalkeeper,Melvin Mastil,Stade Nyonnais,J,Algeria
Defender,Aïssa Mandi,Lille,J,Algeria
Defender,Achref Abada,USM Alger,J,Algeria
Defender,Mohamed Amine Tougai,Espérance de Tunis,J,Algeria
Defender,Zineddine Belaïd,JS Kabylie,J,Algeria
Midfielder,Ramiz Zerrouki,Twente,J,Algeria
Forward,Riyad Mahrez,Al-Ahli,J,Algeria
Midfielder,Houssem Aouar,Al-Ittihad,J,Algeria
Forward,Amine Gouiri,Marseille,J,Algeria
Midfielder,Farès Chaïbi,Eintracht Frankfurt,J,Algeria
Forward,Anis Hadj Moussa,Feyenoord,J,Algeria
Forward,Nadhir Benbouali,Győri ETO,J,Algeria
Defender,Jaouen Hadjam,Young Boys,J,Algeria
Midfielder,Hicham Boudaoui,Nice,J,Algeria
Defender,Rayan Aït-Nouri,Manchester City,J,Algeria
Goalkeeper,Oussama Benbot,USM Alger,J,Algeria
Defender,Rafik Belghali,Hellas Verona,J,Algeria
Forward,Mohamed Amoura,VfL Wolfsburg,J,Algeria
Midfielder,Nabil Bentaleb,Lille,J,Algeria
Forward,Adil Boulbina,Al-Duhail,J,Algeria
Defender,Ramy Bensebaini,Borussia Dortmund,J,Algeria
Midfielder,Ibrahim Maza,Bayer Leverkusen,J,Algeria
Goalkeeper,Luca Zidane,Granada,J,Algeria
Midfielder,Yacine Titraoui,Charleroi,J,Algeria
Forward,Farès Ghedjemis,Frosinone,J,Algeria
Defender,Samir Chergui,Paris FC,J,Algeria
Goalkeeper,Juan Musso,Atlético Madrid,J,Argentina
Defender,Marcos Senesi,Bournemouth,J,Argentina
Defender,Nicolás Tagliafico,Lyon,J,Argentina
Defender,Gonzalo Montiel,River Plate,J,Argentina
Midfielder,Leandro Paredes,Boca Juniors,J,Argentina
Defender,Lisandro Martínez,Manchester United,J,Argentina
Midfielder,Rodrigo De Paul,Inter Miami CF,J,Argentina
Midfielder,Valentín Barco,Strasbourg,J,Argentina
Forward,Julián Alvarez,Atlético Madrid,J,Argentina
Forward,Lionel Messi,Inter Miami CF,J,Argentina
Midfielder,Giovani Lo Celso,Real Betis,J,Argentina
Goalkeeper,Gerónimo Rulli,Marseille,J,Argentina
Defender,Cristian Romero,Tottenham Hotspur,J,Argentina
Midfielder,Exequiel Palacios,Bayer Leverkusen,J,Argentina
Midfielder,Nicolás González,Atlético Madrid,J,Argentina
Forward,Thiago Almada,Atlético Madrid,J,Argentina
Forward,Giuliano Simeone,Atlético Madrid,J,Argentina
Forward,Nico Paz,Como,J,Argentina
Defender,Nicolás Otamendi,Benfica,J,Argentina
Midfielder,Alexis Mac Allister,Liverpool,J,Argentina
Forward,José Manuel López,Palmeiras,J,Argentina
Forward,Lautaro Martínez,Inter Milan,J,Argentina
Goalkeeper,Emiliano Martínez,Aston Villa,J,Argentina
Midfielder,Enzo Fernández,Chelsea,J,Argentina
Defender,Facundo Medina,Marseille,J,Argentina
Defender,Nahuel Molina,Atlético Madrid,J,Argentina
Goalkeeper,Alexander Schlager,Red Bull Salzburg,J,Austria
Defender,David Affengruber,Elche,J,Austria
Defender,Kevin Danso,Tottenham Hotspur,J,Austria
Midfielder,Xaver Schlager,RB Leipzig,J,Austria
Defender,Stefan Posch,Mainz 05,J,Austria
Midfielder,Nicolas Seiwald,RB Leipzig,J,Austria
Forward,Marko Arnautović,Red Star Belgrade,J,Austria
Defender,David Alaba,Real Madrid,J,Austria
Midfielder,Marcel Sabitzer,Borussia Dortmund,J,Austria
Midfielder,Florian Grillitsch,Braga,J,Austria
Forward,Michael Gregoritsch,FC Augsburg,J,Austria
Goalkeeper,Florian Wiegele,Viktoria Plzeň,J,Austria
Goalkeeper,Patrick Pentz,Brøndby,J,Austria
Forward,Saša Kalajdžić,LASK,J,Austria
Defender,Philipp Lienhart,SC Freiburg,J,Austria
Defender,Phillipp Mwene,Mainz 05,J,Austria
Midfielder,Carney Chukwuemeka,Borussia Dortmund,J,Austria
Midfielder,Romano Schmid,Werder Bremen,J,Austria
Midfielder,Dejan Ljubičić,Schalke 04,J,Austria
Midfielder,Konrad Laimer,Bayern Munich,J,Austria
Forward,Patrick Wimmer,VfL Wolfsburg,J,Austria
Midfielder,Alexander Prass,TSG Hoffenheim,J,Austria
Defender,Marco Friedl,Werder Bremen,J,Austria
Midfielder,Paul Wanner,PSV Eindhoven,J,Austria
Defender,Michael Svoboda,Venezia,J,Austria
Midfielder,Alessandro Schöpf,Wolfsberger AC,J,Austria
Goalkeeper,Yazeed Abulaila,Al-Hussein,J,Jordan
Defender,Mohammad Abu Hashish,Al-Karma,J,Jordan
Defender,Abdallah Nasib,Al-Zawraa,J,Jordan
Defender,Husam Abu Dahab,Al-Faisaly,J,Jordan
Defender,Yazan Al-Arab,FC Seoul,J,Jordan
Midfielder,Amer Jamous,Al-Zawraa,J,Jordan
Forward,Mohammad Abu Zrayq,Raja Casablanca,J,Jordan
Midfielder,Noor Al-Rawabdeh,Selangor,J,Jordan
Forward,Ali Olwan,Al-Sailiya,J,Jordan
Forward,Musa Al-Taamari,Rennes,J,Jordan
Forward,Odeh Al-Fakhouri,Pyramids,J,Jordan
Goalkeeper,Nour Bani Attiah,Al-Faisaly,J,Jordan
Forward,Mahmoud Al-Mardi,Al-Hussein,J,Jordan
Midfielder,Rajaei Ayed,Al-Hussein,J,Jordan
Midfielder,Ibrahim Sadeh,Al-Karma,J,Jordan
Defender,Mo Abualnadi,Selangor,J,Jordan
Defender,Salim Obaid,Al-Hussein,J,Jordan
Midfielder,Mohammad Taha,Al-Hussein,J,Jordan
Defender,Saed Al-Rosan,Al-Hussein,J,Jordan
Midfielder,Mohannad Abu Taha,Al-Quwa Al-Jawiya,J,Jordan
Midfielder,Nizar Al-Rashdan,Qatar SC,J,Jordan
Goalkeeper,Abdallah Al-Fakhouri,Al-Wehdat,J,Jordan
Defender,Ihsan Haddad,Al-Hussein,J,Jordan
Forward,Ali Azaizeh,Al-Shabab,J,Jordan
Midfielder,Mohammad Al-Dawoud,Al-Wehdat,J,Jordan
Defender,Anas Badawi,Al-Faisaly,J,Jordan
Goalkeeper,David Ospina,Atlético Nacional,K,Colombia
Defender,Daniel Muñoz,Crystal Palace,K,Colombia
Defender,Jhon Lucumí,Bologna,K,Colombia
Defender,Santiago Arias,Independiente,K,Colombia
Midfielder,Kevin Castaño,River Plate,K,Colombia
Midfielder,Richard Ríos,Benfica,K,Colombia
Forward,Luis Díaz,Bayern Munich,K,Colombia
Midfielder,Jorge Carrascal,Flamengo,K,Colombia
Forward,Jhon Córdoba,Krasnodar,K,Colombia
Midfielder,James Rodríguez,Minnesota United FC,K,Colombia
Midfielder,Jhon Arias,Palmeiras,K,Colombia
Goalkeeper,Camilo Vargas,Atlas,K,Colombia
Defender,Yerry Mina,Cagliari,K,Colombia
Defender,Gustavo Puerta,Racing Santander,K,Colombia
Midfielder,Juan Portilla,Athletico Paranaense,K,Colombia
Midfielder,Jefferson Lerma,Crystal Palace,K,Colombia
Defender,Johan Mojica,Mallorca,K,Colombia
Defender,Willer Ditta,Cruz Azul,K,Colombia
Forward,Cucho Hernández,Real Betis,K,Colombia
Midfielder,Juan Fernando Quintero,River Plate,K,Colombia
Forward,Jaminton Campaz,Rosario Central,K,Colombia
Defender,Deiver Machado,Nantes,K,Colombia
Defender,Davinson Sánchez,Galatasaray,K,Colombia
Goalkeeper,Álvaro Montero,Vélez Sarsfield,K,Colombia
Forward,Luis Suárez,Sporting CP,K,Colombia
Forward,Andrés Gómez,Vasco da Gama,K,Colombia
Goalkeeper,Lionel Mpasi,Le Havre,K,DR Congo
Defender,Aaron Wan-Bissaka,West Ham United,K,DR Congo
Defender,Steve Kapuadi,Widzew Łódź,K,DR Congo
Defender,Axel Tuanzebe,Burnley,K,DR Congo
Defender,Dylan Batubinsika,AEL,K,DR Congo
Midfielder,Ngal'ayel Mukau,Lille,K,DR Congo
Midfielder,Nathanaël Mbuku,Montpellier,K,DR Congo
Midfielder,Samuel Moutoussamy,Atromitos,K,DR Congo
Forward,Brian Cipenga,Castellón,K,DR Congo
Midfielder,Théo Bongonda,Spartak Moscow,K,DR Congo
Forward,Gaël Kakuta,AEL,K,DR Congo
Defender,Joris Kayembe,Genk,K,DR Congo
Forward,Meschak Elia,Alanyaspor,K,DR Congo
Midfielder,Noah Sadiki,Sunderland,K,DR Congo
Midfielder,Aaron Tshibola,Kilmarnock,K,DR Congo
Goalkeeper,Timothy Fayulu,Noah,K,DR Congo
Forward,Cédric Bakambu,Real Betis,K,DR Congo
Midfielder,Charles Pickel,Espanyol,K,DR Congo
Forward,Fiston Mayele,Pyramids,K,DR Congo
Forward,Yoane Wissa,Newcastle United,K,DR Congo
Goalkeeper,Matthieu Epolo,Standard Liège,K,DR Congo
Defender,Chancel Mbemba,Lille,K,DR Congo
Forward,Simon Banza,Al Jazira,K,DR Congo
Defender,Gédéon Kalulu,Aris Limassol,K,DR Congo
Midfielder,Edo Kayembe,Watford,K,DR Congo
Defender,Arthur Masuaku,Lens,K,DR Congo
Goalkeeper,Diogo Costa,Porto,K,Portugal
Defender,Nélson Semedo,Fenerbahçe,K,Portugal
Defender,Rúben Dias,Manchester City,K,Portugal
Defender,Tomás Araújo,Benfica,K,Portugal
Defender,Diogo Dalot,Manchester United,K,Portugal
Midfielder,Matheus Nunes,Manchester City,K,Portugal
Forward,Cristiano Ronaldo,Al-Nassr,K,Portugal
Midfielder,Bruno Fernandes,Manchester United,K,Portugal
Forward,Gonçalo Ramos,Paris Saint-Germain,K,Portugal
Midfielder,Bernardo Silva,Manchester City,K,Portugal
Forward,João Félix,Al-Nassr,K,Portugal
Goalkeeper,José Sá,Wolverhampton Wanderers,K,Portugal
Defender,Renato Veiga,Villarreal,K,Portugal
Defender,Gonçalo Inácio,Sporting CP,K,Portugal
Midfielder,João Neves,Paris Saint-Germain,K,Portugal
Forward,Francisco Trincão,Sporting CP,K,Portugal
Forward,Rafael Leão,Milan,K,Portugal
Forward,Pedro Neto,Chelsea,K,Portugal
Forward,Gonçalo Guedes,Real Sociedad,K,Portugal
Defender,João Cancelo,Barcelona,K,Portugal
Midfielder,Rúben Neves,Al-Hilal,K,Portugal
Goalkeeper,Rui Silva,Sporting CP,K,Portugal
Midfielder,Vitinha,Paris Saint-Germain,K,Portugal
Defender,Samú Costa,Mallorca,K,Portugal
Defender,Nuno Mendes,Paris Saint-Germain,K,Portugal
Forward,Francisco Conceição,Juventus,K,Portugal
Goalkeeper,Utkir Yusupov,Navbahor Namangan,K,Uzbekistan
Defender,Abdukodir Khusanov,Manchester City,K,Uzbekistan
Defender,Khojiakbar Alijonov,Pakhtakor,K,Uzbekistan
Defender,Farrukh Sayfiev,Neftchi Fergana,K,Uzbekistan
Defender,Rustam Ashurmatov,Esteghlal,K,Uzbekistan
Midfielder,Akmal Mozgovoy,Pakhtakor,K,Uzbekistan
Midfielder,Otabek Shukurov,Baniyas,K,Uzbekistan
Midfielder,Jamshid Iskanderov,Neftchi Fergana,K,Uzbekistan
Midfielder,Odiljon Hamrobekov,Tractor,K,Uzbekistan
Midfielder,Ruslanbek Jiyanov,Navbahor Namangan,K,Uzbekistan
Midfielder,Oston Urunov,Persepolis,K,Uzbekistan
Goalkeeper,Abduvohid Nematov,Nasaf,K,Uzbekistan
Defender,Sherzod Nasrullaev,Nasaf,K,Uzbekistan
Forward,Eldor Shomurodov,İstanbul Başakşehir,K,Uzbekistan
Defender,Umar Eshmurodov,Nasaf,K,Uzbekistan
Goalkeeper,Botirali Ergashev,Neftchi Fergana,K,Uzbekistan
Midfielder,Dostonbek Khamdamov,Pakhtakor,K,Uzbekistan
Defender,Abdulla Abdullaev,Dibba,K,Uzbekistan
Midfielder,Azizjon Ganiev,Al Bataeh,K,Uzbekistan
Forward,Azizbek Amonov,Dinamo Samarqand,K,Uzbekistan
Forward,Igor Sergeev,Persepolis,K,Uzbekistan
Midfielder,Abbosbek Fayzullaev,İstanbul Başakşehir,K,Uzbekistan
Midfielder,Sherzod Esanov,Bukhara,K,Uzbekistan
Defender,Bekhruz Karimov,Surkhon Termiz,K,Uzbekistan
Defender,Avazbek Ulmasaliev,AGMK,K,Uzbekistan
Defender,Jakhongir Urozov,Dinamo Samarqand,K,Uzbekistan
Goalkeeper,Dominik Livaković,Dinamo Zagreb,L,Croatia
Defender,Josip Stanišić,Bayern Munich,L,Croatia
Defender,Marin Pongračić,Fiorentina,L,Croatia
Defender,Joško Gvardiol,Manchester City,L,Croatia
Defender,Duje Ćaleta-Car,Real Sociedad,L,Croatia
Defender,Josip Šutalo,Ajax,L,Croatia
Midfielder,Nikola Moro,Bologna,L,Croatia
Midfielder,Mateo Kovačić,Manchester City,L,Croatia
Forward,Andrej Kramarić,TSG Hoffenheim,L,Croatia
Midfielder,Luka Modrić,Milan,L,Croatia
Forward,Ante Budimir,Osasuna,L,Croatia
Goalkeeper,Ivor Pandur,Hull City,L,Croatia
Midfielder,Nikola Vlašić,Torino,L,Croatia
Forward,Ivan Perišić,PSV Eindhoven,L,Croatia
Midfielder,Mario Pašalić,Atalanta,L,Croatia
Midfielder,Martin Baturina,Como,L,Croatia
Midfielder,Petar Sučić,Inter Milan,L,Croatia
Defender,Kristijan Jakić,FC Augsburg,L,Croatia
Midfielder,Toni Fruk,Rijeka,L,Croatia
Forward,Igor Matanović,SC Freiburg,L,Croatia
Midfielder,Luka Sučić,Real Sociedad,L,Croatia
Defender,Luka Vušković,Hamburger SV,L,Croatia
Goalkeeper,Dominik Kotarski,Copenhagen,L,Croatia
Forward,Marco Pašalić,Orlando City SC,L,Croatia
Defender,Martin Erlić,Midtjylland,L,Croatia
Forward,Petar Musa,FC Dallas,L,Croatia
Goalkeeper,Jordan Pickford,Everton,L,England
Defender,Ezri Konsa,Aston Villa,L,England
Defender,Nico O'Reilly,Manchester City,L,England
Midfielder,Declan Rice,Arsenal,L,England
Defender,John Stones,Manchester City,L,England
Defender,Marc Guéhi,Manchester City,L,England
Forward,Bukayo Saka,Arsenal,L,England
Midfielder,Elliot Anderson,Nottingham Forest,L,England
Forward,Harry Kane,Bayern Munich,L,England
Midfielder,Jude Bellingham,Real Madrid,L,England
Forward,Marcus Rashford,Barcelona,L,England
Defender,Trevoh Chalobah,Chelsea,L,England
Goalkeeper,Dean Henderson,Crystal Palace,L,England
Midfielder,Jordan Henderson,Brentford,L,England
Defender,Dan Burn,Newcastle United,L,England
Midfielder,Kobbie Mainoo,Manchester United,L,England
Midfielder,Morgan Rogers,Aston Villa,L,England
Forward,Anthony Gordon,Newcastle United,L,England
Forward,Ollie Watkins,Aston Villa,L,England
Forward,Noni Madueke,Arsenal,L,England
Midfielder,Eberechi Eze,Arsenal,L,England
Forward,Ivan Toney,Al-Ahli,L,England
Goalkeeper,James Trafford,Manchester City,L,England
Defender,Reece James,Chelsea,L,England
Defender,Djed Spence,Tottenham Hotspur,L,England
Defender,Jarell Quansah,Bayer Leverkusen,L,England
Goalkeeper,Lawrence Ati-Zigi,St. Gallen,L,Ghana
Defender,Alidu Seidu,Rennes,L,Ghana
Midfielder,Caleb Yirenkyi,Nordsjælland,L,Ghana
Defender,Jonas Adjetey,VfL Wolfsburg,L,Ghana
Midfielder,Thomas Partey,Villarreal,L,Ghana
Defender,Abdul Mumin,Rayo Vallecano,L,Ghana
Forward,Abdul Fatawu,Leicester City,L,Ghana
Midfielder,Kwasi Sibo,Oviedo,L,Ghana
Forward,Jordan Ayew,Leicester City,L,Ghana
Forward,Brandon Thomas-Asante,Coventry City,L,Ghana
Midfielder,Antoine Semenyo,Manchester City,L,Ghana
Goalkeeper,Joseph Anang,St Patrick's Athletic,L,Ghana
Forward,Christopher Bonsu Baah,Al-Qadsiah,L,Ghana
Defender,Gideon Mensah,Auxerre,L,Ghana
Midfielder,Elisha Owusu,Auxerre,L,Ghana
Goalkeeper,Benjamin Asare,Hearts of Oak,L,Ghana
Defender,Abdul Rahman Baba,PAOK,L,Ghana
Defender,Jerome Opoku,İstanbul Başakşehir,L,Ghana
Forward,Iñaki Williams,Athletic Bilbao,L,Ghana
Midfielder,Augustine Boakye,Saint-Étienne,L,Ghana
Defender,Kojo Peprah Oppong,Nice,L,Ghana
Forward,Kamaldeen Sulemana,Atalanta,L,Ghana
Defender,Derrick Luckassen,Pafos,L,Ghana
Forward,Ernest Nuamah,Lyon,L,Ghana
Forward,Prince Kwabena Adu,Viktoria Plzeň,L,Ghana
Defender,Marvin Senaya,Auxerre,L,Ghana
Goalkeeper,Luis Mejía,Nacional,L,Panama
Defender,César Blackman,Slovan Bratislava,L,Panama
Defender,José Córdoba,Norwich City,L,Panama
Defender,Fidel Escobar,Saprissa,L,Panama
Defender,Edgardo Fariña,Pari Nizhny Novgorod,L,Panama
Midfielder,Cristian Martínez,Ironi Kiryat Shmona,L,Panama
Midfielder,José Luis Rodríguez,Juárez,L,Panama
Midfielder,Adalberto Carrasquilla,Pumas UNAM,L,Panama
Forward,Tomás Rodríguez,Saprissa,L,Panama
Midfielder,Ismael Díaz,León,L,Panama
Midfielder,Yoel Bárcenas,Mazatlán,L,Panama
Goalkeeper,César Samudio,Marathón,L,Panama
Defender,Jiovany Ramos,Puerto Cabello,L,Panama
Defender,Carlos Harvey,Minnesota United FC,L,Panama
Defender,Eric Davis,Plaza Amador,L,Panama
Defender,Andrés Andrade,LASK,L,Panama
Forward,José Fajardo,Universidad Católica,L,Panama
Forward,Cecilio Waterman,Universidad de Concepción,L,Panama
Midfielder,Alberto Quintero,Plaza Amador,L,Panama
Midfielder,Aníbal Godoy,San Diego FC,L,Panama
Midfielder,César Yanis,Cobresal,L,Panama
Goalkeeper,Orlando Mosquera,Al-Fayha,L,Panama
Defender,Michael Amir Murillo,Beşiktaş,L,Panama
Forward,Azarias Londoño,Universidad Católica,L,Panama
Defender,Roderick Miller,Turan Tovuz,L,Panama
Defender,Jorge Gutiérrez,Deportivo La Guaira,L,Panama
