﻿Rank,EntryId,EntryName,TimeRemaining,Points,Lineup,,Player,%Drafted,FPTS
1,797299687,gpayne67 (1/3),0,65,WR Alex Erickson TE Mason Schreck WR Travis Rudolph QB Joshua Dobbs RB Terrell Watson FLEX JuJu Smith-Schuster DST Steelers  RB Matt Breida WR Aldrick Robinson,,Joshua Dobbs,48.72%,7.6
2,797222768,dkeefer (2/3),0,59.8,RB Joe Mixon WR Alex Erickson TE Tyler Kroft WR Travis Rudolph QB Joshua Dobbs WR JuJu Smith-Schuster DST Steelers  RB Matt Breida FLEX Aldrick Robinson,,Kareem Hunt,46.94%,1.9
3,797231104,mongo927 (3/3),0,59.04,RB Joe Mixon WR Alex Erickson QB Josh Johnson TE Evan Engram DST Steelers  RB Matt Breida WR Aldrick Robinson WR Trent Taylor FLEX Chris Godwin,,Joe Mixon,46.94%,5.2
4,797391174,mrcse13 (2/3),0,58.5,RB Stanley Williams WR Alex Erickson FLEX Josh Malone DST Bengals  QB Joshua Dobbs WR Canaan Severin RB Joe Williams WR Mike Evans TE Cameron Brate,,Chiefs ,41.07%,7
5,797332721,kecksters (3/3),0,58.2,RB Joe Mixon WR Josh Malone TE Evan Engram QB Joshua Dobbs RB Terrell Watson WR Marcus Tucker FLEX Matt Breida WR Aldrick Robinson DST Buccaneers ,,JuJu Smith-Schuster,39.03%,2.3
6,797245169,TTAYLOR52,0,58.1,RB Joe Mixon WR Alex Erickson TE Tyler Kroft RB Orleans Darkwa WR Roger Lewis QB Joshua Dobbs DST Steelers  FLEX Matt Breida WR Aldrick Robinson,,Chris Godwin,37.24%,2.4
7,797227223,rdog (1/3),0,57.88,QB Jeff Driskel RB Joe Mixon FLEX Alex Erickson WR Jehu Chesson TE Gavin Escobar DST Chiefs  RB Wayne Gallman WR Cobi Hamilton WR Chris Godwin,,O.J. Howard,27.55%,0
8,797250943,barejets (2/3),0,57.6,WR Alex Erickson WR Josh Malone TE Tyler Kroft RB Orleans Darkwa QB Joshua Dobbs WR JuJu Smith-Schuster DST Steelers  FLEX Joe Williams RB Matt Breida,,Alex Erickson,27.04%,8.3
9,797243003,Dougiefresh0597 (1/3),0,57.1,WR Alex Erickson TE Tyler Kroft RB Orleans Darkwa QB Joshua Dobbs FLEX Canaan Severin WR JuJu Smith-Schuster DST Steelers  RB Matt Breida WR Aldrick Robinson,,Trent Taylor,25.77%,6.3
10,797038887,RotoHobo (3/3),0,56.4,WR Alex Erickson TE Tyler Kroft RB Orleans Darkwa WR Travis Rudolph QB Joshua Dobbs FLEX JuJu Smith-Schuster DST Steelers  RB Matt Breida WR Aldrick Robinson,,Matt Breida,24.49%,7.4
11,797238654,Cuddy120 (2/3),0,55.6,RB Joe Mixon WR Alex Erickson TE Evan Engram QB Joshua Dobbs RB Terrell Watson WR JuJu Smith-Schuster WR Aldrick Robinson DST 49ers  FLEX Chris Godwin,,Travis Rudolph,24.49%,3.7
12,797229261,ALBANKS11 (3/3),0,55.56,QB AJ McCarron WR Alex Erickson RB Kareem Hunt TE Evan Engram FLEX Terrell Watson WR JuJu Smith-Schuster DST Steelers  RB Matt Breida WR Trent Taylor,,Giants ,22.70%,8
13,797125335,Prozakkxx (1/3),0,55.4,WR Gehrig Dieter TE Evan Engram DST Giants  QB Joshua Dobbs FLEX Terrell Watson WR Cobi Hamilton WR JuJu Smith-Schuster RB Joe Williams RB Jeremy McNichols,,Evan Engram,22.45%,2.1
14,797224807,ALBANKS11 (1/3),0,55.3,WR Alex Erickson RB Kareem Hunt QB Joshua Dobbs FLEX Terrell Watson WR JuJu Smith-Schuster DST Steelers  RB Matt Breida WR Chris Godwin TE O.J. Howard,,Tyler Kroft,22.45%,0
15,797218064,aderfus (2/3),0,54.36,RB Joe Mixon FLEX Alex Erickson WR Demarcus Robinson TE Evan Engram RB Joe Williams WR Aldrick Robinson DST 49ers  QB Jameis Winston WR Mike Evans,,Terrell Watson,21.43%,10.4
16,797325791,bocul14,0,54.12,RB Joe Mixon WR Alex Erickson WR Travis Rudolph TE Evan Engram DST Giants  QB Matt Barkley RB Matt Breida FLEX Aldrick Robinson WR Chris Godwin,,AJ McCarron,20.66%,1.86
17,797219286,matty80 (3/3),0,53.74,RB Tra Carson FLEX Alex Erickson WR Josh Malone RB Kareem Hunt QB Josh Johnson TE Evan Engram DST Steelers  WR Trent Taylor WR Chris Godwin,,Wayne Gallman,20.41%,2.5
18,797038872,RotoHobo (2/3),0,53.56,QB AJ McCarron FLEX Joe Mixon WR Alex Erickson TE Tyler Kroft RB Orleans Darkwa WR Travis Rudolph DST Steelers  RB Matt Breida WR Aldrick Robinson,,Aldrick Robinson,20.41%,10.3
18,797229215,ALBANKS11 (2/3),0,53.56,QB AJ McCarron WR Alex Erickson RB Kareem Hunt FLEX Terrell Watson DST Steelers  RB Matt Breida WR Trent Taylor WR Chris Godwin TE O.J. Howard,,Roger Lewis,16.58%,2.5
20,797233143,Johnnyp135 (2/3),0,53.5,WR Alex Erickson TE Tyler Kroft RB Kareem Hunt WR Travis Rudolph DST Giants  QB Joshua Dobbs RB Matt Breida FLEX Aldrick Robinson WR Trent Taylor,,Orleans Darkwa,16.33%,1.8
21,797277173,elephantman1237,0,53.36,QB AJ McCarron WR Alex Erickson TE Tyler Kroft RB Orleans Darkwa DST Steelers  RB Matt Breida FLEX Aldrick Robinson WR Trent Taylor WR Chris Godwin,,Steelers ,15.56%,15
22,797221096,seabreezy8 (1/3),0,53.1,RB Joe Mixon WR Alex Erickson FLEX Kareem Hunt QB Joshua Dobbs RB Terrell Watson WR JuJu Smith-Schuster DST Steelers  WR Chris Godwin TE O.J. Howard,,Tyler Boyd,13.78%,1.8
23,797296129,lilsss10 (1/3),0,52.8,WR Alex Erickson RB Kareem Hunt RB Wayne Gallman QB Joshua Dobbs FLEX Cobi Hamilton WR Demarcus Ayers WR JuJu Smith-Schuster DST Steelers  TE O.J. Howard,,Mike Evans,11.73%,9.8
23,797296145,lilsss10 (2/3),0,52.8,WR Alex Erickson RB Kareem Hunt RB Wayne Gallman QB Joshua Dobbs FLEX Cobi Hamilton WR Demarcus Ayers WR JuJu Smith-Schuster DST Steelers  TE O.J. Howard,,C.J. Spiller,10.97%,2.1
23,797296180,lilsss10 (3/3),0,52.8,WR Alex Erickson RB Kareem Hunt RB Wayne Gallman QB Joshua Dobbs FLEX Cobi Hamilton WR Demarcus Ayers WR JuJu Smith-Schuster DST Steelers  TE O.J. Howard,,Buccaneers ,9.69%,4
26,797227632,mjc08bc (2/3),0,52.66,QB AJ McCarron RB Tra Carson WR Alex Erickson WR Josh Malone TE Tyler Kroft FLEX C.J. Spiller WR JuJu Smith-Schuster DST Steelers  RB Matt Breida,,Cody Core,9.44%,2.7
27,797038859,RotoHobo (1/3),0,52.56,QB AJ McCarron WR Alex Erickson FLEX C.J. Spiller RB Orleans Darkwa WR Travis Rudolph TE Evan Engram DST Steelers  RB Matt Breida WR Aldrick Robinson,,Joe Williams,8.67%,6
28,797217938,theleafnode (2/3),0,52.5,WR Alex Erickson TE Tyler Kroft RB Orleans Darkwa FLEX Travis Rudolph QB Joshua Dobbs DST Steelers  RB Matt Breida WR Trent Taylor WR Chris Godwin,,Seantavius Jones,8.42%,3.3
29,797231103,mongo927 (2/3),0,52.46,QB AJ McCarron RB Joe Mixon WR Alex Erickson TE Tyler Kroft RB Orleans Darkwa WR Travis Rudolph DST Steelers  WR Aldrick Robinson FLEX Trent Taylor,,Patrick Mahomes II,8.42%,5.96
30,797241271,FatStackz (2/2),0,52.1,WR Alex Erickson TE Tyler Kroft RB Orleans Darkwa DST Giants  QB Joshua Dobbs RB Matt Breida WR Aldrick Robinson FLEX Trent Taylor WR Chris Godwin,,Gavin Escobar,8.16%,0
30,797386212,freelsy13,0,52.1,WR Josh Malone RB Kareem Hunt FLEX C.J. Spiller DST Chiefs  TE Evan Engram QB Joshua Dobbs RB Terrell Watson WR Marcus Tucker WR Mike Evans,,Jeremy McNichols,7.91%,1.2
32,797220814,aderfus (3/3),0,51.6,WR Alex Erickson TE Tyler Kroft RB Kareem Hunt WR Travis Rudolph QB Joshua Dobbs RB Terrell Watson FLEX Aldrick Robinson DST 49ers  WR Chris Godwin,,Justin Hunter,7.14%,0
32,797202429,Freeannyong (1/3),0,51.6,RB Joe Mixon WR Cody Core TE Gavin Escobar DST Chiefs  QB Joshua Dobbs WR Darrius Heyward-Bey RB Matt Breida FLEX Aldrick Robinson WR Mike Evans,,Josh Malone,6.89%,9.2
34,797270720,inselman1 (2/3),0,51.54,RB Joe Mixon FLEX Josh Malone QB Josh Johnson WR Darius Powe WR Travis Rudolph TE Evan Engram WR Canaan Severin DST Steelers  RB Matt Breida,,Fitzgerald Toussaint,6.38%,1.9
35,797209949,Freeannyong (3/3),0,51.4,WR Tyler Boyd RB Kareem Hunt TE Gavin Escobar QB Joshua Dobbs RB Terrell Watson WR Marcus Tucker DST Steelers  FLEX Aldrick Robinson WR Chris Godwin,,Eli Rogers,5.87%,1.2
36,797208159,Flip4Flop (1/2),0,51.3,RB Stanley Williams TE Tyler Kroft FLEX Kareem Hunt WR Seantavius Jones QB Joshua Dobbs RB Terrell Watson WR JuJu Smith-Schuster DST Steelers  WR Aldrick Robinson,,Bengals ,5.36%,8
36,797241980,Quake211 (3/3),0,51.3,FLEX Joe Mixon WR Alex Erickson TE Tyler Kroft RB Orleans Darkwa WR Travis Rudolph QB Joshua Dobbs RB Matt Breida WR Aldrick Robinson DST 49ers ,,Marcus Tucker,5.36%,2
36,797332699,kecksters (2/3),0,51.3,WR Josh Malone TE Tyler Kroft RB Kareem Hunt FLEX C.J. Spiller QB Joshua Dobbs RB Terrell Watson WR Trent Taylor WR Mike Evans DST Buccaneers ,,Marquise Goodwin,5.10%,2.4
39,797234720,stringy51,0,51.1,WR Cody Core RB Kareem Hunt WR Seantavius Jones FLEX Orleans Darkwa TE Evan Engram QB Joshua Dobbs RB Terrell Watson DST Steelers  WR Trent Taylor,,Adam Humphries,5.10%,1.3
39,797309065,ksparkles (2/3),0,51.1,WR Alex Erickson FLEX Kareem Hunt RB Orleans Darkwa WR Travis Rudolph TE Evan Engram DST Giants  QB Joshua Dobbs RB Matt Breida WR Aldrick Robinson,,49ers ,5.10%,7
41,797388998,tpolak25 (2/3),0,51.06,QB AJ McCarron RB Joe Mixon WR Alex Erickson TE Tyler Kroft WR Travis Rudolph DST Giants  RB Matt Breida WR Aldrick Robinson FLEX Trent Taylor,,Peyton Barber,4.85%,2.1
42,797246243,Skadoosh (1/2),0,50.9,FLEX Joe Mixon WR Alex Erickson TE Tyler Kroft RB Orleans Darkwa DST Giants  QB Joshua Dobbs WR JuJu Smith-Schuster RB Matt Breida WR Aldrick Robinson,,Tyreek Hill,4.59%,4.2
43,797202098,EliteLemonade (1/3),0,50.86,QB AJ McCarron RB Joe Mixon WR Alex Erickson TE Tyler Kroft RB Orleans Darkwa DST Steelers  WR Aldrick Robinson WR Trent Taylor FLEX Peyton Barber,,Josh Johnson,4.59%,2.04
44,797345820,bharrell23 (1/3),0,50.1,RB Joe Mixon WR Alex Erickson FLEX Kareem Hunt DST Chiefs  RB Wayne Gallman QB Joshua Dobbs WR Cobi Hamilton WR Chris Godwin TE O.J. Howard,,Derel Walker,4.34%,0
45,797244607,barejets (1/3),0,49.96,QB AJ McCarron WR Josh Malone TE Tyler Kroft RB Wayne Gallman RB Terrell Watson FLEX JuJu Smith-Schuster DST Steelers  WR Trent Taylor WR Chris Godwin,,Stanley Williams,4.08%,0.5
46,797312301,Skumpunch (3/3),0,49.56,QB AJ McCarron WR Tyler Boyd TE Tyler Kroft RB Kareem Hunt WR Roger Lewis RB Terrell Watson DST Steelers  FLEX Trent Taylor WR Mike Evans,,DeSean Jackson,3.83%,1.6
47,797222778,dkeefer (3/3),0,49.5,WR Alex Erickson TE Tyler Kroft RB Orleans Darkwa WR Travis Rudolph DST Giants  QB Joshua Dobbs RB Matt Breida WR Aldrick Robinson FLEX Chris Godwin,,Josh Huff,3.83%,1.7
47,797276601,rpdakg,0,49.5,WR Alex Erickson TE Tyler Kroft RB Orleans Darkwa WR Travis Rudolph DST Giants  QB Joshua Dobbs RB Matt Breida FLEX Aldrick Robinson WR Chris Godwin,,A.J. Green,3.83%,4.1
49,797217626,warfsu (3/3),0,49.44,RB Joe Mixon WR Alex Erickson QB Josh Johnson WR Travis Rudolph TE Evan Engram DST Giants  RB Matt Breida WR Aldrick Robinson FLEX Chris Godwin,,Tra Carson,3.83%,6.5
50,797234759,mjc08bc (3/3),0,49.3,RB Joe Mixon WR Alex Erickson TE Tyler Kroft RB Orleans Darkwa WR Travis Rudolph DST Giants  QB Joshua Dobbs FLEX Canaan Severin WR Aldrick Robinson,,Darius Powe,3.57%,2.5
51,797396287,nagurski54 (2/3),0,49.06,WR Tyler Boyd DST Chiefs  QB Geno Smith RB Wayne Gallman WR Roger Lewis RB Terrell Watson WR Trent Taylor FLEX Mike Evans TE Cameron Brate,,Demarcus Robinson,3.57%,1.7
52,797216479,KColonel1969 (2/3),0,49,WR Cody Core RB Kareem Hunt DST Giants  QB Joshua Dobbs RB Terrell Watson WR JuJu Smith-Schuster FLEX Trent Taylor WR Mike Evans TE O.J. Howard,,Cobi Hamilton,3.32%,15.2
53,797309062,ksparkles (1/3),0,48.9,RB Joe Mixon WR Alex Erickson FLEX Kareem Hunt RB Orleans Darkwa WR Travis Rudolph TE Evan Engram DST Giants  QB Joshua Dobbs WR Aldrick Robinson,,Brandon LaFell,3.32%,2.3
54,797270723,inselman1 (3/3),0,48.84,RB Joe Mixon WR Alex Erickson QB Josh Johnson FLEX Orleans Darkwa WR Travis Rudolph TE Evan Engram DST Giants  RB Matt Breida WR Aldrick Robinson,,Canaan Severin,3.32%,4.4
55,797227352,mjc08bc (1/3),0,48.82,RB Kareem Hunt FLEX Travis Rudolph TE Evan Engram DST Giants  QB Matt Barkley RB Matt Breida WR Aldrick Robinson WR Trent Taylor WR Chris Godwin,,Xavier Grimble,3.32%,0
56,797238656,Cuddy120 (3/3),0,48.8,WR Alex Erickson TE Tyler Kroft RB Wayne Gallman WR Travis Rudolph QB Joshua Dobbs FLEX Marcus Tucker RB Matt Breida WR Aldrick Robinson DST 49ers ,,Giovani Bernard,3.06%,0
57,797270717,inselman1 (1/3),0,48.74,RB Joe Mixon WR Alex Erickson WR Demarcus Robinson QB Josh Johnson WR Travis Rudolph TE Evan Engram DST Giants  RB Matt Breida FLEX Aldrick Robinson,,Brandon Marshall,2.81%,0
58,797279777,Archibus (3/3),0,48.7,WR Alex Erickson RB C.J. Spiller TE Gavin Escobar WR Travis Rudolph QB Joshua Dobbs RB Terrell Watson WR Darrius Heyward-Bey DST Steelers  FLEX Derel Walker,,Paul Perkins,2.81%,0.3
59,797216986,aderfus (1/3),0,48.66,QB AJ McCarron FLEX Joe Mixon WR Alex Erickson RB Orleans Darkwa WR Travis Rudolph TE Evan Engram DST Giants  RB Matt Breida WR Aldrick Robinson,,Chris Conley,2.81%,6.6
60,797272740,Orcachow,0,48.4,TE Tyler Kroft RB Wayne Gallman WR Roger Lewis QB Joshua Dobbs RB Terrell Watson WR JuJu Smith-Schuster WR Trent Taylor DST 49ers  FLEX Mike Evans,,Knile Davis,2.81%,4.9
61,797256909,coldcut1984,0,47.8,WR Tyler Boyd RB Kareem Hunt RB Wayne Gallman QB Joshua Dobbs FLEX Terrell Watson WR JuJu Smith-Schuster DST Steelers  WR Trent Taylor TE O.J. Howard,,Dwayne Harris,2.81%,1.2
62,797233144,Johnnyp135 (3/3),0,47.76,QB AJ McCarron FLEX Alex Erickson TE Tyler Kroft RB Kareem Hunt WR Travis Rudolph DST Giants  RB Matt Breida WR Aldrick Robinson WR Trent Taylor,,Jameis Winston,2.81%,3.96
63,797391175,mrcse13 (3/3),0,47.7,RB Tra Carson WR Seantavius Jones TE Gavin Escobar WR Roger Lewis QB Joshua Dobbs RB Terrell Watson DST Steelers  FLEX Jeremy Kerley WR Chris Godwin,,Ryan Fitzpatrick,2.55%,8.3
64,797299731,gpayne67 (3/3),0,47.5,RB Joe Mixon WR Alex Erickson TE Tyler Kroft RB C.J. Spiller WR Roger Lewis QB Joshua Dobbs FLEX Canaan Severin DST Steelers  WR Chris Godwin,,Jacquizz Rodgers,2.55%,2.6
65,797220543,Mafios0 (1/2),0,47.4,TE Tyler Kroft RB Kareem Hunt DST Chiefs  QB Joshua Dobbs RB Terrell Watson WR Marcus Tucker FLEX Trent Taylor WR Mike Evans WR Chris Godwin,,Jehu Chesson,2.55%,0
66,797207035,AllEyezOnMe7 (3/3),0,47.36,QB AJ McCarron RB Joe Mixon WR Alex Erickson RB Kareem Hunt TE Evan Engram DST Giants  WR JuJu Smith-Schuster FLEX Matt Breida WR Aldrick Robinson,,Darrius Heyward-Bey,2.55%,1.6
67,797263986,mhankin (1/2),0,47.3,RB Joe Mixon TE Tyler Kroft FLEX Kareem Hunt RB Wayne Gallman WR Roger Lewis QB Joshua Dobbs WR JuJu Smith-Schuster DST Steelers  WR Aldrick Robinson,,Jeremy Hill,2.55%,2.6
68,797299723,gpayne67 (2/3),0,47.16,QB AJ McCarron WR Cody Core RB Orleans Darkwa WR Travis Rudolph TE Evan Engram FLEX JuJu Smith-Schuster DST Steelers  RB Matt Breida WR Aldrick Robinson,,Devine Redding,2.55%,0
69,797246746,rbj1968,0,47.1,FLEX Joe Mixon WR Cody Core TE Tyler Kroft RB Kareem Hunt DST Chiefs  WR Roger Lewis QB Joshua Dobbs RB Terrell Watson WR Mike Evans,,Kevin Norwood,2.55%,1.7
70,797237843,FatStackz (1/2),0,47,RB Joe Mixon WR Alex Erickson TE Tyler Kroft RB Orleans Darkwa QB Joshua Dobbs FLEX Matt Breida WR Aldrick Robinson WR Chris Godwin DST Buccaneers ,,Cameron Brate,2.30%,4.7
70,797238703,Durrrrfan24,0,47,RB Joe Mixon WR Josh Malone FLEX Kareem Hunt TE Gavin Escobar DST Giants  QB Joshua Dobbs RB Terrell Watson WR JuJu Smith-Schuster WR Chris Godwin,,Doug Martin,2.04%,1.1
70,797267476,polishpiranha (1/3),0,47,TE Tyler Kroft RB C.J. Spiller DST Chiefs  WR Travis Rudolph QB Joshua Dobbs RB Terrell Watson WR Canaan Severin WR Marcus Tucker FLEX Mike Evans,,Tyler Eifert,2.04%,1.4
70,797384605,evanthegreat,0,47,RB Joe Mixon WR Tyler Boyd RB C.J. Spiller DST Chiefs  WR Cobi Hamilton FLEX Kyle Juszczyk WR Marquise Goodwin QB Ryan Fitzpatrick TE Alan Cross,,Matt Barkley,2.04%,6.72
74,797216628,matty80 (1/3),0,46.8,WR Alex Erickson RB Kareem Hunt RB Orleans Darkwa TE Evan Engram DST Giants  QB Joshua Dobbs FLEX Canaan Severin WR Aldrick Robinson WR Chris Godwin,,Demarcus Ayers,2.04%,0
75,797336168,davidwiles (2/3),0,46.7,RB Joe Mixon WR Alex Erickson DST Chiefs  WR Travis Rudolph TE Evan Engram QB Joshua Dobbs RB Terrell Watson FLEX Derel Walker WR Chris Godwin,,Martavis Bryant,1.79%,0
75,797335394,gleetghost77,0,46.7,RB Jeremy Hill FLEX A.J. Green WR Odell Beckham Jr. QB Joshua Dobbs DST Steelers  RB Carlos Hyde WR DeSean Jackson WR Mike Evans TE Cameron Brate,,Gehrig Dieter,1.79%,2.6
77,797241975,Quake211 (1/3),0,46.56,QB AJ McCarron FLEX Joe Mixon WR Alex Erickson TE Tyler Kroft RB Orleans Darkwa WR Travis Rudolph DST Giants  RB Matt Breida WR Aldrick Robinson,,Carlos Hyde,1.79%,1.3
77,797322655,thechovanone (1/3),0,46.56,QB AJ McCarron FLEX Joe Mixon WR Alex Erickson TE Tyler Kroft RB Orleans Darkwa WR Travis Rudolph DST Giants  RB Matt Breida WR Aldrick Robinson,,Charles Sims,1.79%,2.3
77,797328847,thechovanone (2/3),0,46.56,QB AJ McCarron FLEX Joe Mixon WR Alex Erickson TE Tyler Kroft RB Orleans Darkwa WR Travis Rudolph DST Giants  RB Matt Breida WR Aldrick Robinson,,Will Tye,1.79%,2.1
77,797328848,thechovanone (3/3),0,46.56,QB AJ McCarron FLEX Joe Mixon WR Alex Erickson TE Tyler Kroft RB Orleans Darkwa WR Travis Rudolph DST Giants  RB Matt Breida WR Aldrick Robinson,,Mason Schreck,1.79%,0
81,797229966,psufans2 (1/3),0,46.3,RB Joe Mixon WR Alex Erickson TE Tyler Kroft FLEX Kareem Hunt WR Roger Lewis DST Giants  QB Joshua Dobbs RB Terrell Watson WR Chris Godwin,,Alex Smith,1.53%,2.92
81,797229967,psufans2 (2/3),0,46.3,RB Joe Mixon WR Alex Erickson TE Tyler Kroft FLEX Kareem Hunt WR Roger Lewis DST Giants  QB Joshua Dobbs RB Terrell Watson WR Chris Godwin,,Tim Hightower,1.53%,0
81,797229968,psufans2 (3/3),0,46.3,RB Joe Mixon WR Alex Erickson TE Tyler Kroft FLEX Kareem Hunt WR Roger Lewis DST Giants  QB Joshua Dobbs RB Terrell Watson WR Chris Godwin,,Demetrius Harris,1.53%,0
81,797247101,elkhunter07,0,46.3,WR Josh Malone RB Kareem Hunt DST Chiefs  RB Wayne Gallman QB Joshua Dobbs WR JuJu Smith-Schuster FLEX Joe Williams WR Mike Evans TE O.J. Howard,,Spencer Ware,1.53%,11.6
85,797312298,Skumpunch (2/3),0,46.26,WR Tyler Boyd RB Wayne Gallman TE Evan Engram RB Terrell Watson FLEX Trent Taylor DST 49ers  QB Jameis Winston WR Mike Evans WR Chris Godwin,,Cole Hikutini,1.28%,0
86,797394086,KHeezyJr,0,46.16,QB AJ McCarron RB Joe Mixon WR Alex Erickson TE Tyler Kroft DST Chiefs  FLEX Travis Rudolph RB Matt Breida WR Aldrick Robinson WR Chris Godwin,,Odell Beckham Jr.,1.28%,0
87,797408484,nagurski54 (3/3),0,46.06,RB Joe Mixon WR Tyler Boyd DST Chiefs  RB Terrell Watson WR Trent Taylor QB Jameis Winston FLEX DeSean Jackson WR Mike Evans TE O.J. Howard,,Ryan Griffin,1.28%,2.28
88,797386467,elisettoon45 (2/3),0,45.9,WR Alex Erickson TE Mason Schreck RB Kareem Hunt RB Wayne Gallman QB Joshua Dobbs WR JuJu Smith-Schuster FLEX Joe Williams WR Aldrick Robinson DST 49ers ,,Andy Dalton,1.28%,0.52
89,797250947,barejets (3/3),0,45.82,RB Joe Mixon RB C.J. Spiller WR Travis Rudolph TE Evan Engram QB Matt Barkley WR Aldrick Robinson WR Trent Taylor DST 49ers  FLEX Chris Godwin,,Geno Smith,1.28%,4.06
90,797221793,AdamLevitan (1/3),0,45.8,WR Cody Core TE Tyler Kroft RB Kareem Hunt WR Roger Lewis DST Giants  QB Joshua Dobbs RB Terrell Watson FLEX Aldrick Robinson WR Chris Godwin,,De'Anthony Thomas,1.02%,1.6
90,797221794,AdamLevitan (2/3),0,45.8,WR Cody Core TE Tyler Kroft RB Kareem Hunt WR Roger Lewis DST Giants  QB Joshua Dobbs RB Terrell Watson FLEX Aldrick Robinson WR Chris Godwin,,Kapri Bibbs,1.02%,0
90,797221795,AdamLevitan (3/3),0,45.8,WR Cody Core TE Tyler Kroft RB Kareem Hunt WR Roger Lewis DST Giants  QB Joshua Dobbs RB Terrell Watson FLEX Aldrick Robinson WR Chris Godwin,,Khalid Abdullah,1.02%,4.6
93,797303179,codyallison1026 (1/3),0,45.6,WR Cody Core TE Tyler Kroft RB Wayne Gallman QB Joshua Dobbs RB Terrell Watson FLEX JuJu Smith-Schuster WR Trent Taylor WR Mike Evans DST Buccaneers ,,Antonio Brown,1.02%,0
94,797350815,jparks31,0,45.5,WR Josh Malone RB Kareem Hunt WR Gehrig Dieter DST Chiefs  TE Evan Engram QB Joshua Dobbs RB Terrell Watson FLEX JuJu Smith-Schuster WR Chris Godwin,,Jesse James,1.02%,1.1
95,797249519,Dougiefresh0597 (3/3),0,45.46,QB AJ McCarron RB Joe Mixon WR Alex Erickson TE Tyler Kroft RB Orleans Darkwa WR Travis Rudolph DST Giants  WR Aldrick Robinson FLEX Trent Taylor,,Bobo Wilson,1.02%,2.1
96,797275526,Hoosierdaddy23,0,45.4,FLEX Joe Mixon RB Kareem Hunt DST Chiefs  WR Roger Lewis TE Evan Engram QB Joshua Dobbs RB Terrell Watson WR Trent Taylor WR Chris Godwin,,Alan Cross,0.77%,5
96,797389465,nagurski54 (1/3),0,45.4,WR Tyler Boyd RB Wayne Gallman FLEX Roger Lewis DST Giants  QB Joshua Dobbs RB Terrell Watson WR JuJu Smith-Schuster WR Aldrick Robinson TE O.J. Howard,,Garrett Celek,0.77%,3.4
96,797396650,Bonuscash (2/3),0,45.4,RB Joe Mixon WR Alex Erickson DST Bengals  RB Kareem Hunt WR Travis Rudolph TE Evan Engram QB Joshua Dobbs FLEX JuJu Smith-Schuster WR Trent Taylor,,Aaron Burbridge,0.77%,0
99,797308816,taze34,0,45.32,FLEX Joe Mixon WR A.J. Green TE Tyler Eifert QB Alex Smith RB Spencer Ware WR Brandon Marshall DST Giants  RB Charles Sims WR Mike Evans,,Jeremy Kerley,0.77%,0
100,797074077,BrandonPresley,0,45.3,RB Joe Mixon WR Seantavius Jones DST Chiefs  RB Wayne Gallman WR Aldrick Robinson WR Marquise Goodwin QB Ryan Fitzpatrick FLEX DeSean Jackson TE Cameron Brate,,Eli Manning,0.77%,0
101,797364461,Insomniarch (2/3),0,45.1,RB Kareem Hunt TE Gavin Escobar DST Chiefs  WR Travis Rudolph QB Joshua Dobbs RB Terrell Watson WR JuJu Smith-Schuster FLEX Mike Evans WR Chris Godwin,,Jerell Adams,0.77%,5.8
102,797269856,Justin-Q (1/3),0,44.9,RB Joe Mixon WR Alex Erickson TE Mason Schreck RB Orleans Darkwa QB Joshua Dobbs WR JuJu Smith-Schuster FLEX Aldrick Robinson DST 49ers  WR Chris Godwin,,Tyler Bray,0.77%,1.52
102,797364460,Insomniarch (1/3),0,44.9,RB Joe Mixon TE Gavin Escobar DST Chiefs  WR Travis Rudolph QB Joshua Dobbs RB Terrell Watson FLEX JuJu Smith-Schuster WR Trent Taylor WR Chris Godwin,,C.J. Beathard,0.77%,13.94
104,797309343,codyallison1026 (2/3),0,44.8,TE Tyler Kroft FLEX Kareem Hunt RB Wayne Gallman QB Joshua Dobbs RB Terrell Watson WR JuJu Smith-Schuster WR Trent Taylor WR Mike Evans DST Buccaneers ,,Alonzo Russell,0.77%,0
105,797396651,Bonuscash (3/3),0,44.7,RB Joe Mixon WR Josh Malone DST Bengals  RB Kareem Hunt WR Jehu Chesson TE Evan Engram QB Joshua Dobbs WR Canaan Severin FLEX Trent Taylor,,Pierre Garcon,0.77%,0
106,797364462,Insomniarch (3/3),0,44.6,RB Joe Mixon RB Kareem Hunt DST Chiefs  TE Evan Engram QB Joshua Dobbs WR JuJu Smith-Schuster WR Trent Taylor FLEX Mike Evans WR Chris Godwin,,Antony Auclair,0.77%,0
106,797293768,asnipes3,0,44.6,WR Alex Erickson TE Gavin Escobar WR Kevin Norwood DST Giants  QB Joshua Dobbs WR Cobi Hamilton RB Kapri Bibbs RB Peyton Barber FLEX Josh Huff,,Kyle Juszczyk,0.77%,0
108,797289927,HeyArnold1212,0,44.5,TE Tyler Kroft RB Kareem Hunt RB Wayne Gallman QB Joshua Dobbs FLEX Terrell Watson WR Marcus Tucker WR Trent Taylor WR Mike Evans DST Buccaneers ,,Trey Williams,0.77%,0
109,797257764,Meathead47 (1/3),0,44.46,RB Joe Mixon RB Kareem Hunt DST Chiefs  QB Geno Smith WR Travis Rudolph FLEX Terrell Watson WR Mike Evans WR Chris Godwin TE O.J. Howard,,Albert Wilson,0.77%,0
110,797209870,EliteLemonade (3/3),0,44.44,RB Joe Mixon TE Tyler Kroft WR Seantavius Jones QB Josh Johnson RB Wayne Gallman WR Travis Rudolph DST Steelers  WR Aldrick Robinson FLEX Chris Godwin,,Freddie Martino,0.51%,2.4
111,797274768,iampelly8,0,44.36,FLEX Joe Mixon WR Josh Malone QB Patrick Mahomes II RB Kareem Hunt DST Chiefs  RB Terrell Watson WR JuJu Smith-Schuster WR Chris Godwin TE O.J. Howard,,Kyle Nelson,0.51%,0
111,797271636,CW48175 (2/2),0,44.36,RB Joe Mixon QB Patrick Mahomes II RB Kareem Hunt DST Chiefs  FLEX Terrell Watson WR JuJu Smith-Schuster WR Aldrick Robinson WR Adam Humphries TE O.J. Howard,,Brian Hoyer,0.51%,0.12
113,797216478,KColonel1969 (1/3),0,44.3,DST Chiefs  RB Wayne Gallman FLEX Travis Rudolph TE Evan Engram QB Joshua Dobbs RB Terrell Watson WR JuJu Smith-Schuster WR Trent Taylor WR Chris Godwin,,Phazahn Odom,0.51%,0
113,797219080,statechamp215,0,44.3,RB Joe Mixon DST Chiefs  RB Fitzgerald Toussaint WR Cobi Hamilton QB Ryan Fitzpatrick WR Bernard Reedy WR Adam Humphries FLEX Derel Walker TE O.J. Howard,,Luke Stocker,0.51%,0
113,797238585,foxes3 (2/2),0,44.3,RB Kareem Hunt FLEX Wayne Gallman WR Travis Rudolph TE Evan Engram QB Joshua Dobbs RB Terrell Watson WR JuJu Smith-Schuster WR Mike Evans DST Buccaneers ,,Ryan Hewitt,0.51%,0
113,797335410,KillaRedOG (3/3),0,44.3,WR Tyler Boyd RB Kareem Hunt FLEX Roger Lewis QB Joshua Dobbs RB Terrell Watson WR Trent Taylor WR Mike Evans TE O.J. Howard DST Buccaneers ,,Jeff Driskel,0.51%,17.28
117,797336163,davidwiles (1/3),0,43.94,RB Stanley Williams FLEX Joe Mixon TE Ross Travis RB Wayne Gallman WR Travis Rudolph QB C.J. Beathard DST 49ers  WR Mike Evans WR Derel Walker,,Vance McDonald,0.51%,0
118,797277015,garyb123,0,43.8,WR Tyler Boyd TE Tyler Kroft RB Kareem Hunt QB Joshua Dobbs RB Terrell Watson FLEX Marcus Tucker WR Trent Taylor WR Mike Evans DST Buccaneers ,,Ross Travis,0.51%,1.3
119,797217622,warfsu (1/3),0,43.76,QB AJ McCarron WR Alex Erickson TE Tyler Kroft RB Orleans Darkwa FLEX Travis Rudolph DST Giants  RB Matt Breida WR Aldrick Robinson WR Chris Godwin,,Shaun Draughn,0.26%,0
119,797227606,Bonuzs,0,43.76,QB AJ McCarron WR Alex Erickson TE Tyler Kroft RB Orleans Darkwa WR Travis Rudolph DST Giants  RB Matt Breida WR Aldrick Robinson FLEX Chris Godwin,,Landry Jones,0.26%,0
119,797309067,ksparkles (3/3),0,43.76,QB AJ McCarron WR Alex Erickson TE Tyler Kroft RB Orleans Darkwa WR Travis Rudolph DST Giants  RB Matt Breida WR Aldrick Robinson FLEX Chris Godwin,,Travis Kelce,0.26%,0
119,797389007,tpolak25 (3/3),0,43.76,QB AJ McCarron WR Alex Erickson TE Tyler Kroft RB Orleans Darkwa FLEX Travis Rudolph DST Giants  RB Matt Breida WR Aldrick Robinson WR Chris Godwin,,John Ross,0.26%,0
123,797352429,bharrell23 (3/3),0,43.62,RB Tra Carson WR Demarcus Robinson RB Wayne Gallman TE Evan Engram DST Giants  QB Matt Barkley FLEX Matt Breida WR Trent Taylor WR Chris Godwin,,Russell Hansbrough,0.26%,2.7
124,797326009,kecksters (1/3),0,43.6,WR Tyler Boyd FLEX Kareem Hunt WR Roger Lewis QB Joshua Dobbs DST Steelers  RB Matt Breida WR Trent Taylor RB Doug Martin TE O.J. Howard,,Tevin Westbrook,0.26%,1.9
125,797207033,AllEyezOnMe7 (2/3),0,43.5,RB Joe Mixon WR Cody Core RB Orleans Darkwa TE Evan Engram DST Giants  QB Joshua Dobbs FLEX Matt Breida WR Trent Taylor WR Chris Godwin,,Jerome Lane,0.26%,4.7
125,797224131,mongo927 (1/3),0,43.5,TE Tyler Kroft RB Orleans Darkwa WR Travis Rudolph DST Giants  QB Joshua Dobbs WR JuJu Smith-Schuster RB Matt Breida WR Aldrick Robinson FLEX Chris Godwin,,Shaq Hill,0.26%,0
127,797243009,Dougiefresh0597 (2/3),0,43.3,RB Joe Mixon WR Alex Erickson TE Tyler Kroft RB Orleans Darkwa WR Travis Rudolph QB Joshua Dobbs WR JuJu Smith-Schuster FLEX Matt Breida DST 49ers ,,Brandon Brown-Dukes,0.26%,0
127,797349812,Rainey25,0,43.3,RB Joe Mixon FLEX C.J. Spiller TE Gavin Escobar DST Chiefs  QB Joshua Dobbs RB Terrell Watson WR JuJu Smith-Schuster WR Marquise Goodwin WR Trent Taylor,,Bart Houston,0.26%,1.16
129,797153852,quickerthanyou2,0,43.1,RB Joe Mixon WR Brandon LaFell WR Alex Erickson TE Tyler Kroft QB Landry Jones DST Steelers  RB Jeremy McNichols WR Adam Humphries FLEX Mike Evans,,Jarveon Williams,0.26%,0.9
129,797312447,kratter22 (1/3),0,43.1,WR Cody Core RB Kareem Hunt WR Seantavius Jones DST Chiefs  FLEX Orleans Darkwa TE Evan Engram QB Joshua Dobbs RB Terrell Watson WR Trent Taylor,,Tevin Jones,0.26%,0
129,797312448,kratter22 (2/3),0,43.1,WR Cody Core RB Kareem Hunt WR Seantavius Jones DST Chiefs  FLEX Orleans Darkwa TE Evan Engram QB Joshua Dobbs RB Terrell Watson WR Trent Taylor,,Quayvon Hicks,0.26%,0
129,797312449,kratter22 (3/3),0,43.1,WR Cody Core RB Kareem Hunt WR Seantavius Jones DST Chiefs  FLEX Orleans Darkwa TE Evan Engram QB Joshua Dobbs RB Terrell Watson WR Trent Taylor,,Bernard Reedy,0.26%,5.4
129,797342646,DVSninja (1/2),0,43.1,RB Joe Mixon RB Kareem Hunt DST Chiefs  QB Joshua Dobbs FLEX Terrell Watson WR JuJu Smith-Schuster WR Trent Taylor WR Chris Godwin TE O.J. Howard,,Ben Roethlisberger,0.26%,0
129,797349170,DVSninja (2/2),0,43.1,RB Joe Mixon RB Kareem Hunt DST Chiefs  QB Joshua Dobbs FLEX Terrell Watson WR JuJu Smith-Schuster WR Trent Taylor WR Chris Godwin TE O.J. Howard,,Roosevelt Nix,0.26%,0
135,797382240,tpolak25 (1/3),0,43,WR Alex Erickson TE Tyler Kroft RB Kareem Hunt RB Orleans Darkwa WR Travis Rudolph QB Joshua Dobbs WR JuJu Smith-Schuster DST Steelers  FLEX Chris Godwin,,Darrin Laufasa,0.26%,0
136,797301953,dookdog,0,42.93999,RB Kareem Hunt TE Gavin Escobar FLEX Wayne Gallman RB Terrell Watson WR JuJu Smith-Schuster QB C.J. Beathard WR Trent Taylor WR DeSean Jackson DST Buccaneers ,,Davis Webb,0.26%,2.68
137,797273312,zachrab1988,0,42.90001,RB Joe Mixon WR Alex Erickson FLEX Charcandrick West TE Gavin Escobar DST Chiefs  QB Joshua Dobbs WR Canaan Severin RB Matt Breida WR Chris Godwin,,James Conner,0.26%,0
138,797104063,volhawk10 (3/3),0,42.76,QB AJ McCarron WR Tyler Boyd WR Josh Malone RB Terrell Watson DST Steelers  RB Jeremy McNichols WR DeSean Jackson FLEX Josh Huff TE O.J. Howard,,Karel Hamilton,0.26%,0
139,797290273,bfoster,0,42.7,RB Joe Mixon WR Alex Erickson TE Gavin Escobar DST Chiefs  FLEX Darius Powe QB Joshua Dobbs WR JuJu Smith-Schuster RB Matt Breida WR Chris Godwin,,DeAndre Smelter,0.26%,0
140,797269861,Justin-Q (2/3),0,42.66,QB AJ McCarron RB Joe Mixon WR Alex Erickson TE Tyler Kroft FLEX Kareem Hunt WR Travis Rudolph DST Giants  RB Matt Breida WR Trent Taylor,,Logan Paulsen,0.26%,0
141,797284960,satellite-boys,0,42.46,QB AJ McCarron WR Alex Erickson RB Kareem Hunt TE Gavin Escobar DST Giants  WR JuJu Smith-Schuster RB Matt Breida FLEX Aldrick Robinson WR Chris Godwin,,Charcandrick West,0.26%,0.6
141,797350380,brianhaydt,0,42.46,QB AJ McCarron RB Joe Mixon WR Tyler Boyd DST Bengals  FLEX Kareem Hunt WR Roger Lewis WR Cobi Hamilton TE Xavier Grimble RB Joe Williams,,David Johnson,0.26%,0
143,797207317,strongarmbetting (1/3),0,42.42,RB Joe Mixon FLEX Kareem Hunt WR Roger Lewis TE Evan Engram DST Giants  WR JuJu Smith-Schuster QB Matt Barkley RB Matt Breida WR Trent Taylor,,Marcus Kemp,0.26%,6.1
144,797396649,Bonuscash (1/3),0,42.4,RB Joe Mixon WR Alex Erickson DST Bengals  RB Kareem Hunt WR Seantavius Jones FLEX Travis Rudolph TE Evan Engram QB Joshua Dobbs WR JuJu Smith-Schuster,,Victor Bolden Jr.,0.26%,0
145,797387238,twhite2896,0,42.32,WR A.J. Green TE Tyler Eifert QB Alex Smith RB Spencer Ware WR Tyreek Hill DST Chiefs  WR Antonio Brown RB Carlos Hyde FLEX Mike Evans,,,
146,797236108,foxes3 (1/2),0,42.3,RB Joe Mixon FLEX Kareem Hunt RB C.J. Spiller TE Gavin Escobar DST Chiefs  QB Joshua Dobbs WR Trent Taylor WR Mike Evans WR Chris Godwin,,,
146,797289632,bolts1282,0,42.3,WR Josh Malone RB Kareem Hunt WR Demarcus Robinson TE Gavin Escobar DST Chiefs  FLEX Roger Lewis QB Joshua Dobbs RB Terrell Watson WR Marcus Tucker,,,
146,797394816,shipper21 (2/3),0,42.3,RB Stanley Williams WR Tyler Boyd RB Kareem Hunt DST Chiefs  TE Evan Engram QB Joshua Dobbs WR Aldrick Robinson FLEX Adam Humphries WR Mike Evans,,,
149,797219271,matty80 (2/3),0,42.2,TE Mason Schreck RB Orleans Darkwa WR Travis Rudolph QB Joshua Dobbs FLEX Marcus Tucker RB Matt Breida WR Aldrick Robinson DST 49ers  WR Chris Godwin,,,
150,797342246,tooz217,0,42.1,RB Joe Mixon FLEX Kareem Hunt QB Joshua Dobbs WR Justin Hunter DST Steelers  WR Aldrick Robinson RB Peyton Barber WR Derel Walker TE O.J. Howard,,,
151,797323509,andygolf16 (2/3),0,42.06,QB AJ McCarron WR Cody Core RB Kareem Hunt TE Gavin Escobar DST Giants  RB Terrell Watson WR Trent Taylor FLEX Doug Martin WR Mike Evans,,,
152,797217624,warfsu (2/3),0,42,RB Joe Mixon WR Alex Erickson TE Tyler Kroft DST Chiefs  RB Orleans Darkwa QB Joshua Dobbs WR JuJu Smith-Schuster FLEX Matt Breida WR Chris Godwin,,,
152,797269588,mhankin (2/2),0,42,FLEX Joe Mixon WR Alex Erickson WR Demarcus Robinson RB Wayne Gallman QB Joshua Dobbs RB Terrell Watson WR JuJu Smith-Schuster TE O.J. Howard DST Buccaneers ,,,
154,797252341,Skadoosh (2/2),0,41.56,QB AJ McCarron RB Joe Mixon WR Alex Erickson TE Tyler Kroft RB Kareem Hunt WR Travis Rudolph DST Giants  FLEX JuJu Smith-Schuster WR Aldrick Robinson,,,
155,797232847,rxbeer79 (2/2),0,41.46,QB AJ McCarron FLEX Devine Redding TE Gavin Escobar DST Chiefs  RB Wayne Gallman WR Roger Lewis RB Terrell Watson WR Cobi Hamilton WR Marcus Tucker,,,
156,797217939,theleafnode (3/3),0,41.44,WR Alex Erickson TE Tyler Kroft RB Kareem Hunt QB Josh Johnson RB Orleans Darkwa FLEX Travis Rudolph DST Steelers  WR Trent Taylor WR Chris Godwin,,,
157,797348872,ryandaug77,0,41.36,FLEX Joe Mixon QB Patrick Mahomes II DST Giants  WR JuJu Smith-Schuster RB Joe Williams WR Aldrick Robinson RB Jeremy McNichols WR Chris Godwin TE O.J. Howard,,,
158,797206566,hsparker1,0,41.26,RB Joe Mixon FLEX Jeremy Hill WR A.J. Green TE Tyler Eifert RB Khalid Abdullah DST Giants  QB Jameis Winston WR DeSean Jackson WR Mike Evans,,,
159,797248949,Genghis_Khan1 (1/3),0,41.1,RB Joe Mixon RB Kareem Hunt DST Giants  QB Joshua Dobbs WR JuJu Smith-Schuster FLEX Matt Breida WR Trent Taylor WR Chris Godwin TE O.J. Howard,,,
159,797248951,Genghis_Khan1 (3/3),0,41.1,RB Joe Mixon RB Kareem Hunt DST Giants  QB Joshua Dobbs WR JuJu Smith-Schuster TE Xavier Grimble FLEX Matt Breida WR Trent Taylor WR Chris Godwin,,,
159,797261870,Meathead47 (3/3),0,41.1,RB Joe Mixon WR Cody Core RB C.J. Spiller TE Gavin Escobar DST Chiefs  WR Travis Rudolph QB Joshua Dobbs FLEX Terrell Watson WR Chris Godwin,,,
159,797360726,centaur83,0,41.1,WR Alex Erickson TE Tyler Kroft FLEX Kareem Hunt RB Orleans Darkwa WR Travis Rudolph DST Giants  QB Joshua Dobbs RB Matt Breida WR Chris Godwin,,,
163,797037190,pathagearty,0,41.06,RB Joe Mixon QB Patrick Mahomes II WR De'Anthony Thomas FLEX Roger Lewis DST Steelers  WR Trent Taylor RB Peyton Barber WR Chris Godwin TE O.J. Howard,,,
163,797241978,Quake211 (2/3),0,41.06,QB AJ McCarron FLEX Joe Mixon WR Alex Erickson TE Tyler Kroft RB Kareem Hunt RB Orleans Darkwa WR Travis Rudolph DST Giants  WR Aldrick Robinson,,,
165,797204197,zenetzuken8,0,41,RB Tra Carson TE Gavin Escobar WR Dwayne Harris QB Joshua Dobbs WR JuJu Smith-Schuster DST Steelers  RB Joe Williams WR Chris Godwin FLEX Luke Stocker,,,
166,797030523,dasmith1414 (3/3),0,40.9,FLEX Kareem Hunt QB Joshua Dobbs RB Terrell Watson WR JuJu Smith-Schuster RB Joe Williams WR Trent Taylor WR Chris Godwin TE O.J. Howard DST Buccaneers ,,,
167,797022310,dasmith1414 (1/3),0,40.7,WR Tyler Boyd DST Chiefs  FLEX Orleans Darkwa QB Joshua Dobbs RB Terrell Watson WR JuJu Smith-Schuster RB Matt Breida WR Chris Godwin TE O.J. Howard,,,
168,797273995,Jrncn0228,0,40.56,FLEX Jeremy Hill RB Giovani Bernard WR A.J. Green TE Tyler Eifert DST Steelers  QB Jameis Winston RB Peyton Barber WR DeSean Jackson WR Mike Evans,,,
169,797236174,Cuddy120 (1/3),0,40.4,RB Joe Mixon WR Alex Erickson RB Orleans Darkwa WR Travis Rudolph TE Evan Engram QB Joshua Dobbs WR JuJu Smith-Schuster DST 49ers  FLEX Chris Godwin,,,
169,797257770,Meathead47 (2/3),0,40.4,WR Karel Hamilton WR Josh Malone RB Kareem Hunt TE Gavin Escobar DST Chiefs  WR Travis Rudolph QB Joshua Dobbs RB Jeremy McNichols FLEX Mike Evans,,,
171,797323460,andygolf16 (1/3),0,40.3,FLEX C.J. Spiller DST Chiefs  RB Wayne Gallman QB Joshua Dobbs RB Terrell Watson WR Marcus Tucker WR Trent Taylor WR Chris Godwin TE O.J. Howard,,,
171,797316774,h3budda,0,40.3,WR Tyler Boyd TE Tyler Kroft FLEX Kareem Hunt RB Wayne Gallman QB Joshua Dobbs RB Terrell Watson WR JuJu Smith-Schuster WR Mike Evans DST Buccaneers ,,,
173,797336172,davidwiles (3/3),0,40.16,QB AJ McCarron RB Joe Mixon FLEX Brandon LaFell WR Josh Malone DST Chiefs  WR Darius Powe RB Terrell Watson WR Josh Huff TE O.J. Howard,,,
174,797255707,lambkao,0,40.1,RB Kareem Hunt DST Chiefs  WR Kevin Norwood WR Roger Lewis RB Joe Williams WR Aldrick Robinson QB Ryan Fitzpatrick FLEX Freddie Martino TE Antony Auclair,,,
174,797262409,bundlesofluv,0,40.1,WR Tyler Boyd RB Kareem Hunt TE Demetrius Harris QB Joshua Dobbs WR Cobi Hamilton WR JuJu Smith-Schuster RB Joe Williams FLEX Adam Humphries DST Buccaneers ,,,
176,797335396,KillaRedOG (2/3),0,40.06,RB Kareem Hunt DST Chiefs  FLEX Wayne Gallman WR Roger Lewis RB Terrell Watson WR Marcus Tucker QB Jameis Winston WR Mike Evans TE O.J. Howard,,,
177,797291770,flantj (2/3),0,40,RB Joe Mixon WR Cody Core RB C.J. Spiller FLEX Wayne Gallman WR Travis Rudolph QB Joshua Dobbs WR Eli Rogers TE Xavier Grimble DST Steelers ,,,
178,797275524,Archibus (2/3),0,39.9,RB Tra Carson WR Josh Malone FLEX C.J. Spiller RB Wayne Gallman DST Giants  QB Joshua Dobbs WR Darrius Heyward-Bey WR Chris Godwin TE O.J. Howard,,,
179,797369083,BomberFD (3/3),0,39.8,RB Stanley Williams WR Seantavius Jones WR Tyreek Hill QB Joshua Dobbs RB Terrell Watson FLEX Matt Breida WR Marquise Goodwin TE Cole Hikutini DST Buccaneers ,,,
179,797285001,FPDyno101 (2/3),0,39.8,FLEX Joe Mixon RB C.J. Spiller WR Seantavius Jones DST Chiefs  QB Joshua Dobbs RB Fitzgerald Toussaint WR Aldrick Robinson WR Chris Godwin TE O.J. Howard,,,
181,797295364,jbuss,0,39.76,QB AJ McCarron RB Joe Mixon WR Alex Erickson TE Tyler Kroft FLEX Kareem Hunt RB Orleans Darkwa DST Giants  WR Aldrick Robinson WR Chris Godwin,,,
182,797267486,polishpiranha (2/3),0,39.7,RB Stanley Williams FLEX Tyler Kroft DST Chiefs  QB Joshua Dobbs RB Terrell Watson WR Marcus Tucker WR Mike Evans WR Chris Godwin TE O.J. Howard,,,
182,797369082,BomberFD (2/3),0,39.7,RB Joe Mixon WR Seantavius Jones TE Evan Engram QB Joshua Dobbs RB Terrell Watson WR JuJu Smith-Schuster FLEX Marquise Goodwin WR Chris Godwin DST Buccaneers ,,,
184,797286046,flantj (1/3),0,39.6,RB Joe Mixon RB Devine Redding FLEX Wayne Gallman WR Travis Rudolph TE Evan Engram QB Joshua Dobbs WR Eli Rogers WR JuJu Smith-Schuster DST Steelers ,,,
185,797183316,Bigeasyls3 (1/3),0,39.46,FLEX Joe Mixon WR Josh Malone QB Patrick Mahomes II RB Kareem Hunt WR Seantavius Jones DST Chiefs  RB Wayne Gallman TE Evan Engram WR JuJu Smith-Schuster,,,
185,797191343,Bigeasyls3 (2/3),0,39.46,FLEX Joe Mixon WR Josh Malone QB Patrick Mahomes II RB Kareem Hunt WR Seantavius Jones DST Chiefs  RB Wayne Gallman TE Evan Engram WR JuJu Smith-Schuster,,,
185,797191368,Bigeasyls3 (3/3),0,39.46,FLEX Joe Mixon WR Josh Malone QB Patrick Mahomes II RB Kareem Hunt WR Seantavius Jones DST Chiefs  RB Wayne Gallman TE Evan Engram WR JuJu Smith-Schuster,,,
188,797207030,AllEyezOnMe7 (1/3),0,39.44,FLEX Joe Mixon DST Bengals  RB Kareem Hunt QB Josh Johnson RB Orleans Darkwa WR Travis Rudolph TE Evan Engram WR Canaan Severin WR Aldrick Robinson,,,
189,797298220,Fritz78,0,39.42,FLEX Joe Mixon WR A.J. Green QB Alex Smith RB Spencer Ware WR Tyreek Hill DST Chiefs  WR Brandon Marshall TE Will Tye RB Charles Sims,,,
190,797269869,Justin-Q (3/3),0,39.3,FLEX Gehrig Dieter DST Chiefs  WR Travis Rudolph TE Evan Engram QB Joshua Dobbs RB Terrell Watson WR JuJu Smith-Schuster WR Marquise Goodwin RB Jeremy McNichols,,,
191,797335392,KillaRedOG (1/3),0,38.96,RB Stanley Williams FLEX Joe Mixon WR Tyler Boyd TE Tyler Kroft QB Patrick Mahomes II RB Kareem Hunt DST Chiefs  WR Aldrick Robinson WR Trent Taylor,,,
192,797228352,seabreezy8 (3/3),0,38.9,RB Tra Carson WR Alex Erickson FLEX Kareem Hunt DST Chiefs  WR Travis Rudolph QB Joshua Dobbs RB Fitzgerald Toussaint WR Marcus Tucker TE O.J. Howard,,,
193,797213999,MephistoIi (2/3),0,38.86,DST Chiefs  FLEX Travis Rudolph TE Evan Engram RB Knile Davis WR Trent Taylor QB Jameis Winston RB Doug Martin WR Mike Evans WR Derel Walker,,,
194,797387636,shipper21 (1/3),0,38.8,RB Joe Mixon WR Tyler Boyd RB Kareem Hunt DST Chiefs  TE Evan Engram QB Joshua Dobbs WR Aldrick Robinson WR DeSean Jackson FLEX Adam Humphries,,,
195,797222751,dkeefer (1/3),0,38.66,QB AJ McCarron FLEX Joe Mixon WR Alex Erickson TE Tyler Kroft RB Orleans Darkwa WR Travis Rudolph DST Giants  RB Matt Breida WR Chris Godwin,,,
196,797160831,jlomary,0,38.5,FLEX Jeremy Hill WR A.J. Green WR Tyreek Hill DST Chiefs  TE Will Tye QB Joshua Dobbs RB Tim Hightower RB Doug Martin WR Mike Evans,,,
197,797253978,drewbos11 (2/2),0,38.4,FLEX Kareem Hunt RB Wayne Gallman TE Evan Engram DST Giants  QB Joshua Dobbs WR JuJu Smith-Schuster RB Joe Williams WR Trent Taylor WR Josh Huff,,,
198,797273125,kingcheese (3/3),0,38.1,RB Joe Mixon WR Tyler Boyd RB Kareem Hunt DST Chiefs  QB Joshua Dobbs WR JuJu Smith-Schuster FLEX Joe Williams WR Trent Taylor TE O.J. Howard,,,
199,797222012,h3on22s,0,38,WR Josh Malone RB Kareem Hunt DST Chiefs  FLEX Wayne Gallman QB Joshua Dobbs WR JuJu Smith-Schuster WR Trent Taylor RB Jeremy McNichols TE O.J. Howard,,,
199,797260308,SoulChild (2/3),0,38,TE Mason Schreck RB Kareem Hunt RB C.J. Spiller WR Seantavius Jones WR Darius Powe QB Joshua Dobbs WR Aldrick Robinson FLEX Trent Taylor DST Buccaneers ,,,
199,797275518,Archibus (1/3),0,38,RB Kareem Hunt RB C.J. Spiller DST Chiefs  WR Darius Powe TE Evan Engram QB Joshua Dobbs FLEX Terrell Watson WR Marcus Tucker WR Chris Godwin,,,
202,797352405,bharrell23 (2/3),0,37.9,RB Joe Mixon WR Alex Erickson RB Kareem Hunt WR Roger Lewis QB Joshua Dobbs TE Xavier Grimble FLEX Joe Williams WR Chris Godwin DST Buccaneers ,,,
203,797343256,ThaBizness (1/3),0,37.86,QB AJ McCarron RB Joe Mixon RB Kareem Hunt DST Chiefs  WR Travis Rudolph TE Evan Engram FLEX Matt Breida WR Trent Taylor WR Chris Godwin,,,
203,797349792,ThaBizness (2/3),0,37.86,QB AJ McCarron RB Joe Mixon RB Kareem Hunt DST Chiefs  WR Travis Rudolph TE Evan Engram FLEX Matt Breida WR Trent Taylor WR Chris Godwin,,,
203,797349796,ThaBizness (3/3),0,37.86,QB AJ McCarron RB Joe Mixon RB Kareem Hunt DST Chiefs  WR Travis Rudolph TE Evan Engram FLEX Matt Breida WR Trent Taylor WR Chris Godwin,,,
206,797399092,drewshoee (2/2),0,37.66,QB AJ McCarron FLEX Giovani Bernard WR Alex Erickson WR Albert Wilson DST Chiefs  TE Jerell Adams RB Terrell Watson RB Jacquizz Rodgers WR Josh Huff,,,
207,797217937,theleafnode (1/3),0,37.6,WR Alex Erickson TE Mason Schreck RB Kareem Hunt RB Orleans Darkwa WR Travis Rudolph DST Giants  QB Joshua Dobbs WR Trent Taylor FLEX Derel Walker,,,
207,797275339,GoNolez,0,37.6,TE Tyler Kroft RB Orleans Darkwa WR Travis Rudolph DST Giants  QB Joshua Dobbs WR Canaan Severin FLEX JuJu Smith-Schuster RB Matt Breida WR Chris Godwin,,,
209,797309346,codyallison1026 (3/3),0,37.5,TE Tyler Kroft FLEX Kareem Hunt RB Wayne Gallman WR Roger Lewis QB Joshua Dobbs RB Terrell Watson WR JuJu Smith-Schuster WR Trent Taylor DST Buccaneers ,,,
209,797384936,jschwerd,0,37.5,RB Joe Mixon DST Bengals  FLEX C.J. Spiller WR Roger Lewis QB Joshua Dobbs WR JuJu Smith-Schuster RB Matt Breida WR Chris Godwin TE O.J. Howard,,,
211,797222520,Maverick69 (2/3),0,37.26,FLEX Joe Mixon QB Patrick Mahomes II RB C.J. Spiller DST Giants  WR JuJu Smith-Schuster RB Matt Breida WR Trent Taylor WR Derel Walker TE O.J. Howard,,,
212,797220721,BHDevil,0,37,FLEX Kareem Hunt RB C.J. Spiller DST Chiefs  RB Wayne Gallman WR Travis Rudolph QB Joshua Dobbs WR Mike Evans WR Chris Godwin TE O.J. Howard,,,
212,797211164,butchismyhomie,0,37,WR Tyler Boyd FLEX Kareem Hunt RB Wayne Gallman WR Roger Lewis QB Joshua Dobbs RB Terrell Watson WR Trent Taylor TE O.J. Howard DST Buccaneers ,,,
212,797222469,sm1tty199,0,37,RB Joe Mixon DST Bengals  RB Kareem Hunt FLEX Seantavius Jones QB Joshua Dobbs WR JuJu Smith-Schuster WR Trent Taylor TE Cole Hikutini WR Chris Godwin,,,
212,797267487,polishpiranha (3/3),0,37,WR Cody Core TE Tyler Kroft RB C.J. Spiller WR Roger Lewis DST Giants  QB Joshua Dobbs RB Terrell Watson FLEX Marcus Tucker WR Josh Huff,,,
216,797230190,breadmaster216 (2/2),0,36.88,QB Jeff Driskel FLEX Stanley Williams RB Darrin Laufasa RB Giovani Bernard WR Brandon LaFell WR Alonzo Russell WR Tyler Boyd TE Ryan Hewitt DST Steelers ,,,
217,797202638,Freeannyong (2/3),0,36.86,QB AJ McCarron TE Tyler Kroft RB C.J. Spiller WR Roger Lewis DST Giants  WR JuJu Smith-Schuster RB Matt Breida FLEX Aldrick Robinson WR Chris Godwin,,,
218,797393759,elisettoon45 (3/3),0,36.76,QB AJ McCarron RB Joe Mixon WR Alex Erickson TE Tyler Kroft DST Bengals  RB Kareem Hunt WR Demarcus Robinson FLEX Matt Breida WR Chris Godwin,,,
219,797393164,DrEvil1996,0,36.7,TE Tyler Kroft RB Kareem Hunt FLEX Orleans Darkwa QB Joshua Dobbs RB Terrell Watson WR JuJu Smith-Schuster WR Trent Taylor WR Chris Godwin DST Buccaneers ,,,
220,797222687,Zeechamp (2/3),0,36.66,QB AJ McCarron RB Joe Mixon WR Alex Erickson TE Tyler Kroft RB Kareem Hunt DST Chiefs  WR Travis Rudolph FLEX Trent Taylor WR Chris Godwin,,,
220,797334850,CaliberColt,0,36.66,QB Patrick Mahomes II FLEX C.J. Spiller WR Marcus Kemp RB Wayne Gallman WR Darius Powe TE Evan Engram DST Giants  RB Matt Breida WR Derel Walker,,,
220,797367035,mega8917,0,36.66,QB AJ McCarron RB Joe Mixon FLEX Kareem Hunt TE Gavin Escobar WR Travis Rudolph DST Giants  WR JuJu Smith-Schuster RB Matt Breida WR Trent Taylor,,,
223,797329711,andygolf16 (3/3),0,36.6,WR Alex Erickson RB Kareem Hunt TE Gavin Escobar RB Wayne Gallman WR Darius Powe QB Joshua Dobbs FLEX Matt Breida WR Chris Godwin DST Buccaneers ,,,
223,797380915,jcrowlonghorn (1/3),0,36.6,RB Joe Mixon WR Cody Core FLEX Kareem Hunt TE Gavin Escobar DST Chiefs  WR Roger Lewis QB Joshua Dobbs WR JuJu Smith-Schuster RB Matt Breida,,,
225,797267497,kingcheese (1/3),0,36.46,RB Joe Mixon WR Tyler Boyd QB Patrick Mahomes II RB Kareem Hunt DST Chiefs  WR JuJu Smith-Schuster FLEX Joe Williams WR Trent Taylor TE O.J. Howard,,,
226,797386213,elisettoon45 (1/3),0,36.34,RB Tra Carson WR Alex Erickson TE Tyler Kroft DST Chiefs  QB Josh Johnson RB Orleans Darkwa WR JuJu Smith-Schuster WR Trent Taylor FLEX Peyton Barber,,,
227,797311186,jegers22,0,36.22,RB C.J. Spiller WR Gehrig Dieter TE Evan Engram DST Giants  RB Knile Davis WR Justin Hunter QB Matt Barkley FLEX Matt Breida WR Marquise Goodwin,,,
228,797248950,Genghis_Khan1 (2/3),0,36.2,RB Joe Mixon RB Kareem Hunt FLEX Darius Powe DST Giants  QB Joshua Dobbs WR JuJu Smith-Schuster TE Xavier Grimble WR Trent Taylor WR Chris Godwin,,,
229,797103974,volhawk10 (2/3),0,35.92,QB Alex Smith RB Kareem Hunt FLEX Chris Conley WR Gehrig Dieter WR Tyreek Hill DST Giants  RB Tim Hightower WR Trent Taylor TE Garrett Celek,,,
230,797208902,note4jason (3/3),0,35.9,WR Roger Lewis QB Joshua Dobbs WR Justin Hunter WR JuJu Smith-Schuster DST Steelers  RB Joe Williams FLEX Carlos Hyde RB Jeremy McNichols TE O.J. Howard,,,
230,797393785,Eoin415 (2/2),0,35.9,RB Kareem Hunt WR Travis Rudolph DST Giants  QB Joshua Dobbs FLEX Knile Davis WR Justin Hunter RB Matt Breida WR Chris Godwin TE O.J. Howard,,,
232,797292824,MickeyG10,0,35.76,QB AJ McCarron RB Joe Mixon WR Alex Erickson RB Kareem Hunt WR Seantavius Jones DST Chiefs  FLEX Travis Rudolph TE Evan Engram WR Chris Godwin,,,
233,797214343,strongarmbetting (3/3),0,35.7,RB Stanley Williams FLEX Kareem Hunt DST Chiefs  WR Roger Lewis TE Evan Engram QB Joshua Dobbs WR Canaan Severin WR JuJu Smith-Schuster RB Matt Breida,,,
234,797256681,BrimSpliffs (1/2),0,35.6,RB Joe Mixon WR Alex Erickson DST Chiefs  TE Evan Engram QB Joshua Dobbs FLEX Fitzgerald Toussaint WR Justin Hunter WR JuJu Smith-Schuster RB Jeremy McNichols,,,
234,797256692,BrimSpliffs (2/2),0,35.6,RB Joe Mixon WR Alex Erickson DST Chiefs  TE Evan Engram QB Joshua Dobbs FLEX Fitzgerald Toussaint WR Justin Hunter WR JuJu Smith-Schuster RB Jeremy McNichols,,,
236,797243438,Bidgood,0,35.56,QB AJ McCarron RB Joe Mixon FLEX Alex Erickson WR De'Anthony Thomas RB Orleans Darkwa WR Roger Lewis DST Giants  WR Trent Taylor TE Antony Auclair,,,
237,797353330,chaakenson,0,35.36,QB AJ McCarron RB Joe Mixon WR Alex Erickson FLEX Kareem Hunt DST Chiefs  RB Wayne Gallman WR JuJu Smith-Schuster WR Trent Taylor TE O.J. Howard,,,
238,797238874,clasicgoal (1/3),0,35.3,WR Chris Conley DST Chiefs  RB Orleans Darkwa FLEX Roger Lewis QB Joshua Dobbs WR Justin Hunter TE Xavier Grimble RB Matt Breida WR Chris Godwin,,,
239,797235256,erinnicole03,0,35.26,RB Joe Mixon QB Patrick Mahomes II RB Kareem Hunt WR Jehu Chesson TE Demetrius Harris DST Chiefs  FLEX Brandon Marshall WR Cobi Hamilton WR Justin Hunter,,,
240,797336346,PistolPete216,0,35.2,RB Joe Mixon DST Bengals  RB Devine Redding WR Travis Rudolph TE Evan Engram QB Joshua Dobbs WR Justin Hunter WR Eli Rogers FLEX Matt Breida,,,
240,797368753,BomberFD (1/3),0,35.2,RB Kareem Hunt WR Seantavius Jones FLEX Tyreek Hill TE Evan Engram QB Joshua Dobbs WR JuJu Smith-Schuster RB Matt Breida WR Chris Godwin DST Buccaneers ,,,
242,797228281,chrisgo418,0,35.1,WR Alex Erickson RB Kareem Hunt WR Kevin Norwood TE Evan Engram QB Joshua Dobbs WR JuJu Smith-Schuster RB Joe Williams FLEX Jeremy McNichols DST Buccaneers ,,,
243,797380917,jcrowlonghorn (3/3),0,35.06,QB AJ McCarron RB Joe Mixon WR Josh Malone FLEX Kareem Hunt DST Chiefs  WR Darius Powe RB Matt Breida TE Vance McDonald WR Derel Walker,,,
243,797222515,Maverick69 (1/3),0,35.06,FLEX Stanley Williams WR Cody Core QB Patrick Mahomes II RB Kareem Hunt DST Giants  WR JuJu Smith-Schuster RB Matt Breida WR Trent Taylor TE O.J. Howard,,,
243,797229707,Maverick69 (3/3),0,35.06,FLEX Stanley Williams WR Cody Core QB Patrick Mahomes II RB Kareem Hunt DST Giants  WR JuJu Smith-Schuster RB Matt Breida WR Trent Taylor TE O.J. Howard,,,
246,797218050,MikieNel,0,35.02,RB Giovani Bernard WR A.J. Green TE Tyler Eifert QB Alex Smith RB Spencer Ware WR Odell Beckham Jr. WR Antonio Brown DST Steelers  FLEX Pierre Garcon,,,
247,797233142,Johnnyp135 (1/3),0,34.84,WR Alex Erickson TE Mason Schreck RB Kareem Hunt RB C.J. Spiller QB Josh Johnson WR Roger Lewis WR Travis Rudolph DST Giants  FLEX Trent Taylor,,,
248,797354018,Fatguyballer,0,34.8,WR Tyler Boyd RB Kareem Hunt DST Chiefs  RB Orleans Darkwa TE Evan Engram QB Joshua Dobbs WR JuJu Smith-Schuster FLEX Aldrick Robinson WR Derel Walker,,,
249,797376770,Mafios0 (2/2),0,34.7,FLEX Kareem Hunt TE Gavin Escobar DST Chiefs  QB Joshua Dobbs RB Terrell Watson WR JuJu Smith-Schuster WR Marcus Tucker RB Doug Martin WR Chris Godwin,,,
250,797177674,STCLAIR75,0,34.62,RB Jeremy Hill WR Brandon LaFell TE Tyler Eifert FLEX Devine Redding RB Spencer Ware WR Brandon Marshall DST Steelers  QB Brian Hoyer WR DeSean Jackson,,,
250,797331014,power182,0,34.62,QB Andy Dalton RB Joe Mixon TE Tyler Eifert FLEX Devine Redding WR Demarcus Robinson WR Tyreek Hill RB Khalid Abdullah WR Marcus Tucker DST Steelers ,,,
252,797202112,EliteLemonade (2/3),0,34.54,RB Joe Mixon TE Tyler Kroft RB C.J. Spiller WR Demarcus Robinson QB Josh Johnson FLEX Wayne Gallman WR Travis Rudolph WR JuJu Smith-Schuster DST Steelers ,,,
253,797222686,Zeechamp (1/3),0,34.5,RB Joe Mixon TE Tyler Kroft RB Kareem Hunt DST Chiefs  WR Travis Rudolph QB Joshua Dobbs FLEX Canaan Severin WR JuJu Smith-Schuster WR Chris Godwin,,,
253,797229872,Zeechamp (3/3),0,34.5,RB Joe Mixon TE Tyler Kroft RB Kareem Hunt WR Travis Rudolph QB Joshua Dobbs WR JuJu Smith-Schuster FLEX Matt Breida WR Chris Godwin DST Buccaneers ,,,
255,797285000,FPDyno101 (1/3),0,34.4,RB Kareem Hunt WR Seantavius Jones DST Chiefs  QB Joshua Dobbs RB Fitzgerald Toussaint FLEX Martavis Bryant WR Aldrick Robinson WR Chris Godwin TE O.J. Howard,,,
256,797233849,rdog (3/3),0,34.3,WR Dwayne Harris QB Joshua Dobbs FLEX Darrius Heyward-Bey WR Justin Hunter RB Matt Breida DST 49ers  RB Peyton Barber WR Chris Godwin TE Alan Cross,,,
256,797269433,ebsteelers,0,34.3,RB C.J. Spiller DST Chiefs  WR Travis Rudolph TE Jerell Adams QB Joshua Dobbs WR Justin Hunter WR Demarcus Ayers FLEX Joe Williams RB Peyton Barber,,,
258,797292121,flantj (3/3),0,34.26,QB AJ McCarron RB Joe Mixon WR Cody Core RB C.J. Spiller FLEX Wayne Gallman WR Travis Rudolph WR Eli Rogers DST Steelers  TE O.J. Howard,,,
259,797252885,swiftyjb,0,34.22,FLEX Joe Mixon RB Kareem Hunt WR Demarcus Robinson DST Giants  WR JuJu Smith-Schuster QB Matt Barkley RB Joe Williams WR Marquise Goodwin TE O.J. Howard,,,
260,797368997,doughboy123,0,34.2,QB Joshua Dobbs RB Fitzgerald Toussaint WR Justin Hunter WR JuJu Smith-Schuster FLEX Carlos Hyde RB Jacquizz Rodgers WR Mike Evans TE Cameron Brate DST Buccaneers ,,,
261,797346787,kiztulance09,0,34.1,RB Joe Mixon FLEX Kareem Hunt DST Chiefs  WR Travis Rudolph TE Evan Engram QB Joshua Dobbs RB Fitzgerald Toussaint WR JuJu Smith-Schuster WR Chris Godwin,,,
262,797192569,garbagepointswin,0,34,FLEX Joe Mixon RB Kareem Hunt DST Chiefs  QB Joshua Dobbs WR JuJu Smith-Schuster TE Phazahn Odom WR Trent Taylor RB Peyton Barber WR DeSean Jackson,,,
263,797239033,clasicgoal (3/3),0,33.78,RB Joe Mixon WR Chris Conley DST Chiefs  QB Davis Webb FLEX Roger Lewis WR Justin Hunter TE Xavier Grimble RB Matt Breida WR Chris Godwin,,,
264,797215144,M0Chiefs,0,33.66,RB Joe Mixon WR Tyler Boyd QB Patrick Mahomes II RB Kareem Hunt WR Demarcus Robinson DST Chiefs  FLEX Paul Perkins TE Xavier Grimble WR Mike Evans,,,
265,797377585,psualum,0,33.6,RB Joe Mixon RB C.J. Spiller DST Chiefs  WR Kevin Norwood WR Roger Lewis QB Joshua Dobbs WR Eli Rogers FLEX Trent Taylor TE O.J. Howard,,,
266,797367398,RickB77,0,33.56,RB Joe Mixon FLEX Brandon LaFell QB Patrick Mahomes II DST Chiefs  WR Roger Lewis WR JuJu Smith-Schuster RB Jeremy McNichols WR Chris Godwin TE Cameron Brate,,,
267,797274686,bucsKG,0,33.3,RB Kareem Hunt DST Chiefs  FLEX Roger Lewis TE Evan Engram QB Joshua Dobbs WR JuJu Smith-Schuster WR Trent Taylor RB Jeremy McNichols WR Chris Godwin,,,
268,797348750,ac2529,0,33.26,RB Joe Mixon WR Cody Core QB Patrick Mahomes II FLEX Kareem Hunt DST Chiefs  RB Fitzgerald Toussaint WR JuJu Smith-Schuster WR Trent Taylor TE O.J. Howard,,,
269,797208780,Freddy172,0,33.2,RB Joe Mixon WR Alonzo Russell WR Tyler Boyd QB Joshua Dobbs RB Brandon Brown-Dukes FLEX Fitzgerald Toussaint DST Steelers  WR Josh Huff TE O.J. Howard,,,
270,797338019,jeremiah12483,0,33.18,WR Josh Malone RB Kareem Hunt DST Chiefs  WR JuJu Smith-Schuster RB Joe Williams QB Ryan Griffin FLEX Peyton Barber WR Chris Godwin TE O.J. Howard,,,
271,797221100,seabreezy8 (2/3),0,33.16,QB AJ McCarron RB Tra Carson WR Alex Erickson FLEX Kareem Hunt DST Chiefs  WR Travis Rudolph RB Fitzgerald Toussaint WR Marcus Tucker TE O.J. Howard,,,
272,797123305,Babyhuey2015,0,33.1,RB Joe Mixon TE Demetrius Harris DST Chiefs  WR Roger Lewis QB Joshua Dobbs RB Knile Davis WR Eli Rogers WR JuJu Smith-Schuster FLEX Chris Godwin,,,
273,797273026,Steenboat83 (1/2),0,33.02,FLEX Joe Mixon WR Demarcus Robinson RB Wayne Gallman DST Giants  RB Knile Davis WR JuJu Smith-Schuster QB Matt Barkley TE Logan Paulsen WR Josh Huff,,,
274,797215575,Flip4Flop (2/2),0,33,WR Tyler Boyd FLEX Kareem Hunt RB Wayne Gallman WR Roger Lewis QB Joshua Dobbs RB Terrell Watson WR JuJu Smith-Schuster TE O.J. Howard DST Buccaneers ,,,
275,797394822,shipper21 (3/3),0,32.9,RB Joe Mixon WR Cody Core WR Tyler Boyd RB Kareem Hunt WR Seantavius Jones DST Chiefs  TE Evan Engram QB Joshua Dobbs FLEX Adam Humphries,,,
276,797360773,bela23,0,32.88,WR Tyreek Hill DST Chiefs  WR JuJu Smith-Schuster RB Tim Hightower WR Jeremy Kerley QB Ryan Griffin RB Jacquizz Rodgers FLEX Mike Evans TE Cameron Brate,,,
277,797304111,Stolence,0,32.8,RB Joe Mixon FLEX Kareem Hunt DST Chiefs  RB Wayne Gallman QB Joshua Dobbs WR Justin Hunter WR JuJu Smith-Schuster WR Trent Taylor TE O.J. Howard,,,
278,797259200,jeffbrunelli8,0,32.7,RB Joe Mixon WR Alex Erickson DST Chiefs  QB Joshua Dobbs WR Demarcus Ayers TE Garrett Celek RB Jeremy McNichols WR Derel Walker FLEX O.J. Howard,,,
279,797290858,FPDyno101 (3/3),0,32.66,RB C.J. Spiller WR Seantavius Jones DST Chiefs  FLEX Wayne Gallman RB Fitzgerald Toussaint WR Aldrick Robinson QB Jameis Winston WR DeSean Jackson TE O.J. Howard,,,
280,797265491,jmiles10,0,32.62,QB Andy Dalton FLEX Joe Mixon WR Tyler Boyd RB C.J. Spiller WR Kevin Norwood DST Steelers  RB Kapri Bibbs WR Trent Taylor TE O.J. Howard,,,
281,797215513,jimi22,0,32.6,FLEX Joe Mixon RB Kareem Hunt DST Chiefs  RB Wayne Gallman WR Travis Rudolph QB Joshua Dobbs WR JuJu Smith-Schuster WR Chris Godwin TE O.J. Howard,,,
281,797277129,warren99 (1/3),0,32.6,WR Cody Core FLEX Tyler Kroft DST Chiefs  RB Wayne Gallman QB Joshua Dobbs RB Terrell Watson WR Demarcus Ayers WR Chris Godwin TE O.J. Howard,,,
283,797213953,MephistoIi (1/3),0,32.56,FLEX Tra Carson RB Kareem Hunt TE Evan Engram RB Knile Davis WR Trent Taylor QB Jameis Winston WR DeSean Jackson WR Adam Humphries DST Buccaneers ,,,
283,797260307,SoulChild (1/3),0,32.56,QB AJ McCarron WR Alex Erickson FLEX Kareem Hunt RB C.J. Spiller WR Seantavius Jones RB Wayne Gallman WR Darius Powe TE Evan Engram DST Giants ,,,
285,797227298,geansus (1/2),0,32.46,FLEX Joe Mixon WR Tyler Boyd QB Patrick Mahomes II RB Kareem Hunt DST Giants  WR Eli Rogers RB Joe Williams WR Chris Godwin TE O.J. Howard,,,
286,797376881,dcpage88 (1/3),0,32.4,FLEX Joe Mixon WR Tyreek Hill DST Chiefs  RB Wayne Gallman WR Darrius Heyward-Bey QB Ryan Fitzpatrick RB Jeremy McNichols WR Chris Godwin TE O.J. Howard,,,
286,797379914,dcpage88 (3/3),0,32.4,FLEX Joe Mixon RB Kareem Hunt WR Tyreek Hill DST Chiefs  RB Wayne Gallman QB Joshua Dobbs WR Darrius Heyward-Bey WR Chris Godwin TE O.J. Howard,,,
288,797273027,kingcheese (2/3),0,32.36,QB AJ McCarron RB Joe Mixon WR Tyler Boyd RB Kareem Hunt DST Chiefs  WR JuJu Smith-Schuster FLEX Joe Williams WR Trent Taylor TE O.J. Howard,,,
289,797241348,mafcontroller,0,32.3,FLEX Joe Mixon WR Tyler Boyd RB Kareem Hunt DST Chiefs  WR Roger Lewis TE Will Tye QB Joshua Dobbs RB Fitzgerald Toussaint WR JuJu Smith-Schuster,,,
289,797271632,CW48175 (1/2),0,32.3,RB Joe Mixon WR Tyler Boyd RB Kareem Hunt DST Giants  WR JuJu Smith-Schuster FLEX Marquise Goodwin QB Ryan Fitzpatrick WR Chris Godwin TE O.J. Howard,,,
291,797285446,Colefloflo,0,32.26,QB AJ McCarron WR Cody Core RB Kareem Hunt FLEX Orleans Darkwa DST Giants  WR JuJu Smith-Schuster RB Matt Breida WR Trent Taylor TE O.J. Howard,,,
292,797312297,Skumpunch (1/3),0,32.24,WR Josh Malone RB Kareem Hunt WR Demarcus Robinson QB Josh Johnson RB Wayne Gallman WR Roger Lewis TE Evan Engram FLEX Trent Taylor DST Buccaneers ,,,
293,797246871,kurt5williams,0,32.2,RB Joe Mixon RB Kareem Hunt DST Chiefs  WR Darius Powe TE Evan Engram QB Joshua Dobbs WR JuJu Smith-Schuster WR Marquise Goodwin FLEX Jeremy McNichols,,,
294,797409235,tymonster3,0,32.06,QB AJ McCarron RB Joe Mixon WR Cody Core FLEX Kareem Hunt DST Chiefs  WR Travis Rudolph WR JuJu Smith-Schuster TE Xavier Grimble RB Matt Breida,,,
295,797386356,Eoin415 (1/2),0,31.9,RB Kareem Hunt WR Travis Rudolph QB Joshua Dobbs FLEX Fitzgerald Toussaint WR Justin Hunter RB Matt Breida DST 49ers  WR Chris Godwin TE O.J. Howard,,,
295,797341162,Endzonedance23 (1/2),0,31.9,RB Joe Mixon DST Chiefs  QB Joshua Dobbs WR Justin Hunter WR JuJu Smith-Schuster RB Matt Breida FLEX Aaron Burbridge WR Chris Godwin TE O.J. Howard,,,
297,797281661,indy10000,0,31.8,RB Kareem Hunt DST Chiefs  WR Roger Lewis QB Joshua Dobbs WR JuJu Smith-Schuster FLEX Trent Taylor RB Peyton Barber WR Bobo Wilson TE O.J. Howard,,,
297,797286159,lanzi324,0,31.8,FLEX Tyler Boyd RB Kareem Hunt TE Gavin Escobar DST Chiefs  RB Wayne Gallman QB Joshua Dobbs WR JuJu Smith-Schuster WR Trent Taylor WR Chris Godwin,,,
299,797376946,dcpage88 (2/3),0,31.7,FLEX Joe Mixon WR Tyreek Hill DST Chiefs  RB Wayne Gallman QB Joshua Dobbs WR Darrius Heyward-Bey RB Jeremy McNichols WR Chris Godwin TE O.J. Howard,,,
300,797201088,note4jason (1/3),0,31.64,WR Roger Lewis FLEX Eli Rogers WR JuJu Smith-Schuster QB C.J. Beathard RB Tim Hightower WR Marquise Goodwin DST 49ers  RB Charles Sims TE O.J. Howard,,,
301,797277239,warren99 (3/3),0,31.6,WR Cody Core RB Kareem Hunt DST Chiefs  WR Roger Lewis QB Joshua Dobbs WR JuJu Smith-Schuster RB Joe Williams TE Vance McDonald FLEX DeSean Jackson,,,
302,797225825,rxbeer79 (1/2),0,31.46,QB AJ McCarron WR Cody Core TE Tyler Kroft FLEX Devine Redding WR Seantavius Jones DST Chiefs  RB Wayne Gallman WR Travis Rudolph RB Terrell Watson,,,
302,797227556,rdog (2/3),0,31.46,QB Patrick Mahomes II RB Devine Redding WR Jehu Chesson WR Seantavius Jones TE Evan Engram RB Matt Breida FLEX Trent Taylor WR Chris Godwin DST Buccaneers ,,,
302,797273349,Steenboat83 (2/2),0,31.46,RB Tra Carson TE Tyler Kroft QB Geno Smith WR Roger Lewis FLEX Travis Rudolph WR JuJu Smith-Schuster RB Joe Williams WR Chris Godwin DST Buccaneers ,,,
305,797386236,PzoMaster,0,31.36,RB Joe Mixon WR A.J. Green FLEX Kareem Hunt RB Paul Perkins TE Evan Engram WR Pierre Garcon QB Jameis Winston WR Mike Evans DST Buccaneers ,,,
306,797291927,JStaubs05283 (2/3),0,31.16,QB AJ McCarron RB Tra Carson WR Tyler Boyd WR Seantavius Jones RB Wayne Gallman WR Dwayne Harris DST Giants  FLEX Joe Williams TE O.J. Howard,,,
307,797333459,gnice0114,0,31.06,QB AJ McCarron RB Joe Mixon WR Tyler Boyd FLEX Kareem Hunt WR Chris Conley DST Chiefs  TE Evan Engram WR JuJu Smith-Schuster RB Charles Sims,,,
308,797260309,SoulChild (3/3),0,30.86,RB Stanley Williams DST Bengals  WR Seantavius Jones QB Geno Smith RB Wayne Gallman WR Darius Powe WR Travis Rudolph FLEX Trent Taylor TE O.J. Howard,,,
309,797346283,tj4ua,0,30.5,RB C.J. Spiller WR Seantavius Jones RB Wayne Gallman QB Joshua Dobbs WR JuJu Smith-Schuster WR Trent Taylor FLEX Chris Godwin TE O.J. Howard DST Buccaneers ,,,
310,797296115,torilynn31827,0,30.36,RB Jeremy Hill WR Brandon LaFell FLEX A.J. Green RB Paul Perkins WR Brandon Marshall TE Will Tye DST Steelers  WR Pierre Garcon QB Jameis Winston,,,
311,797054574,craze713,0,30.2,RB Joe Mixon WR Seantavius Jones DST Chiefs  FLEX Paul Perkins QB Joshua Dobbs WR JuJu Smith-Schuster RB Peyton Barber WR Chris Godwin TE O.J. Howard,,,
311,797294863,mrandzio,0,30.2,WR Tyler Boyd DST Bengals  RB Kareem Hunt TE Gavin Escobar RB Wayne Gallman WR Travis Rudolph QB Joshua Dobbs WR JuJu Smith-Schuster FLEX Chris Godwin,,,
313,797235204,geansus (2/2),0,30.16,QB AJ McCarron WR Tyler Boyd DST Bengals  RB Orleans Darkwa TE Evan Engram WR JuJu Smith-Schuster RB Joe Williams WR Trent Taylor FLEX O.J. Howard,,,
314,797380916,jcrowlonghorn (2/3),0,30.14,RB Joe Mixon WR Cody Core TE Gavin Escobar DST Chiefs  QB Josh Johnson WR Roger Lewis WR JuJu Smith-Schuster RB Joe Williams FLEX Marquise Goodwin,,,
315,797238014,Shadowzer0,0,30.1,WR A.J. Green RB Spencer Ware FLEX Tyreek Hill DST Chiefs  QB Eli Manning WR Odell Beckham Jr. TE Will Tye WR Antonio Brown RB Doug Martin,,,
315,797103948,volhawk10 (1/3),0,30.1,WR Josh Malone DST Chiefs  RB Wayne Gallman RB Paul Perkins QB Joshua Dobbs WR Justin Hunter WR JuJu Smith-Schuster FLEX Jeremy McNichols TE O.J. Howard,,,
317,797098391,BigD4131,0,30.02,FLEX Joe Mixon QB Alex Smith WR Tyreek Hill DST Chiefs  RB Fitzgerald Toussaint WR Martavis Bryant WR Eli Rogers RB Jacquizz Rodgers TE Alan Cross,,,
318,797311388,swe11,0,29.9,RB Joe Mixon WR Cody Core FLEX Devine Redding DST Chiefs  RB Wayne Gallman WR Travis Rudolph QB Joshua Dobbs WR Eli Rogers TE Xavier Grimble,,,
318,797318588,sajallday,0,29.9,RB Kareem Hunt DST Chiefs  FLEX Wayne Gallman WR Roger Lewis QB Joshua Dobbs WR Demarcus Ayers RB Joe Williams WR Chris Godwin TE O.J. Howard,,,
320,797313899,ULtRaViOLeNT_RaY,0,29.86,FLEX Brandon LaFell WR Alex Erickson QB Geno Smith RB Paul Perkins WR Roger Lewis TE Evan Engram DST Giants  WR Aaron Burbridge RB Charles Sims,,,
321,797227962,witen8,0,29.7,WR Tyler Boyd RB Kareem Hunt DST Chiefs  RB Wayne Gallman TE Evan Engram QB Joshua Dobbs WR JuJu Smith-Schuster FLEX Peyton Barber WR Chris Godwin,,,
321,797317069,ducci015,0,29.7,WR Tyler Boyd RB Wayne Gallman WR Roger Lewis QB Joshua Dobbs FLEX JuJu Smith-Schuster RB Matt Breida WR DeSean Jackson TE O.J. Howard DST Buccaneers ,,,
323,797291936,JStaubs05283 (3/3),0,29.66,RB Tra Carson WR Tyler Boyd QB Patrick Mahomes II FLEX Jehu Chesson DST Chiefs  WR Dwayne Harris WR Eli Rogers RB Joe Williams TE O.J. Howard,,,
324,797208865,note4jason (2/3),0,29.46,WR Roger Lewis QB Bart Houston WR Justin Hunter WR JuJu Smith-Schuster DST Steelers  RB Joe Williams FLEX Carlos Hyde RB Jeremy McNichols TE O.J. Howard,,,
325,797265967,ChiliD22,0,29.4,RB Joe Mixon WR Tyler Boyd RB Kareem Hunt DST Chiefs  QB Joshua Dobbs WR JuJu Smith-Schuster FLEX Jeremy McNichols WR Chris Godwin TE O.J. Howard,,,
326,797291884,DaGgSeS,0,29.2,FLEX Joe Mixon WR Cody Core RB Kareem Hunt RB Wayne Gallman QB Joshua Dobbs WR Justin Hunter WR JuJu Smith-Schuster TE Xavier Grimble DST 49ers ,,,
327,797190238,Kutendo,0,29.16,QB AJ McCarron WR Tyler Boyd RB Kareem Hunt DST Chiefs  FLEX Wayne Gallman WR JuJu Smith-Schuster RB Joe Williams TE Garrett Celek WR Chris Godwin,,,
328,797207324,strongarmbetting (2/3),0,28.96,QB AJ McCarron RB Stanley Williams DST Bengals  RB Kareem Hunt WR Roger Lewis TE Evan Engram WR JuJu Smith-Schuster FLEX Matt Breida WR Chris Godwin,,,
328,797238875,clasicgoal (2/3),0,28.96,QB AJ McCarron WR Chris Conley DST Chiefs  FLEX Roger Lewis WR Justin Hunter TE Xavier Grimble RB Matt Breida RB Jeremy McNichols WR Chris Godwin,,,
330,797325141,natekc1,0,28.76,QB Patrick Mahomes II FLEX Kareem Hunt RB C.J. Spiller WR Seantavius Jones TE Ross Travis DST Chiefs  RB Knile Davis WR Justin Hunter WR JuJu Smith-Schuster,,,
331,797030427,dasmith1414 (2/3),0,28.66,QB AJ McCarron WR Cody Core FLEX Kareem Hunt WR Seantavius Jones RB Wayne Gallman DST Giants  RB Joe Williams WR Chris Godwin TE O.J. Howard,,,
332,797214000,MephistoIi (3/3),0,28.56,QB AJ McCarron FLEX Brandon LaFell WR Tyler Boyd RB C.J. Spiller DST Chiefs  WR Roger Lewis TE Cole Hikutini RB Jeremy McNichols WR Mike Evans,,,
333,797213496,Huddy-Up,0,28.36,RB Joe Mixon QB Patrick Mahomes II WR Seantavius Jones DST Chiefs  RB Wayne Gallman TE Evan Engram WR JuJu Smith-Schuster WR Derel Walker FLEX O.J. Howard,,,
334,797277178,warren99 (2/3),0,28.34,FLEX Tyler Kroft DST Bengals  RB Kareem Hunt QB Josh Johnson WR Dwayne Harris WR Roger Lewis RB Terrell Watson WR JuJu Smith-Schuster TE O.J. Howard,,,
335,797242127,xXxPLOSIVE (1/3),0,28.26,QB AJ McCarron RB Joe Mixon DST Bengals  RB Kareem Hunt FLEX C.J. Spiller TE Evan Engram WR JuJu Smith-Schuster WR Marquise Goodwin WR Chris Godwin,,,
335,797242129,xXxPLOSIVE (2/3),0,28.26,QB AJ McCarron RB Joe Mixon DST Bengals  RB Kareem Hunt FLEX C.J. Spiller TE Evan Engram WR JuJu Smith-Schuster WR Marquise Goodwin WR Chris Godwin,,,
335,797248689,xXxPLOSIVE (3/3),0,28.26,QB AJ McCarron RB Joe Mixon DST Bengals  RB Kareem Hunt FLEX C.J. Spiller TE Evan Engram WR JuJu Smith-Schuster WR Marquise Goodwin WR Chris Godwin,,,
338,797216480,KColonel1969 (3/3),0,28.16,QB AJ McCarron WR Cody Core TE Tyler Kroft RB Kareem Hunt RB Wayne Gallman WR Roger Lewis DST Giants  FLEX Trent Taylor WR Chris Godwin,,,
339,797398577,drewshoee (1/2),0,28.1,RB Giovani Bernard WR Brandon LaFell TE Tyler Kroft DST Chiefs  FLEX Knile Davis QB Ryan Fitzpatrick RB Jacquizz Rodgers WR Josh Huff WR Adam Humphries,,,
340,797196333,Bestinwin,0,27.74,RB Tra Carson WR Cody Core WR John Ross DST Chiefs  QB Josh Johnson WR Travis Rudolph RB Jeremy McNichols FLEX Russell Hansbrough TE Tevin Westbrook,,,
341,797233802,thechampkr,0,27.56,QB AJ McCarron WR Alex Erickson WR Alonzo Russell DST Giants  RB Peyton Barber RB Jacquizz Rodgers WR Derel Walker TE O.J. Howard FLEX Cameron Brate,,,
342,797248049,chrsjack16,0,27.5,RB Joe Mixon FLEX Tyler Boyd DST Chiefs  WR Dwayne Harris QB Joshua Dobbs WR JuJu Smith-Schuster TE Jesse James RB Tim Hightower WR Adam Humphries,,,
343,797282971,ctowntee (1/3),0,27.4,WR Brandon LaFell DST Chiefs  TE Will Tye QB Joshua Dobbs WR Justin Hunter WR JuJu Smith-Schuster RB Jacquizz Rodgers RB Doug Martin FLEX Chris Godwin,,,
343,797328522,baug1118,0,27.4,RB Joe Mixon RB Kareem Hunt WR Roger Lewis FLEX Fitzgerald Toussaint WR Eli Rogers QB Ryan Fitzpatrick WR Chris Godwin TE O.J. Howard DST Buccaneers ,,,
345,797274747,ballhog_2,0,27.36,RB Joe Mixon WR Tyler Boyd QB Patrick Mahomes II WR Demarcus Robinson DST Chiefs  FLEX Evan Engram RB Jeremy McNichols WR Chris Godwin TE O.J. Howard,,,
346,797257455,RRand1966,0,27.3,WR Tyler Boyd FLEX Kareem Hunt WR Tyreek Hill DST Chiefs  RB Wayne Gallman QB Joshua Dobbs RB James Conner WR JuJu Smith-Schuster TE O.J. Howard,,,
347,797358395,nvrndr,0,27.1,RB Joe Mixon WR Tyreek Hill DST Chiefs  WR Brandon Marshall QB Joshua Dobbs RB Fitzgerald Toussaint FLEX Justin Hunter WR Eli Rogers TE O.J. Howard,,,
347,797364333,virtualvernon,0,27.1,RB Joe Mixon RB Kareem Hunt WR Jehu Chesson DST Chiefs  WR JuJu Smith-Schuster FLEX Victor Bolden Jr. QB Ryan Fitzpatrick WR Chris Godwin TE O.J. Howard,,,
349,797260763,mu5ka86,0,26.76,QB AJ McCarron RB Stanley Williams RB Tra Carson TE Tyler Kroft FLEX Wayne Gallman WR Darius Powe WR Roger Lewis DST Giants  WR Chris Godwin,,,
350,797208028,doctorlove00,0,26.68,FLEX Chris Conley WR Tyreek Hill DST Chiefs  RB Orleans Darkwa WR JuJu Smith-Schuster QB Ryan Griffin RB Jeremy McNichols WR Adam Humphries TE O.J. Howard,,,
351,797341329,Endzonedance23 (2/2),0,26.66,RB Joe Mixon QB Patrick Mahomes II FLEX Gehrig Dieter DST Chiefs  WR Justin Hunter WR JuJu Smith-Schuster RB Jeremy McNichols WR Chris Godwin TE O.J. Howard,,,
352,797285979,JStaubs05283 (1/3),0,26.56,QB Patrick Mahomes II RB Kareem Hunt FLEX Jehu Chesson WR Seantavius Jones DST Chiefs  WR Dwayne Harris WR Eli Rogers RB Joe Williams TE Cole Hikutini,,,
353,797341916,jimmyrom777,0,26.22,QB Tyler Bray WR Chris Conley TE Demetrius Harris FLEX Wayne Gallman DST Giants  RB Fitzgerald Toussaint WR Marquise Goodwin RB Jeremy McNichols WR Bobo Wilson,,,
354,797196856,bernst22 (1/3),0,26.16,QB Patrick Mahomes II RB Kareem Hunt WR Chris Conley TE Gavin Escobar DST Chiefs  FLEX Paul Perkins RB Fitzgerald Toussaint WR Eli Rogers WR Adam Humphries,,,
354,797198988,bernst22 (2/3),0,26.16,QB Patrick Mahomes II RB Kareem Hunt WR Chris Conley TE Gavin Escobar DST Chiefs  FLEX Paul Perkins RB Fitzgerald Toussaint WR Eli Rogers WR Adam Humphries,,,
356,797208498,imbigsexxxy,0,25.94,RB Joe Mixon WR Tyler Boyd DST Chiefs  QB Josh Johnson RB Paul Perkins WR Jerome Lane FLEX Knile Davis WR Shaq Hill TE O.J. Howard,,,
357,797159006,trav9517,0,25.7,RB Stanley Williams FLEX Giovani Bernard WR A.J. Green WR Cody Core QB Eli Manning RB Khalid Abdullah WR Odell Beckham Jr. TE Jerell Adams DST Giants ,,,
357,797214413,Kathy843,0,25.7,FLEX Brandon LaFell QB Eli Manning WR Roger Lewis RB Fitzgerald Toussaint WR Darrius Heyward-Bey WR Martavis Bryant TE Jesse James DST Steelers  RB Carlos Hyde,,,
359,797314427,juharris,0,25.66,RB Joe Mixon WR Cody Core QB Patrick Mahomes II RB Kareem Hunt WR Albert Wilson WR De'Anthony Thomas DST Chiefs  FLEX Adam Humphries TE Luke Stocker,,,
360,797314405,supermt,0,25.06,QB AJ McCarron RB Joe Mixon WR Cody Core FLEX C.J. Spiller DST Chiefs  RB Wayne Gallman WR Roger Lewis WR Eli Rogers TE Xavier Grimble,,,
361,797334828,xkdawgx,0,24.86,RB Joe Mixon DST Bengals  QB Patrick Mahomes II WR Kevin Norwood RB Trey Williams WR JuJu Smith-Schuster FLEX Kapri Bibbs WR Josh Huff TE O.J. Howard,,,
362,797291578,Muddog11,0,24.76,QB Patrick Mahomes II RB Kareem Hunt DST Chiefs  WR Roger Lewis TE Evan Engram RB Fitzgerald Toussaint WR JuJu Smith-Schuster FLEX Doug Martin WR Derel Walker,,,
363,797214659,redzoneruler,0,24.66,QB AJ McCarron RB Joe Mixon WR Tyler Boyd RB Kareem Hunt DST Chiefs  FLEX Evan Engram WR Marquise Goodwin WR Chris Godwin TE O.J. Howard,,,
363,797248616,tonycrane10,0,24.66,QB AJ McCarron RB Joe Mixon WR Tyler Boyd TE Demetrius Harris DST Chiefs  FLEX Orleans Darkwa WR JuJu Smith-Schuster RB Charles Sims WR Chris Godwin,,,
365,797217712,Humpy7,0,24.42,RB Jeremy Hill WR Alex Erickson FLEX Ryan Hewitt QB Tyler Bray DST Chiefs  WR Justin Hunter TE Jesse James RB Jacquizz Rodgers WR Adam Humphries,,,
366,797314884,MitchellTylor,0,24.16,RB Joe Mixon FLEX Giovani Bernard WR Tyler Boyd QB Patrick Mahomes II RB C.J. Spiller TE Demetrius Harris DST Chiefs  WR Martavis Bryant WR Bobo Wilson,,,
367,797282772,jdfryman87,0,23.96,QB AJ McCarron RB Joe Mixon DST Chiefs  FLEX Dwayne Harris WR Demarcus Ayers RB Tim Hightower WR Trent Taylor WR Chris Godwin TE O.J. Howard,,,
368,797329774,domfox3,0,23.76,QB AJ McCarron RB Joe Mixon FLEX Giovani Bernard WR Tyler Boyd DST Chiefs  RB Knile Davis TE David Johnson WR Josh Huff WR Adam Humphries,,,
369,797144424,caaaboots,0,23.6,RB Joe Mixon FLEX Shaun Draughn WR Darrius Heyward-Bey WR Jeremy Kerley WR Marquise Goodwin QB Ryan Fitzpatrick RB Peyton Barber TE O.J. Howard DST Buccaneers ,,,
370,797270578,terrylee29,0,23.56,QB AJ McCarron RB Giovani Bernard RB Wayne Gallman FLEX Kevin Norwood WR Roger Lewis WR Justin Hunter DST Steelers  WR DeAndre Smelter TE O.J. Howard,,,
371,797052444,ThMoShow,0,23.2,RB Kareem Hunt TE Gavin Escobar DST Chiefs  RB Orleans Darkwa FLEX Brandon Marshall QB Joshua Dobbs WR Eli Rogers WR Marquise Goodwin WR Adam Humphries,,,
372,797318754,JJJ222,0,22.96,RB Joe Mixon RB Giovani Bernard DST Bengals  QB Patrick Mahomes II WR Jehu Chesson WR Kevin Norwood FLEX Evan Engram WR Derel Walker TE O.J. Howard,,,
373,797261846,bridgesjoey7887,0,22.86,QB AJ McCarron RB Joe Mixon FLEX Giovani Bernard WR Brandon Marshall DST Giants  RB Knile Davis WR Eli Rogers WR Josh Huff TE O.J. Howard,,,
374,797189814,Moose1960,0,22.82,QB Andy Dalton RB Jeremy Hill RB Giovani Bernard WR Brandon LaFell WR A.J. Green WR Tyler Boyd FLEX Tyler Eifert TE Will Tye DST Giants ,,,
375,797220202,el_papino,0,22.12,RB Joe Mixon WR Tyreek Hill RB Paul Perkins WR Kevin Norwood QB Brian Hoyer WR Marquise Goodwin DST 49ers  FLEX Jeremy McNichols TE O.J. Howard,,,
376,797284212,ddeebrown12,0,21.96,QB AJ McCarron RB Joe Mixon WR Tyler Boyd DST Chiefs  RB Wayne Gallman FLEX Dwayne Harris WR Justin Hunter WR Chris Godwin TE O.J. Howard,,,
377,797309428,ACECRACKER619,0,21.86,QB AJ McCarron RB Joe Mixon FLEX Devine Redding WR Jehu Chesson DST Chiefs  TE Evan Engram WR Eli Rogers RB Peyton Barber WR Chris Godwin,,,
378,797282973,ctowntee (2/3),0,21.84,RB Joe Mixon TE Tyler Kroft DST Chiefs  QB Josh Johnson RB Orleans Darkwa WR Dwayne Harris WR Kevin Norwood FLEX Jeremy McNichols WR Josh Huff,,,
379,797198997,bernst22 (3/3),0,21.72,QB Tyler Bray RB Kareem Hunt WR Chris Conley TE Gavin Escobar DST Chiefs  FLEX Paul Perkins RB Fitzgerald Toussaint WR Eli Rogers WR Adam Humphries,,,
380,797345139,jaskywalker,0,21.52,QB Andy Dalton RB Jeremy Hill FLEX A.J. Green DST Chiefs  RB Khalid Abdullah WR Brandon Marshall WR Odell Beckham Jr. TE Jesse James WR DeSean Jackson,,,
381,797218774,cameron4242,0,20.9,FLEX Stanley Williams RB Jarveon Williams WR Tevin Jones WR Gehrig Dieter DST Chiefs  QB Joshua Dobbs WR JuJu Smith-Schuster RB Quayvon Hicks TE Antony Auclair,,,
382,797230164,breadmaster216 (1/2),0,20.8,WR Brandon LaFell QB Ben Roethlisberger RB Trey Williams FLEX Roosevelt Nix RB Fitzgerald Toussaint WR Darrius Heyward-Bey WR Martavis Bryant TE Phazahn Odom DST Steelers ,,,
383,797288865,ctowntee (3/3),0,20.78,DST Bengals  RB Kareem Hunt WR Dwayne Harris FLEX Fitzgerald Toussaint WR Eli Rogers QB Ryan Griffin RB Jacquizz Rodgers WR Josh Huff TE O.J. Howard,,,
384,797226517,ScanHickory,0,19.82,QB Andy Dalton RB Devine Redding WR Chris Conley WR Brandon Marshall DST Giants  RB Kyle Juszczyk TE Kyle Nelson FLEX Jacquizz Rodgers WR Bobo Wilson,,,
385,797130853,Prozakkxx (2/3),0,19.76,QB AJ McCarron RB Joe Mixon FLEX Wayne Gallman WR Aaron Burbridge TE Cole Hikutini RB Peyton Barber WR Josh Huff WR Freddie Martino DST Buccaneers ,,,
386,797187208,zepedavidal,0,19.68,WR De'Anthony Thomas FLEX Tyreek Hill DST Chiefs  WR Martavis Bryant QB Ryan Griffin RB Jeremy McNichols RB Peyton Barber WR Adam Humphries TE O.J. Howard,,,
387,797270610,Wheatbean,0,19.6,RB C.J. Spiller WR Albert Wilson QB Joshua Dobbs RB Trey Williams WR Martavis Bryant WR Eli Rogers FLEX Kyle Juszczyk TE Cameron Brate DST Buccaneers ,,,
388,797134680,Prozakkxx (3/3),0,19.46,QB Patrick Mahomes II RB Kareem Hunt WR Jehu Chesson DST Chiefs  WR Darius Powe WR Justin Hunter RB Kapri Bibbs TE Kyle Nelson FLEX Peyton Barber,,,
389,797160299,Dixiedoo1,0,19.16,QB AJ McCarron RB Jeremy Hill WR A.J. Green TE Travis Kelce DST Chiefs  WR Brandon Marshall WR Antonio Brown FLEX Carlos Hyde RB Charles Sims,,,
390,797391173,mrcse13 (1/3),0,17.16,QB AJ McCarron RB C.J. Spiller WR Demarcus Robinson WR Marcus Tucker DST 49ers  RB Jeremy McNichols WR Adam Humphries FLEX Derel Walker TE O.J. Howard,,,
391,797247876,drewbos11 (1/2),0,0,,,,
391,797265843,juice_man_can,0,0,,,,
