﻿Rank,EntryId,EntryName,TimeRemaining,Points,Lineup,,Player,%Drafted,FPTS
1,797373181,CmacLovin,0,63.6,RB Joe Mixon WR Alex Erickson TE Evan Engram QB Joshua Dobbs RB Terrell Watson DST Steelers  FLEX Matt Breida WR Trent Taylor WR Adam Humphries,,Joshua Dobbs,54.47%,7.6
2,797557744,Curt794,0,60.66,QB AJ McCarron RB Joe Mixon TE Gavin Escobar FLEX Terrell Watson WR Cobi Hamilton RB Matt Breida WR Aldrick Robinson WR Trent Taylor DST Buccaneers ,,Kareem Hunt,51.56%,1.9
3,797491334,flyersfan16,0,59.7,RB Kareem Hunt QB Joshua Dobbs RB Terrell Watson WR JuJu Smith-Schuster DST Steelers  WR Aldrick Robinson FLEX Mike Evans WR Chris Godwin TE O.J. Howard,,Chiefs ,50.73%,7
4,797568328,Indians14,0,56.5,WR Alex Erickson TE Tyler Kroft RB Kareem Hunt WR Travis Rudolph QB Joshua Dobbs FLEX JuJu Smith-Schuster DST Steelers  RB Matt Breida WR Aldrick Robinson,,Joe Mixon,49.27%,5.2
5,797549692,mule1605,0,55.9,WR Alex Erickson TE Gavin Escobar FLEX Darius Powe QB Joshua Dobbs RB Terrell Watson WR JuJu Smith-Schuster DST Steelers  RB Matt Breida WR Chris Godwin,,JuJu Smith-Schuster,47.40%,2.3
6,797452738,ch1nn,0,55.3,WR Tyler Boyd TE Tyler Kroft RB Kareem Hunt FLEX Wayne Gallman QB Joshua Dobbs RB Terrell Watson DST Steelers  WR Trent Taylor WR Mike Evans,,Chris Godwin,34.72%,2.4
7,797556994,FatStackz,0,55.1,WR Alex Erickson TE Tyler Kroft RB Orleans Darkwa DST Giants  QB Joshua Dobbs RB Terrell Watson WR Aldrick Robinson FLEX Trent Taylor WR Chris Godwin,,Evan Engram,28.07%,2.1
8,797493000,jrmich44,0,54.7,RB Joe Mixon RB Kareem Hunt TE Gavin Escobar DST Chiefs  WR Roger Lewis QB Joshua Dobbs FLEX Terrell Watson WR Aldrick Robinson WR Mike Evans,,O.J. Howard,25.78%,0
9,797307582,MileHighRocksters,0,53.6,RB Joe Mixon WR Alex Erickson DST Chiefs  WR Darius Powe QB Joshua Dobbs RB Terrell Watson WR JuJu Smith-Schuster FLEX Aldrick Robinson TE O.J. Howard,,Terrell Watson,24.74%,10.4
10,797038730,RotoHobo,0,53.56,QB AJ McCarron FLEX Joe Mixon WR Alex Erickson TE Tyler Kroft RB Orleans Darkwa WR Travis Rudolph DST Steelers  RB Matt Breida WR Aldrick Robinson,,Trent Taylor,23.08%,6.3
11,797448619,mikemiz23,0,53.4,FLEX Joe Mixon WR Alex Erickson RB Orleans Darkwa WR Travis Rudolph TE Evan Engram QB Joshua Dobbs RB Matt Breida WR Aldrick Robinson DST 49ers ,,Matt Breida,20.58%,7.4
12,797372693,aejones,0,53.2,FLEX Joe Mixon DST Chiefs  RB Wayne Gallman TE Evan Engram QB Joshua Dobbs RB Terrell Watson WR JuJu Smith-Schuster WR Trent Taylor WR Mike Evans,,Alex Erickson,19.54%,8.3
13,797561990,mrapol,0,53.1,RB Joe Mixon DST Chiefs  TE Evan Engram QB Joshua Dobbs RB Terrell Watson WR JuJu Smith-Schuster WR Trent Taylor WR Mike Evans FLEX Chris Godwin,,Travis Rudolph,19.13%,3.7
14,797244472,babreed,0,52.4,RB Joe Mixon FLEX Kareem Hunt WR Travis Rudolph QB Joshua Dobbs RB Terrell Watson WR JuJu Smith-Schuster DST Steelers  WR Trent Taylor TE O.J. Howard,,Giants ,18.92%,8
14,797321700,DeadMoney1,0,52.4,RB Jeremy Hill WR Tyler Boyd FLEX Spencer Ware WR Brandon Marshall TE Evan Engram QB Joshua Dobbs RB Fitzgerald Toussaint DST Steelers  WR Mike Evans,,Tyler Boyd,18.09%,1.8
16,797276344,aaronkomo,0,52.1,RB Joe Mixon WR Tyler Boyd RB Kareem Hunt TE Evan Engram DST Giants  QB Joshua Dobbs WR Cobi Hamilton WR Aldrick Robinson FLEX O.J. Howard,,Roger Lewis,17.67%,2.5
17,797410807,jojabrown,0,51.8,RB Joe Mixon WR Alex Erickson TE Tyler Kroft WR Travis Rudolph QB Joshua Dobbs WR JuJu Smith-Schuster RB Matt Breida FLEX Aldrick Robinson DST 49ers ,,AJ McCarron,17.46%,1.86
18,797332492,dblk88,0,51.7,WR Alex Erickson RB Wayne Gallman RB Orleans Darkwa WR Travis Rudolph TE Evan Engram DST Giants  QB Joshua Dobbs FLEX Matt Breida WR Aldrick Robinson,,Tyler Kroft,16.63%,0
19,797560137,merbar,0,51.42,WR Alex Erickson RB Orleans Darkwa TE Evan Engram DST Giants  FLEX Canaan Severin QB Matt Barkley RB Matt Breida WR Aldrick Robinson WR Chris Godwin,,Wayne Gallman,16.63%,2.5
20,797515639,neverfayde,0,51.3,WR Tyler Boyd RB Kareem Hunt TE Gavin Escobar DST Chiefs  FLEX Roger Lewis QB Joshua Dobbs RB Terrell Watson WR Aldrick Robinson WR Mike Evans,,Orleans Darkwa,15.18%,1.8
21,797215632,rmurphy11,0,51.26,QB AJ McCarron RB Joe Mixon WR Alex Erickson TE Evan Engram DST Giants  WR JuJu Smith-Schuster RB Matt Breida WR Trent Taylor FLEX Mike Evans,,Aldrick Robinson,14.35%,10.3
22,797231531,ascole28,0,51.2,RB Joe Mixon WR Alex Erickson TE Tyler Kroft RB Orleans Darkwa WR Travis Rudolph DST Giants  QB Joshua Dobbs FLEX Aldrick Robinson WR Trent Taylor,,C.J. Spiller,13.72%,2.1
23,797510562,BuckyChucky,0,50.9,WR Alex Erickson RB Kareem Hunt TE Gavin Escobar QB Joshua Dobbs FLEX Cobi Hamilton WR Aldrick Robinson RB Jeremy McNichols WR Chris Godwin DST Buccaneers ,,Gavin Escobar,12.27%,0
24,797326895,otb008,0,50.7,RB Kareem Hunt DST Chiefs  WR Roger Lewis TE Evan Engram QB Joshua Dobbs RB Terrell Watson WR Marcus Tucker FLEX Matt Breida WR Mike Evans,,Mike Evans,11.85%,9.8
24,797287876,ICrushU,0,50.7,RB Joe Mixon RB C.J. Spiller TE Gavin Escobar DST Chiefs  QB Joshua Dobbs FLEX Terrell Watson WR JuJu Smith-Schuster WR Trent Taylor WR Mike Evans,,Buccaneers ,11.23%,4
26,797360191,colbyhornet,0,50.6,WR Alex Erickson RB Orleans Darkwa WR Travis Rudolph TE Evan Engram QB Joshua Dobbs RB Matt Breida FLEX Aldrick Robinson DST 49ers  WR Chris Godwin,,Patrick Mahomes II,9.98%,5.96
27,797376645,tyler24_k3,0,50.5,FLEX Joe Mixon WR Alex Erickson RB Kareem Hunt WR Travis Rudolph TE Evan Engram DST Giants  QB Joshua Dobbs RB Matt Breida WR Trent Taylor,,Cody Core,9.15%,2.7
27,797547147,Cbark34,0,50.5,RB Joe Mixon FLEX Kareem Hunt TE Gavin Escobar DST Chiefs  QB Joshua Dobbs RB Terrell Watson WR JuJu Smith-Schuster WR Trent Taylor WR Mike Evans,,Justin Hunter,8.52%,0
29,797348757,durdyburd,0,50.26,QB AJ McCarron WR Alex Erickson TE Tyler Kroft RB C.J. Spiller RB Knile Davis DST Steelers  WR Aldrick Robinson FLEX Bernard Reedy WR Freddie Martino,,Steelers ,7.90%,15
29,797492703,NoPaenoGain,0,50.26,RB Joe Mixon WR Alex Erickson QB Geno Smith RB Wayne Gallman TE Evan Engram DST Giants  FLEX Matt Breida WR Aldrick Robinson WR Chris Godwin,,Darius Powe,7.69%,2.5
31,797406979,jackj,0,50.1,RB Joe Mixon RB Kareem Hunt WR Travis Rudolph TE Evan Engram QB Joshua Dobbs WR JuJu Smith-Schuster DST Steelers  FLEX Joe Williams WR Trent Taylor,,Fitzgerald Toussaint,7.69%,1.9
32,797225823,sgamino,0,50,WR Tyler Boyd RB Wayne Gallman WR Darius Powe TE Evan Engram QB Joshua Dobbs RB Terrell Watson FLEX Trent Taylor DST 49ers  WR Mike Evans,,Jeremy McNichols,7.48%,1.2
33,797340905,AVivier,0,49.84,FLEX Joe Mixon RB Kareem Hunt TE Evan Engram DST Giants  WR Demarcus Ayers QB C.J. Beathard RB Joe Williams WR Aldrick Robinson WR Marquise Goodwin,,Joe Williams,7.07%,6
34,797246683,bogality,0,49.7,RB Kareem Hunt FLEX C.J. Spiller DST Chiefs  WR Roger Lewis TE Evan Engram QB Joshua Dobbs RB Terrell Watson WR Trent Taylor WR Mike Evans,,Josh Malone,6.86%,9.2
35,797306249,Skumpunch,0,49.56,QB AJ McCarron WR Tyler Boyd TE Tyler Kroft RB Kareem Hunt WR Roger Lewis RB Terrell Watson DST Steelers  FLEX Trent Taylor WR Mike Evans,,Derel Walker,6.65%,0
36,797216506,dkeefer,0,49.5,WR Alex Erickson TE Tyler Kroft RB Orleans Darkwa WR Travis Rudolph DST Giants  QB Joshua Dobbs RB Matt Breida WR Aldrick Robinson FLEX Chris Godwin,,Seantavius Jones,6.24%,3.3
36,797451069,rpdakg,0,49.5,WR Alex Erickson TE Tyler Kroft RB Orleans Darkwa WR Travis Rudolph DST Giants  QB Joshua Dobbs RB Matt Breida FLEX Aldrick Robinson WR Chris Godwin,,Marcus Tucker,6.24%,2
38,797233588,ghostcougar,0,49.4,RB Kareem Hunt DST Chiefs  TE Evan Engram QB Joshua Dobbs RB Terrell Watson WR JuJu Smith-Schuster WR Marcus Tucker FLEX Trent Taylor WR Mike Evans,,49ers ,5.82%,7
39,797235467,mjc08bc,0,49.3,RB Joe Mixon WR Alex Erickson TE Tyler Kroft RB Orleans Darkwa WR Travis Rudolph DST Giants  QB Joshua Dobbs FLEX Canaan Severin WR Aldrick Robinson,,Bengals ,5.41%,8
40,797444715,jtsmoov,0,49.2,RB Joe Mixon RB Jeremy Hill WR Alex Erickson WR Jehu Chesson DST Chiefs  TE Will Tye QB Joshua Dobbs WR Cobi Hamilton FLEX Jeremy McNichols,,Josh Huff,4.99%,1.7
40,797506955,tpolak25,0,49.2,WR Alex Erickson RB Orleans Darkwa TE Evan Engram QB Joshua Dobbs WR JuJu Smith-Schuster RB Matt Breida WR Aldrick Robinson DST 49ers  FLEX Chris Godwin,,Eli Rogers,4.99%,1.2
40,797530623,dmort21,0,49.2,RB Joe Mixon FLEX Kareem Hunt DST Chiefs  TE Evan Engram QB Joshua Dobbs RB Terrell Watson WR JuJu Smith-Schuster WR Aldrick Robinson WR Chris Godwin,,Paul Perkins,4.78%,0.3
43,797390733,kencamnat,0,48.8,WR Tyler Boyd RB Kareem Hunt WR Seantavius Jones FLEX Wayne Gallman QB Joshua Dobbs RB Terrell Watson DST Steelers  WR Trent Taylor TE O.J. Howard,,Marquise Goodwin,4.78%,2.4
44,797231382,Axis,0,48.5,WR Alex Erickson TE Tyler Kroft RB Orleans Darkwa WR Travis Rudolph QB Joshua Dobbs RB Matt Breida WR Aldrick Robinson DST 49ers  FLEX Chris Godwin,,Adam Humphries,4.78%,1.3
45,797465670,seabreezy8,0,48.46,QB AJ McCarron WR Alex Erickson RB Kareem Hunt RB Terrell Watson WR JuJu Smith-Schuster DST Steelers  FLEX Trent Taylor WR Chris Godwin TE O.J. Howard,,Peyton Barber,4.57%,2.1
46,797402181,theoddsmaker,0,48.3,RB Joe Mixon RB Kareem Hunt DST Chiefs  TE Evan Engram QB Joshua Dobbs FLEX Joe Williams WR Trent Taylor WR Mike Evans WR Chris Godwin,,DeSean Jackson,4.37%,1.6
47,797342073,Bonuscash,0,48.1,RB Joe Mixon WR Josh Malone RB Kareem Hunt DST Chiefs  TE Evan Engram QB Joshua Dobbs FLEX Terrell Watson WR JuJu Smith-Schuster WR Chris Godwin,,Tyreek Hill,4.37%,4.2
47,797502113,burgard11,0,48.1,WR Tyler Boyd TE Tyler Kroft RB Kareem Hunt QB Joshua Dobbs RB Terrell Watson WR JuJu Smith-Schuster FLEX Aldrick Robinson WR Mike Evans DST Buccaneers ,,Canaan Severin,4.16%,4.4
49,797553218,gqinxs,0,48,WR Alex Erickson TE Tyler Kroft RB Kareem Hunt FLEX Orleans Darkwa WR Travis Rudolph QB Joshua Dobbs RB Matt Breida WR Aldrick Robinson DST 49ers ,,Geno Smith,3.74%,4.06
50,797404386,woodchip78,0,47.5,FLEX Alex Erickson WR Tyler Boyd WR Albert Wilson DST Chiefs  RB Khalid Abdullah RB Terrell Watson QB Ryan Fitzpatrick WR Chris Godwin TE Cameron Brate,,Josh Johnson,3.53%,2.04
51,797411009,LOLdix,0,47.1,WR Tyler Boyd TE Tyler Kroft RB Kareem Hunt DST Chiefs  QB Joshua Dobbs RB Terrell Watson FLEX JuJu Smith-Schuster WR Trent Taylor WR Mike Evans,,Demarcus Robinson,3.53%,1.7
51,797442148,mbika,0,47.1,FLEX Kareem Hunt RB Wayne Gallman WR Roger Lewis TE Evan Engram QB Joshua Dobbs RB Terrell Watson WR Trent Taylor WR Mike Evans DST Buccaneers ,,Knile Davis,3.33%,4.9
53,797238685,Durrrrfan24,0,47,RB Joe Mixon WR Josh Malone FLEX Kareem Hunt TE Gavin Escobar DST Giants  QB Joshua Dobbs RB Terrell Watson WR JuJu Smith-Schuster WR Chris Godwin,,Brandon LaFell,3.12%,2.3
53,797384928,evanthegreat,0,47,RB Joe Mixon WR Tyler Boyd RB C.J. Spiller DST Chiefs  WR Cobi Hamilton FLEX Kyle Juszczyk WR Marquise Goodwin QB Ryan Fitzpatrick TE Alan Cross,,Stanley Williams,3.12%,0.5
55,797334168,davidwiles,0,46.7,RB Joe Mixon WR Alex Erickson DST Chiefs  WR Travis Rudolph TE Evan Engram QB Joshua Dobbs RB Terrell Watson FLEX Derel Walker WR Chris Godwin,,Brandon Marshall,3.12%,0
55,797338996,tomgreenjr2244,0,46.7,RB Joe Mixon WR Alex Erickson DST Chiefs  WR Travis Rudolph TE Evan Engram QB Joshua Dobbs RB Terrell Watson FLEX Derel Walker WR Chris Godwin,,Charles Sims,3.12%,2.3
57,797241958,Quake211,0,46.56,QB AJ McCarron FLEX Joe Mixon WR Alex Erickson TE Tyler Kroft RB Orleans Darkwa WR Travis Rudolph DST Giants  RB Matt Breida WR Aldrick Robinson,,Xavier Grimble,2.91%,0
57,797280534,Numberoneoutlaw,0,46.56,QB AJ McCarron FLEX Joe Mixon WR Alex Erickson TE Tyler Kroft RB Orleans Darkwa WR Travis Rudolph DST Giants  RB Matt Breida WR Aldrick Robinson,,Demarcus Ayers,2.91%,0
57,797322369,thechovanone,0,46.56,QB AJ McCarron FLEX Joe Mixon WR Alex Erickson TE Tyler Kroft RB Orleans Darkwa WR Travis Rudolph DST Giants  RB Matt Breida WR Aldrick Robinson,,Kevin Norwood,2.70%,1.7
60,797513726,gatortime12,0,46.42,RB Joe Mixon WR Alex Erickson TE Tyler Kroft RB Orleans Darkwa FLEX Travis Rudolph DST Giants  QB Matt Barkley WR Aldrick Robinson WR Chris Godwin,,Jeremy Hill,2.49%,2.6
61,797330084,jtrealtor721,0,46.4,FLEX Joe Mixon RB Kareem Hunt WR Seantavius Jones QB Joshua Dobbs WR Justin Hunter DST Steelers  RB Joe Williams WR Chris Godwin TE Alan Cross,,Cobi Hamilton,2.49%,15.2
62,797233937,ScanHickory,0,46.36,QB AJ McCarron RB Joe Mixon FLEX Brandon LaFell WR A.J. Green RB Spencer Ware WR Marcus Kemp DST Chiefs  TE Jerell Adams WR Marquise Goodwin,,Martavis Bryant,2.29%,0
63,797229962,psufans2,0,46.3,RB Joe Mixon WR Alex Erickson TE Tyler Kroft FLEX Kareem Hunt WR Roger Lewis DST Giants  QB Joshua Dobbs RB Terrell Watson WR Chris Godwin,,Giovani Bernard,2.29%,0
63,797291030,samjeffcoat,0,46.3,RB Joe Mixon WR Alex Erickson TE Tyler Kroft RB Orleans Darkwa WR Travis Rudolph QB Joshua Dobbs FLEX Aldrick Robinson DST 49ers  WR Chris Godwin,,Jacquizz Rodgers,2.29%,2.6
65,797394032,KHeezyJr,0,46.16,QB AJ McCarron RB Joe Mixon WR Alex Erickson TE Tyler Kroft DST Chiefs  FLEX Travis Rudolph RB Matt Breida WR Aldrick Robinson WR Chris Godwin,,Darrius Heyward-Bey,2.29%,1.6
65,797509378,hulke,0,46.16,QB AJ McCarron RB Joe Mixon WR Alex Erickson TE Tyler Kroft DST Chiefs  FLEX Travis Rudolph RB Matt Breida WR Aldrick Robinson WR Chris Godwin,,Tyler Eifert,2.29%,1.4
67,797342942,kornholio8,0,46.1,RB Kareem Hunt DST Chiefs  FLEX Wayne Gallman WR Roger Lewis TE Evan Engram QB Joshua Dobbs RB Terrell Watson WR JuJu Smith-Schuster WR Mike Evans,,Bobo Wilson,2.29%,2.1
68,797272619,bdiddy92,0,45.9,RB Joe Mixon FLEX Cody Core RB Kareem Hunt WR Demarcus Robinson QB Joshua Dobbs WR Marcus Tucker DST Steelers  WR Mike Evans TE O.J. Howard,,A.J. Green,2.29%,4.1
69,797221787,AdamLevitan,0,45.8,WR Cody Core TE Tyler Kroft RB Kareem Hunt WR Roger Lewis DST Giants  QB Joshua Dobbs RB Terrell Watson FLEX Aldrick Robinson WR Chris Godwin,,Matt Barkley,2.29%,6.72
69,797296030,CoolhandLG,0,45.8,RB Joe Mixon WR Alex Erickson WR Seantavius Jones FLEX Travis Rudolph QB Joshua Dobbs TE Xavier Grimble RB Matt Breida WR Trent Taylor DST Buccaneers ,,Chris Conley,2.08%,6.6
69,797482696,smiley1969,0,45.8,RB Kareem Hunt DST Chiefs  FLEX Wayne Gallman WR Roger Lewis TE Evan Engram QB Joshua Dobbs RB Terrell Watson WR Marcus Tucker WR Mike Evans,,Jesse James,2.08%,1.1
69,797504390,joseph.dantas,0,45.8,RB Joe Mixon WR Cody Core RB Kareem Hunt WR Travis Rudolph QB Joshua Dobbs WR JuJu Smith-Schuster TE Xavier Grimble DST Steelers  FLEX Matt Breida,,Albert Wilson,2.08%,0
73,797549950,YodaGotti,0,45.7,TE Tyler Kroft FLEX Kareem Hunt RB Orleans Darkwa DST Giants  QB Joshua Dobbs RB Matt Breida WR Aldrick Robinson WR Trent Taylor WR Chris Godwin,,Cole Hikutini,2.08%,0
74,797506885,TagsFantasyFB,0,45.64,RB Joe Mixon RB Kareem Hunt QB Josh Johnson TE Evan Engram DST Giants  FLEX Matt Breida WR Aldrick Robinson WR Trent Taylor WR Chris Godwin,,Ryan Fitzpatrick,1.87%,8.3
75,797232729,p1boggan,0,45.6,RB Joe Mixon WR Alex Erickson RB Kareem Hunt FLEX C.J. Spiller TE Gavin Escobar DST Chiefs  WR Travis Rudolph QB Joshua Dobbs WR Mike Evans,,Tim Hightower,1.87%,0
76,797275517,Hoosierdaddy23,0,45.4,FLEX Joe Mixon RB Kareem Hunt DST Chiefs  WR Roger Lewis TE Evan Engram QB Joshua Dobbs RB Terrell Watson WR Trent Taylor WR Chris Godwin,,Gehrig Dieter,1.87%,2.6
77,797308808,taze34,0,45.32,FLEX Joe Mixon WR A.J. Green TE Tyler Eifert QB Alex Smith RB Spencer Ware WR Brandon Marshall DST Giants  RB Charles Sims WR Mike Evans,,Spencer Ware,1.66%,11.6
78,797394786,phillyboy10456,0,45.3,RB Joe Mixon WR Alex Erickson RB C.J. Spiller TE Gavin Escobar DST Chiefs  QB Joshua Dobbs FLEX Terrell Watson WR JuJu Smith-Schuster WR Chris Godwin,,Tra Carson,1.66%,6.5
79,797429416,goblue112,0,45.1,FLEX Joe Mixon WR Alex Erickson RB Kareem Hunt DST Chiefs  QB Joshua Dobbs RB Terrell Watson WR JuJu Smith-Schuster WR Chris Godwin TE O.J. Howard,,Khalid Abdullah,1.66%,4.6
79,797419046,Ezi305,0,45.1,RB Joe Mixon WR Josh Malone FLEX Wayne Gallman WR Travis Rudolph QB Joshua Dobbs RB Fitzgerald Toussaint WR Justin Hunter DST Steelers  TE O.J. Howard,,Kapri Bibbs,1.46%,0
81,797426731,Reflex43,0,45.04,RB Joe Mixon FLEX Alex Erickson WR Cody Core TE Mason Schreck QB Josh Johnson RB Orleans Darkwa WR Travis Rudolph DST Steelers  WR Trent Taylor,,Will Tye,1.46%,2.1
82,797483873,marquis024,0,45,WR Tyler Boyd RB Kareem Hunt RB C.J. Spiller DST Chiefs  TE Evan Engram QB Joshua Dobbs FLEX Terrell Watson WR JuJu Smith-Schuster WR Mike Evans,,Jameis Winston,1.46%,3.96
82,797564083,brownzfan19,0,45,RB Kareem Hunt RB Wayne Gallman WR Roger Lewis QB Joshua Dobbs FLEX Terrell Watson WR Trent Taylor WR Mike Evans TE O.J. Howard DST Buccaneers ,,Doug Martin,1.46%,1.1
84,797541137,lionsfan5959,0,44.98,RB Joe Mixon FLEX Alex Erickson WR Marcus Kemp WR Seantavius Jones DST Chiefs  RB Terrell Watson TE Jake McGee WR Marquise Goodwin QB Ryan Griffin,,Ryan Griffin,1.46%,2.28
85,797496656,nava0054,0,44.96001,QB AJ McCarron RB Joe Mixon WR Alex Erickson WR Travis Rudolph TE Evan Engram DST Giants  FLEX Joe Williams RB Matt Breida WR Chris Godwin,,Freddie Martino,1.46%,2.4
86,797303190,codyallison1026,0,44.8,TE Tyler Kroft FLEX Kareem Hunt RB Wayne Gallman QB Joshua Dobbs RB Terrell Watson WR JuJu Smith-Schuster WR Trent Taylor WR Mike Evans DST Buccaneers ,,Karel Hamilton,1.46%,0
86,797315454,brad4755,0,44.8,RB Joe Mixon DST Chiefs  WR Roger Lewis QB Joshua Dobbs RB Terrell Watson WR JuJu Smith-Schuster FLEX Matt Breida WR Chris Godwin TE O.J. Howard,,Dwayne Harris,1.46%,1.2
86,797483457,bernielomax69,0,44.8,RB Joe Mixon TE Gavin Escobar DST Chiefs  WR Darius Powe QB Joshua Dobbs RB Terrell Watson WR JuJu Smith-Schuster FLEX Matt Breida WR Chris Godwin,,Carlos Hyde,1.25%,1.3
89,797485715,Rpolster,0,44.7,TE Tyler Kroft RB Kareem Hunt QB Joshua Dobbs RB Terrell Watson FLEX JuJu Smith-Schuster WR Trent Taylor WR Mike Evans WR Chris Godwin DST Buccaneers ,,Mason Schreck,1.25%,0
90,797305862,TBTBS,0,44.66,RB Tra Carson WR Cody Core WR Seantavius Jones TE Gavin Escobar DST Chiefs  FLEX Aldrick Robinson QB Jameis Winston RB Doug Martin WR Mike Evans,,DeAndre Smelter,1.25%,0
91,797395446,Jordy51,0,44.52,WR Alex Erickson RB Kareem Hunt TE Evan Engram DST Giants  WR Justin Hunter QB Matt Barkley FLEX Joe Williams WR Aldrick Robinson RB Jeremy McNichols,,Alan Cross,1.25%,5
92,797333611,TGleghorn,0,44.4,RB Joe Mixon DST Bengals  FLEX Kareem Hunt WR Albert Wilson WR Dwayne Harris QB Joshua Dobbs RB Fitzgerald Toussaint WR Cobi Hamilton TE Garrett Celek,,Jehu Chesson,1.25%,0
92,797492428,jjlads01,0,44.4,RB Joe Mixon FLEX Kareem Hunt DST Chiefs  WR Travis Rudolph QB Joshua Dobbs RB Terrell Watson WR JuJu Smith-Schuster WR Trent Taylor TE Cole Hikutini,,Cameron Brate,1.25%,4.7
94,797257831,mbiddle24,0,44.3,WR Tyler Boyd RB Kareem Hunt TE Gavin Escobar FLEX Wayne Gallman QB Joshua Dobbs RB Terrell Watson WR Trent Taylor WR Mike Evans DST Buccaneers ,,De'Anthony Thomas,1.04%,1.6
94,797437794,HKHOTSSKHOTB,0,44.3,RB Joe Mixon WR Alex Erickson RB Kareem Hunt DST Chiefs  WR Roger Lewis TE Evan Engram QB Joshua Dobbs WR JuJu Smith-Schuster FLEX Matt Breida,,Demetrius Harris,1.04%,0
96,797334699,vexcity,0,44.26,FLEX Alex Erickson DST Chiefs  QB Geno Smith RB Khalid Abdullah WR Kevin Norwood WR Travis Rudolph TE Evan Engram RB Terrell Watson WR Freddie Martino,,Jake McGee,1.04%,0
96,797364364,turbbo2001,0,44.26,RB Joe Mixon QB Patrick Mahomes II WR Darius Powe WR Roger Lewis FLEX Terrell Watson RB Matt Breida WR Trent Taylor TE Cole Hikutini DST Buccaneers ,,Cethan Carter,0.83%,3.4
98,797416229,mikel1413,0,44.22,FLEX Darrius Heyward-Bey WR JuJu Smith-Schuster DST Steelers  QB Matt Barkley RB Joe Williams WR Jeremy Kerley WR Aldrick Robinson TE Cole Hikutini RB Charles Sims,,John Ross,0.83%,0
99,797571723,emoney1196,0,44.2,WR Josh Malone RB Kareem Hunt DST Chiefs  RB Wayne Gallman WR Travis Rudolph QB Joshua Dobbs FLEX Joe Williams WR Trent Taylor TE O.J. Howard,,Jeremy Kerley,0.83%,0
100,797316481,mark4407777,0,44.12,WR Alex Erickson FLEX Kareem Hunt TE Gavin Escobar RB Orleans Darkwa WR Travis Rudolph QB Matt Barkley RB Matt Breida WR Aldrick Robinson DST Buccaneers ,,Ross Travis,0.83%,1.3
101,797389706,Boomboomjr,0,44.1,WR Tyler Boyd TE Tyler Kroft RB Kareem Hunt QB Joshua Dobbs RB Terrell Watson WR JuJu Smith-Schuster FLEX Trent Taylor WR Mike Evans DST Buccaneers ,,Alonzo Russell,0.83%,0
102,797224022,bears14hockey,0,44.04,WR Alex Erickson TE Tyler Kroft QB Josh Johnson RB Wayne Gallman RB Orleans Darkwa WR Travis Rudolph DST Giants  FLEX Matt Breida WR Aldrick Robinson,,Russell Hansbrough,0.83%,2.7
103,797555356,PimpinItInxs,0,44,WR Alex Erickson TE Tyler Kroft RB Kareem Hunt RB Orleans Darkwa WR Travis Rudolph DST Giants  QB Joshua Dobbs WR Aldrick Robinson FLEX Chris Godwin,,Devine Redding,0.83%,0
103,797224709,choptalk10,0,44,RB Kareem Hunt TE Gavin Escobar DST Chiefs  FLEX Wayne Gallman WR Roger Lewis QB Joshua Dobbs RB Terrell Watson WR JuJu Smith-Schuster WR Mike Evans,,Alex Smith,0.83%,2.92
103,797555254,Molly1199,0,44,WR Tyler Boyd FLEX Kareem Hunt DST Chiefs  TE Evan Engram QB Joshua Dobbs RB Terrell Watson WR JuJu Smith-Schuster RB Doug Martin WR Mike Evans,,Garrett Celek,0.83%,3.4
106,797366092,estreker,0,43.8,RB C.J. Spiller TE Gavin Escobar DST Chiefs  WR Darius Powe QB Joshua Dobbs FLEX Terrell Watson WR Canaan Severin RB Matt Breida WR Chris Godwin,,Brandon Brown-Dukes,0.62%,0
106,797537588,rwhabich,0,43.8,WR Tyler Boyd TE Tyler Kroft RB Kareem Hunt QB Joshua Dobbs RB Terrell Watson WR Marcus Tucker FLEX Trent Taylor WR Mike Evans DST Buccaneers ,,Anthony Sherman,0.62%,1.3
108,797224032,mongo927,0,43.76,QB AJ McCarron WR Alex Erickson TE Tyler Kroft RB Orleans Darkwa WR Travis Rudolph DST Giants  RB Matt Breida WR Aldrick Robinson FLEX Chris Godwin,,Antonio Brown,0.62%,0
108,797469429,lazygrandeur,0,43.76,QB AJ McCarron WR Alex Erickson TE Tyler Kroft RB Orleans Darkwa FLEX Travis Rudolph DST Giants  RB Matt Breida WR Aldrick Robinson WR Chris Godwin,,Kyle Juszczyk,0.62%,0
108,797553449,DanFBG,0,43.76,QB AJ McCarron RB Joe Mixon WR Cody Core WR Josh Malone RB Kareem Hunt TE Evan Engram DST Giants  FLEX Terrell Watson WR Chris Godwin,,Marcus Kemp,0.62%,6.1
111,797450136,Galante118,0,43.7,RB Kareem Hunt DST Chiefs  FLEX Travis Rudolph TE Evan Engram QB Joshua Dobbs RB Terrell Watson WR JuJu Smith-Schuster WR Trent Taylor WR Chris Godwin,,Tevin Jones,0.62%,0
112,797459580,fortherecordhomer,0,43.66,WR Josh Malone QB Patrick Mahomes II RB C.J. Spiller TE Gavin Escobar DST Giants  WR JuJu Smith-Schuster RB Matt Breida WR Trent Taylor FLEX Chris Godwin,,Pierre Garcon,0.62%,0
113,797255437,SlabOfMeatloaf,0,43.6,WR Tyler Boyd TE Tyler Kroft FLEX C.J. Spiller DST Chiefs  RB Wayne Gallman QB Joshua Dobbs RB Terrell Watson WR Mike Evans WR Chris Godwin,,Bart Houston,0.62%,1.16
113,797518085,TwineTickler,0,43.6,TE Tyler Kroft RB Kareem Hunt RB Wayne Gallman WR Roger Lewis QB Joshua Dobbs WR Marcus Tucker WR Aldrick Robinson DST 49ers  FLEX Mike Evans,,James Conner,0.62%,0
115,797209683,Jaycob87,0,43.4,WR Alex Erickson RB C.J. Spiller TE Gavin Escobar DST Chiefs  QB Joshua Dobbs WR JuJu Smith-Schuster RB Matt Breida FLEX Trent Taylor WR Chris Godwin,,Antony Auclair,0.62%,0
115,797406974,lakersmvilla,0,43.4,WR Cody Core WR Josh Malone RB Wayne Gallman WR Roger Lewis TE Evan Engram QB Joshua Dobbs RB Terrell Watson FLEX Chris Godwin DST Buccaneers ,,Trey Williams,0.62%,0
115,797284270,mpr3eagle2,0,43.4,WR Cody Core RB Wayne Gallman TE Evan Engram QB Joshua Dobbs RB Terrell Watson WR JuJu Smith-Schuster FLEX Marcus Tucker WR Mike Evans DST Buccaneers ,,Aaron Burbridge,0.62%,0
118,797362647,chadpen01,0,43.36,RB Joe Mixon QB Patrick Mahomes II FLEX Kareem Hunt TE Gavin Escobar WR JuJu Smith-Schuster RB Matt Breida WR Aldrick Robinson WR Trent Taylor DST Buccaneers ,,Odell Beckham Jr.,0.42%,0
119,797172377,Redman910,0,43.3,RB Joe Mixon WR Alex Erickson DST Bengals  RB C.J. Spiller TE Gavin Escobar QB Joshua Dobbs WR JuJu Smith-Schuster FLEX Matt Breida WR Chris Godwin,,Eli Manning,0.42%,0
120,797545958,smoeller16,0,43.26,RB Joe Mixon QB Patrick Mahomes II WR Jehu Chesson TE Ross Travis DST Chiefs  WR Travis Rudolph FLEX Terrell Watson WR JuJu Smith-Schuster RB Matt Breida,,Brian Hoyer,0.42%,0.12
121,797423706,bygmyke,0,43.14,QB Josh Johnson RB Orleans Darkwa WR Darius Powe FLEX Travis Rudolph TE Evan Engram RB Matt Breida WR Aldrick Robinson WR Trent Taylor DST 49ers ,,Jerell Adams,0.42%,5.8
122,797312413,kratter22,0,43.1,WR Cody Core RB Kareem Hunt WR Seantavius Jones DST Chiefs  FLEX Orleans Darkwa TE Evan Engram QB Joshua Dobbs RB Terrell Watson WR Trent Taylor,,Tyler Bray,0.42%,1.52
122,797336959,haggler95,0,43.1,RB Joe Mixon FLEX Alex Erickson RB Kareem Hunt DST Chiefs  TE Evan Engram QB Joshua Dobbs WR JuJu Smith-Schuster WR Trent Taylor WR Chris Godwin,,Blake Sims,0.42%,0.3
124,797393327,aclederer,0,43,WR Tyler Boyd TE Tyler Kroft RB Kareem Hunt DST Chiefs  FLEX Wayne Gallman QB Joshua Dobbs RB Terrell Watson WR Marcus Tucker WR Mike Evans,,Matt LaCosse,0.42%,3.1
125,797352401,savmario,0,42.9,RB Joe Mixon WR Alex Erickson DST Chiefs  TE Evan Engram QB Joshua Dobbs RB Terrell Watson WR Justin Hunter WR JuJu Smith-Schuster FLEX Kapri Bibbs,,C.J. Beathard,0.42%,13.94
126,797324069,kzolson19,0,42.86,QB AJ McCarron WR Alex Erickson TE Tyler Kroft RB Kareem Hunt WR Travis Rudolph RB Matt Breida WR Aldrick Robinson DST 49ers  FLEX Chris Godwin,,Levonte Whitfield,0.42%,2.6
127,797408373,Markmono,0,42.7,RB Kareem Hunt WR Demarcus Robinson QB Joshua Dobbs FLEX Terrell Watson WR Marcus Tucker WR Trent Taylor DST 49ers  RB Doug Martin TE Cameron Brate,,Bernard Reedy,0.42%,5.4
128,797264250,Justin-Q,0,42.66,QB AJ McCarron RB Joe Mixon WR Alex Erickson TE Tyler Kroft FLEX Kareem Hunt WR Travis Rudolph DST Giants  RB Matt Breida WR Trent Taylor,,Sterling Shepard,0.21%,0
128,797423526,genependak1,0,42.66,QB Patrick Mahomes II RB C.J. Spiller WR Demarcus Robinson DST Chiefs  WR Travis Rudolph TE Evan Engram FLEX Terrell Watson WR JuJu Smith-Schuster RB Matt Breida,,David Johnson,0.21%,0
130,797313268,awj101,0,42.5,WR Alex Erickson FLEX Kareem Hunt TE Demetrius Harris DST Chiefs  RB Wayne Gallman WR Roger Lewis QB Joshua Dobbs RB Terrell Watson WR JuJu Smith-Schuster,,C.J. Uzomah,0.21%,0
131,797505213,BeltWieldindad,0,42.4,WR Alex Erickson RB Kareem Hunt TE Gavin Escobar DST Chiefs  WR Roger Lewis QB Joshua Dobbs RB Terrell Watson FLEX JuJu Smith-Schuster WR Chris Godwin,,Tavarres King,0.21%,0
132,797387175,twhite2896,0,42.32,WR A.J. Green TE Tyler Eifert QB Alex Smith RB Spencer Ware WR Tyreek Hill DST Chiefs  WR Antonio Brown RB Carlos Hyde FLEX Mike Evans,,Sammie Coates,0.21%,0
133,797224492,thechek182,0,42.3,FLEX Josh Malone RB Kareem Hunt WR Roger Lewis QB Joshua Dobbs RB Terrell Watson WR Canaan Severin WR JuJu Smith-Schuster TE O.J. Howard DST Buccaneers ,,Quayvon Hicks,0.21%,0
133,797434060,tylangston4,0,42.3,FLEX Joe Mixon WR Josh Malone RB Kareem Hunt WR Chris Conley DST Chiefs  RB Wayne Gallman QB Joshua Dobbs WR JuJu Smith-Schuster TE O.J. Howard,,Logan Paulsen,0.21%,0
135,797281632,warren99,0,42.24,DST Chiefs  QB Josh Johnson WR Roger Lewis TE Evan Engram RB Terrell Watson WR Demarcus Ayers RB Joe Williams FLEX Marquise Goodwin WR Mike Evans,,Rhett Ellison,0.21%,5
136,797219012,matty80,0,42.2,TE Mason Schreck RB Orleans Darkwa WR Travis Rudolph QB Joshua Dobbs FLEX Marcus Tucker RB Matt Breida WR Aldrick Robinson DST 49ers  WR Chris Godwin,,Davis Webb,0.21%,2.68
137,797327956,jrking08,0,42.08,RB Joe Mixon WR Josh Malone FLEX JuJu Smith-Schuster RB Matt Breida WR Trent Taylor DST 49ers  QB Ryan Griffin WR Chris Godwin TE O.J. Howard,,Darrin Laufasa,0.21%,0
138,797331871,Bellaireboy3,0,42.02,FLEX Tra Carson DST Bengals  RB C.J. Spiller TE Gavin Escobar RB Orleans Darkwa WR Kevin Norwood WR Cobi Hamilton WR Justin Hunter QB Matt Barkley,,Jeff Driskel,0.21%,17.28
139,797465140,SextonHardcastle,0,41.9,WR Josh Malone RB Kareem Hunt RB Orleans Darkwa WR Travis Rudolph TE Evan Engram QB Joshua Dobbs FLEX JuJu Smith-Schuster WR Trent Taylor DST 49ers ,,Roosevelt Nix,0.21%,0
140,797412292,bobbyfrizzell82,0,41.8,FLEX C.J. Spiller WR Gehrig Dieter QB Joshua Dobbs RB Terrell Watson WR JuJu Smith-Schuster TE Jake McGee RB Matt Breida DST 49ers  WR Chris Godwin,,Jerome Lane,0.21%,4.7
141,797206280,theleafnode,0,41.66,QB AJ McCarron RB Joe Mixon WR Cody Core TE Tyler Kroft WR Roger Lewis FLEX Travis Rudolph DST Giants  RB Matt Breida WR Aldrick Robinson,,Andy Dalton,0.21%,0.52
142,797396717,akozel,0,41.6,FLEX Joe Mixon RB C.J. Spiller TE Gavin Escobar DST Chiefs  WR Darius Powe QB Joshua Dobbs RB Terrell Watson WR Canaan Severin WR Chris Godwin,,DeAndre Carter,0.21%,2.4
142,797546593,rjeestep,0,41.6,FLEX Joe Mixon WR Cody Core RB Kareem Hunt DST Chiefs  TE Evan Engram QB Joshua Dobbs RB Terrell Watson WR JuJu Smith-Schuster WR Chris Godwin,,Shaq Hill,0.21%,0
144,797400470,lid49,0,41.52,QB Alex Smith WR Tyreek Hill DST Giants  RB Terrell Watson WR JuJu Smith-Schuster FLEX Jake McGee RB Matt Breida WR Trent Taylor TE O.J. Howard,,Tevin Westbrook,0.21%,1.9
145,797499460,PSchmitt7,0,41.5,RB Kareem Hunt DST Chiefs  WR Roger Lewis QB Joshua Dobbs RB Terrell Watson WR JuJu Smith-Schuster FLEX Matt Breida WR Chris Godwin TE O.J. Howard,,Jarveon Williams,0.21%,0.9
146,797502721,ssbledsoe,0,41.4,RB Joe Mixon WR Josh Malone RB Kareem Hunt WR Travis Rudolph TE Evan Engram QB Joshua Dobbs WR JuJu Smith-Schuster DST 49ers  FLEX Chris Godwin,,,
146,797522087,ISTACKDEADPEOPLE,0,41.4,RB Joe Mixon RB Kareem Hunt DST Chiefs  WR Roger Lewis TE Evan Engram QB Joshua Dobbs FLEX Terrell Watson WR JuJu Smith-Schuster WR Chris Godwin,,,
148,797352129,perihadion,0,41.2,RB Joe Mixon FLEX Gehrig Dieter TE Gavin Escobar DST Chiefs  WR Travis Rudolph QB Joshua Dobbs RB Terrell Watson WR JuJu Smith-Schuster WR Chris Godwin,,,
148,797155005,towill6,0,41.2,FLEX Joe Mixon WR Chris Conley QB Joshua Dobbs RB Fitzgerald Toussaint WR Justin Hunter WR JuJu Smith-Schuster TE Xavier Grimble DST Steelers  RB Jacquizz Rodgers,,,
148,797250739,mothballskid,0,41.2,RB Joe Mixon TE Tyler Kroft RB Orleans Darkwa WR Travis Rudolph QB Joshua Dobbs WR JuJu Smith-Schuster FLEX Aldrick Robinson WR Trent Taylor DST Buccaneers ,,,
151,797301698,fhnixon,0,41.16,QB AJ McCarron RB Joe Mixon WR Alex Erickson TE Tyler Kroft WR Travis Rudolph DST Giants  WR Canaan Severin FLEX JuJu Smith-Schuster RB Matt Breida,,,
152,797248940,Genghis_Khan1,0,41.1,RB Joe Mixon RB Kareem Hunt DST Giants  QB Joshua Dobbs WR JuJu Smith-Schuster FLEX Matt Breida WR Trent Taylor WR Chris Godwin TE O.J. Howard,,,
152,797293007,ARaven52,0,41.1,RB Joe Mixon RB Kareem Hunt DST Giants  QB Joshua Dobbs WR JuJu Smith-Schuster TE Xavier Grimble FLEX Matt Breida WR Trent Taylor WR Chris Godwin,,,
152,797357996,centaur83,0,41.1,WR Alex Erickson TE Tyler Kroft FLEX Kareem Hunt RB Orleans Darkwa WR Travis Rudolph DST Giants  QB Joshua Dobbs RB Matt Breida WR Chris Godwin,,,
152,797472736,Back2Vegas,0,41.1,RB Joe Mixon FLEX Kareem Hunt TE Evan Engram QB Joshua Dobbs RB Terrell Watson WR Marcus Tucker WR Trent Taylor WR DeSean Jackson DST Buccaneers ,,,
156,797346122,jonjon9907,0,41,RB Joe Mixon WR Cody Core RB C.J. Spiller DST Chiefs  WR Roger Lewis TE Evan Engram QB Joshua Dobbs FLEX Marcus Tucker WR Mike Evans,,,
157,797510056,mrsugar,0,40.96,WR Alex Erickson QB Geno Smith WR Roger Lewis RB Terrell Watson WR JuJu Smith-Schuster FLEX Marquise Goodwin RB Charles Sims TE Cameron Brate DST Buccaneers ,,,
158,797221597,jnoody,0,40.92,RB Joe Mixon WR Seantavius Jones WR Darius Powe TE Evan Engram RB Terrell Watson WR Justin Hunter QB Brian Hoyer FLEX Aldrick Robinson DST 49ers ,,,
159,797036665,shoaf54,0,40.9,RB Joe Mixon WR Brandon LaFell FLEX Chris Conley QB Joshua Dobbs RB Fitzgerald Toussaint WR Martavis Bryant WR JuJu Smith-Schuster TE Xavier Grimble DST Steelers ,,,
159,797329534,HawkShadows,0,40.9,RB Tra Carson WR Josh Malone FLEX Kareem Hunt TE Gavin Escobar DST Chiefs  RB Orleans Darkwa WR Darius Powe QB Joshua Dobbs WR Canaan Severin,,,
159,797570292,GameHova,0,40.9,RB Kareem Hunt WR Seantavius Jones DST Chiefs  QB Joshua Dobbs RB Terrell Watson WR Marcus Tucker FLEX Trent Taylor WR Chris Godwin TE O.J. Howard,,,
162,797220798,Bmp1113,0,40.86,QB AJ McCarron WR Josh Malone RB Kareem Hunt FLEX Orleans Darkwa TE Evan Engram DST Giants  WR JuJu Smith-Schuster RB Matt Breida WR Trent Taylor,,,
163,797272154,sf1288,0,40.8,FLEX Alex Erickson QB Joshua Dobbs RB Brandon Brown-Dukes WR Demarcus Ayers WR JuJu Smith-Schuster DST Steelers  RB Joe Williams WR DeSean Jackson TE O.J. Howard,,,
164,797272854,curbm82,0,40.7,RB Joe Mixon WR Tyler Boyd FLEX Kareem Hunt DST Chiefs  RB Khalid Abdullah QB Joshua Dobbs WR JuJu Smith-Schuster WR Aldrick Robinson TE O.J. Howard,,,
164,797439713,seelew4,0,40.7,WR Tyler Boyd TE Tyler Kroft DST Bengals  RB Wayne Gallman FLEX Roger Lewis QB Joshua Dobbs WR Marcus Tucker RB Joe Williams WR Aldrick Robinson,,,
166,797221842,2Winkz,0,40.56,RB Joe Mixon QB Patrick Mahomes II FLEX Kareem Hunt DST Chiefs  TE Evan Engram WR JuJu Smith-Schuster RB Matt Breida WR Trent Taylor WR Chris Godwin,,,
166,797273959,Jrncn0228,0,40.56,FLEX Jeremy Hill RB Giovani Bernard WR A.J. Green TE Tyler Eifert DST Steelers  QB Jameis Winston RB Peyton Barber WR DeSean Jackson WR Mike Evans,,,
168,797345907,jkcole7,0,40.54,WR Alex Erickson RB Kareem Hunt QB Josh Johnson RB Orleans Darkwa WR Travis Rudolph TE Evan Engram DST Giants  FLEX Aldrick Robinson WR Chris Godwin,,,
169,797229866,Zeechamp,0,40.5,RB Joe Mixon RB Kareem Hunt TE Gavin Escobar DST Chiefs  WR Travis Rudolph QB Joshua Dobbs FLEX Terrell Watson WR JuJu Smith-Schuster WR Chris Godwin,,,
169,797335539,jcmcmill,0,40.5,TE Tyler Kroft FLEX Kareem Hunt RB Wayne Gallman WR Roger Lewis QB Joshua Dobbs RB Terrell Watson WR JuJu Smith-Schuster WR Trent Taylor DST 49ers ,,,
171,797285323,tvegas40,0,40.46,QB AJ McCarron WR Alex Erickson TE Tyler Kroft FLEX Kareem Hunt WR Darius Powe DST Steelers  RB Matt Breida RB Doug Martin WR Chris Godwin,,,
172,797236160,Cuddy120,0,40.4,RB Joe Mixon WR Alex Erickson RB Orleans Darkwa WR Travis Rudolph TE Evan Engram QB Joshua Dobbs WR JuJu Smith-Schuster DST 49ers  FLEX Chris Godwin,,,
173,797516649,jabronimeister,0,40.3,FLEX C.J. Spiller TE Gavin Escobar DST Chiefs  WR Darius Powe QB Joshua Dobbs RB Terrell Watson WR JuJu Smith-Schuster RB Joe Williams WR Chris Godwin,,,
173,797284785,laxalicious,0,40.3,FLEX Joe Mixon RB C.J. Spiller DST Chiefs  QB Joshua Dobbs WR JuJu Smith-Schuster RB Matt Breida WR Trent Taylor WR Chris Godwin TE O.J. Howard,,,
173,797317447,h3budda,0,40.3,WR Tyler Boyd TE Tyler Kroft FLEX Kareem Hunt RB Wayne Gallman QB Joshua Dobbs RB Terrell Watson WR JuJu Smith-Schuster WR Mike Evans DST Buccaneers ,,,
176,797321911,OhioUBobcats,0,40.26,QB AJ McCarron RB Joe Mixon WR Cody Core RB Kareem Hunt DST Chiefs  TE Evan Engram WR JuJu Smith-Schuster FLEX Matt Breida WR Mike Evans,,,
177,797568374,sob9999,0,40.22,RB Joe Mixon DST Giants  RB Terrell Watson WR Darrius Heyward-Bey QB Matt Barkley WR Marquise Goodwin TE Garrett Celek FLEX Jeremy McNichols WR Adam Humphries,,,
178,797487704,hockeytown11,0,40.2,FLEX Kareem Hunt DST Chiefs  RB Wayne Gallman WR Roger Lewis QB Joshua Dobbs WR Cobi Hamilton WR JuJu Smith-Schuster RB Jeremy McNichols TE O.J. Howard,,,
178,797547929,charder30,0,40.2,WR Cody Core FLEX Darius Powe TE Matt LaCosse QB Joshua Dobbs RB Knile Davis WR JuJu Smith-Schuster DST Steelers  RB Peyton Barber WR Derel Walker,,,
180,797562394,WorldWideWes,0,40.1,TE Tyler Kroft RB Kareem Hunt DST Chiefs  WR Roger Lewis QB Joshua Dobbs RB Terrell Watson WR Marcus Tucker WR Trent Taylor FLEX Chris Godwin,,,
181,797382333,Pac13,0,40,WR Tyler Boyd TE Tyler Kroft RB Kareem Hunt DST Chiefs  RB Wayne Gallman WR Roger Lewis QB Joshua Dobbs FLEX Terrell Watson WR Trent Taylor,,,
182,797382137,Anticorn41,0,39.9,WR Tyler Boyd RB Kareem Hunt TE Gavin Escobar DST Chiefs  RB Wayne Gallman QB Joshua Dobbs FLEX Terrell Watson WR Trent Taylor WR Chris Godwin,,,
183,797216459,KColonel1969,0,39.8,WR Cody Core TE Tyler Kroft RB Kareem Hunt DST Chiefs  RB Wayne Gallman QB Joshua Dobbs WR Marcus Tucker FLEX Trent Taylor WR Mike Evans,,,
183,797418341,ztgendron,0,39.8,WR Tyler Boyd TE Tyler Kroft FLEX Kareem Hunt DST Chiefs  RB Wayne Gallman QB Joshua Dobbs RB Terrell Watson WR JuJu Smith-Schuster WR Trent Taylor,,,
185,797525887,1908cubbies,0,39.76,QB AJ McCarron RB Joe Mixon WR Alex Erickson TE Tyler Kroft RB Kareem Hunt FLEX Orleans Darkwa DST Giants  WR Aldrick Robinson WR Chris Godwin,,,
185,797569386,baerevolve,0,39.76,QB AJ McCarron RB Joe Mixon WR Alex Erickson TE Tyler Kroft FLEX Kareem Hunt RB Orleans Darkwa DST Giants  WR Aldrick Robinson WR Chris Godwin,,,
187,797331232,KingSaint87,0,39.7,RB C.J. Spiller TE Gavin Escobar WR Roger Lewis QB Joshua Dobbs RB Terrell Watson WR Canaan Severin FLEX Trent Taylor WR Chris Godwin DST Buccaneers ,,,
188,797568778,cjlachapelle83,0,39.66,RB Joe Mixon FLEX Josh Malone QB Patrick Mahomes II DST Chiefs  RB Orleans Darkwa WR Travis Rudolph TE Evan Engram WR JuJu Smith-Schuster WR Chris Godwin,,,
189,797375177,dliver1,0,39.58,QB Jeff Driskel FLEX Joe Mixon DST Chiefs  RB Wayne Gallman WR Kevin Norwood RB Fitzgerald Toussaint WR JuJu Smith-Schuster WR Josh Huff TE O.J. Howard,,,
190,797236749,graybros,0,39.5,RB Joe Mixon WR Cody Core RB Kareem Hunt TE Gavin Escobar DST Chiefs  FLEX Wayne Gallman QB Joshua Dobbs WR JuJu Smith-Schuster WR Aldrick Robinson,,,
190,797318464,NDrockne44,0,39.5,WR Tyler Boyd RB Kareem Hunt TE Gavin Escobar DST Chiefs  FLEX Wayne Gallman QB Joshua Dobbs RB Terrell Watson WR Marcus Tucker WR Trent Taylor,,,
192,797497439,Mctadgh,0,39.42,QB Tyler Bray RB Spencer Ware WR Chris Conley RB Khalid Abdullah DST Giants  FLEX JuJu Smith-Schuster TE Jesse James WR Adam Humphries WR Chris Godwin,,,
193,797329878,Team41,0,39.4,FLEX Cody Core RB Kareem Hunt TE Evan Engram QB Joshua Dobbs RB Terrell Watson WR Marcus Tucker WR Trent Taylor WR Chris Godwin DST Buccaneers ,,,
193,797547455,gibbs09,0,39.4,RB Joe Mixon WR Josh Malone RB Kareem Hunt DST Chiefs  TE Evan Engram QB Joshua Dobbs WR JuJu Smith-Schuster WR DeAndre Carter FLEX Josh Huff,,,
195,797319351,RexGrossman,0,39.3,FLEX Kareem Hunt TE Ross Travis QB Joshua Dobbs RB Terrell Watson WR JuJu Smith-Schuster WR Marcus Tucker RB Matt Breida WR Chris Godwin DST Buccaneers ,,,
195,797348677,andrewjackson,0,39.3,WR Alex Erickson FLEX C.J. Spiller TE Gavin Escobar RB Wayne Gallman WR Darius Powe DST Giants  QB Joshua Dobbs WR JuJu Smith-Schuster RB Joe Williams,,,
197,797052950,RSemler1515,0,39.2,FLEX Kareem Hunt RB Wayne Gallman QB Joshua Dobbs WR JuJu Smith-Schuster DST Steelers  WR Trent Taylor RB Jeremy McNichols WR Chris Godwin TE O.J. Howard,,,
197,797248117,pyramidofgreatness,0,39.2,WR Cody Core FLEX Kareem Hunt DST Chiefs  TE Evan Engram QB Joshua Dobbs RB Fitzgerald Toussaint WR JuJu Smith-Schuster RB Matt Breida WR Trent Taylor,,,
197,797263095,nepats55,0,39.2,TE Demetrius Harris DST Chiefs  RB Orleans Darkwa WR Cobi Hamilton FLEX Demarcus Ayers QB Ryan Fitzpatrick RB Peyton Barber WR Freddie Martino WR Chris Godwin,,,
197,797481613,sdjh7,0,39.2,FLEX Brandon LaFell RB Kareem Hunt WR Chris Conley DST Chiefs  WR Darrius Heyward-Bey WR Aldrick Robinson QB Ryan Fitzpatrick RB Jeremy McNichols TE O.J. Howard,,,
197,797501754,Express8captain,0,39.2,WR Tyler Boyd RB Kareem Hunt DST Chiefs  RB Wayne Gallman QB Joshua Dobbs FLEX JuJu Smith-Schuster WR Trent Taylor WR Mike Evans TE O.J. Howard,,,
202,797233098,Johnnyp135,0,39.1,RB Joe Mixon RB Wayne Gallman WR Travis Rudolph TE Evan Engram QB Joshua Dobbs FLEX JuJu Smith-Schuster WR Trent Taylor DST 49ers  WR Chris Godwin,,,
202,797452166,erniemccracken,0,39.1,RB Kareem Hunt WR Marcus Kemp DST Chiefs  WR Travis Rudolph TE Evan Engram QB Joshua Dobbs FLEX JuJu Smith-Schuster RB Joe Williams WR Chris Godwin,,,
202,797353387,jsternlicht,0,39.1,WR Tyler Boyd RB Kareem Hunt FLEX Wayne Gallman WR Roger Lewis TE Evan Engram QB Joshua Dobbs RB Terrell Watson WR Trent Taylor DST Buccaneers ,,,
205,797335730,dj041,0,39.08,WR Tyler Boyd FLEX Kareem Hunt RB C.J. Spiller DST Chiefs  RB Wayne Gallman WR Cobi Hamilton WR Trent Taylor QB Ryan Griffin TE O.J. Howard,,,
206,797552021,bhendy74,0,38.76,QB AJ McCarron RB Joe Mixon WR Tyler Boyd RB Kareem Hunt TE Gavin Escobar DST Giants  WR JuJu Smith-Schuster FLEX Matt Breida WR Aldrick Robinson,,,
207,797220802,Maxkimarod,0,38.7,FLEX Cody Core RB Kareem Hunt TE Gavin Escobar QB Joshua Dobbs WR Canaan Severin WR JuJu Smith-Schuster RB Joe Williams WR Mike Evans DST Buccaneers ,,,
208,797226832,Evanbe2,0,38.66,QB AJ McCarron FLEX Joe Mixon WR Alex Erickson TE Tyler Kroft RB Orleans Darkwa WR Travis Rudolph DST Giants  RB Matt Breida WR Chris Godwin,,,
209,797340156,RicketyCricket22,0,38.56,QB AJ McCarron RB Joe Mixon FLEX Kareem Hunt DST Chiefs  TE Evan Engram WR Canaan Severin RB Matt Breida WR Trent Taylor WR Chris Godwin,,,
210,797312285,Mr_Furley,0,38.54,FLEX Joe Mixon RB C.J. Spiller TE Gavin Escobar QB Josh Johnson WR Dwayne Harris WR Roger Lewis DST Giants  WR Cobi Hamilton RB Charles Sims,,,
211,797395271,candyfromababy,0,38.36,RB Tra Carson FLEX Josh Malone QB Patrick Mahomes II WR Demarcus Robinson DST Chiefs  WR Travis Rudolph RB Fitzgerald Toussaint WR Chris Godwin TE O.J. Howard,,,
212,797471339,nivek123085,0,38.3,RB Joe Mixon RB Kareem Hunt WR Roger Lewis WR Travis Rudolph QB Joshua Dobbs DST Steelers  WR Derel Walker FLEX Chris Godwin TE O.J. Howard,,,
212,797520449,Hoff21,0,38.3,DST Bengals  RB Kareem Hunt FLEX Gehrig Dieter WR Darius Powe QB Joshua Dobbs WR Marcus Tucker RB Matt Breida WR Trent Taylor TE Cole Hikutini,,,
214,797236930,haines1167,0,38.26,RB Joe Mixon QB Geno Smith RB Wayne Gallman WR Travis Rudolph TE Evan Engram DST Giants  WR Aldrick Robinson WR Marquise Goodwin FLEX O.J. Howard,,,
215,797377894,brettzthreatz,0,38.1,RB Joe Mixon WR Seantavius Jones DST Chiefs  TE Evan Engram QB Joshua Dobbs RB Fitzgerald Toussaint WR JuJu Smith-Schuster FLEX Trent Taylor WR Chris Godwin,,,
215,797468718,Slora22,0,38.1,RB Joe Mixon WR Tyler Boyd DST Chiefs  WR Roger Lewis QB Joshua Dobbs FLEX Terrell Watson WR Eli Rogers TE Jesse James RB Carlos Hyde,,,
217,797255804,SoulChild,0,38,FLEX Joe Mixon RB Kareem Hunt RB C.J. Spiller WR Roger Lewis TE Evan Engram DST Giants  QB Joshua Dobbs WR JuJu Smith-Schuster WR Trent Taylor,,,
218,797343227,ThaBizness,0,37.86,QB AJ McCarron RB Joe Mixon RB Kareem Hunt DST Chiefs  WR Travis Rudolph TE Evan Engram FLEX Matt Breida WR Trent Taylor WR Chris Godwin,,,
219,797502144,PPriestas,0,37.82,RB Joe Mixon FLEX Dwayne Harris WR Kevin Norwood DST Giants  TE Xavier Grimble QB Matt Barkley WR Aldrick Robinson WR Marquise Goodwin RB Charles Sims,,,
220,797424804,thompsonj6,0,37.8,RB Tra Carson WR Cody Core FLEX C.J. Spiller TE Gavin Escobar WR Roger Lewis QB Joshua Dobbs RB Terrell Watson WR Marcus Tucker DST Buccaneers ,,,
220,797450832,TeamTeal08,0,37.8,RB Joe Mixon WR Josh Malone RB Kareem Hunt DST Chiefs  WR Roger Lewis QB Joshua Dobbs WR Canaan Severin TE Cole Hikutini FLEX Derel Walker,,,
220,797491160,NILKNARF,0,37.8,RB Stanley Williams RB Kareem Hunt WR Demarcus Robinson WR Darius Powe QB Joshua Dobbs WR JuJu Smith-Schuster DST Steelers  FLEX Trent Taylor TE O.J. Howard,,,
220,797548395,mpzee249,0,37.8,RB Joe Mixon WR Josh Malone RB Kareem Hunt DST Chiefs  WR Roger Lewis QB Joshua Dobbs WR Canaan Severin TE Cole Hikutini FLEX Derel Walker,,,
220,797551814,daleandmissi,0,37.8,RB Joe Mixon WR Josh Malone RB Kareem Hunt DST Chiefs  WR Roger Lewis QB Joshua Dobbs WR Canaan Severin TE Cole Hikutini FLEX Derel Walker,,,
220,797557708,trueamerican420,0,37.8,RB Joe Mixon WR Josh Malone RB Kareem Hunt DST Chiefs  WR Roger Lewis QB Joshua Dobbs WR Canaan Severin TE Cole Hikutini FLEX Derel Walker,,,
226,797343257,mblaylock10,0,37.66,QB AJ McCarron WR Alex Erickson FLEX Josh Malone RB Kareem Hunt RB C.J. Spiller DST Chiefs  WR JuJu Smith-Schuster WR Derel Walker TE Alan Cross,,,
227,797279570,GoNolez,0,37.6,TE Tyler Kroft RB Orleans Darkwa WR Travis Rudolph DST Giants  QB Joshua Dobbs WR Canaan Severin FLEX JuJu Smith-Schuster RB Matt Breida WR Chris Godwin,,,
228,797185369,CrimaSaad,0,37.56,QB AJ McCarron WR Tyler Boyd TE Tyler Kroft FLEX Kareem Hunt DST Chiefs  RB Orleans Darkwa WR Darius Powe RB Terrell Watson WR Aldrick Robinson,,,
228,797308136,schneider610,0,37.56,QB AJ McCarron RB Joe Mixon WR Alex Erickson TE Mason Schreck DST Bengals  WR Demarcus Robinson WR Seantavius Jones RB Orleans Darkwa FLEX Matt Breida,,,
228,797341961,stalls18,0,37.56,WR Josh Malone QB Patrick Mahomes II RB Kareem Hunt FLEX C.J. Spiller DST Chiefs  WR JuJu Smith-Schuster RB Matt Breida WR Josh Huff TE O.J. Howard,,,
231,797528307,Whiterock,0,37.4,TE Tyler Kroft RB Kareem Hunt WR Roger Lewis QB Joshua Dobbs RB Terrell Watson WR JuJu Smith-Schuster WR Trent Taylor FLEX Chris Godwin DST Buccaneers ,,,
231,797538511,sgr50667,0,37.4,RB Joe Mixon WR Cody Core RB Kareem Hunt WR Seantavius Jones TE Gavin Escobar DST Chiefs  QB Joshua Dobbs WR JuJu Smith-Schuster FLEX Matt Breida,,,
233,797288652,Horseplayer,0,37.1,FLEX Joe Mixon RB Kareem Hunt WR Tevin Jones RB Khalid Abdullah WR Kevin Norwood DST Giants  QB Ryan Fitzpatrick WR Freddie Martino TE Alan Cross,,,
233,797418804,badxeno,0,37.1,RB Joe Mixon WR Tyler Boyd DST Chiefs  FLEX Orleans Darkwa WR Brandon Marshall TE Evan Engram QB Joshua Dobbs RB Terrell Watson WR Eli Rogers,,,
233,797541107,Lhester0327,0,37.1,RB Joe Mixon FLEX Cody Core DST Chiefs  WR Darius Powe QB Joshua Dobbs WR JuJu Smith-Schuster RB Matt Breida TE Cole Hikutini WR Chris Godwin,,,
233,797350826,Squintz,0,37.1,FLEX Joe Mixon RB C.J. Spiller TE Gavin Escobar DST Chiefs  WR Darius Powe QB Joshua Dobbs WR Canaan Severin WR JuJu Smith-Schuster RB Joe Williams,,,
237,797235266,BlairNeal,0,37.04,FLEX Joe Mixon RB C.J. Spiller WR Seantavius Jones DST Chiefs  QB Josh Johnson WR Roger Lewis TE Evan Engram RB Terrell Watson WR Chris Godwin,,,
238,797253162,22checkmark,0,37,WR Tyler Boyd RB C.J. Spiller DST Chiefs  TE Evan Engram QB Joshua Dobbs RB Terrell Watson FLEX JuJu Smith-Schuster WR Marcus Tucker WR Josh Huff,,,
238,797540587,nymets86,0,37,RB Joe Mixon WR Cody Core RB Kareem Hunt DST Chiefs  TE Evan Engram QB Joshua Dobbs FLEX Fitzgerald Toussaint WR JuJu Smith-Schuster WR Trent Taylor,,,
238,797556303,mrwonkaman,0,37,RB Kareem Hunt TE Gavin Escobar WR Roger Lewis QB Joshua Dobbs RB Terrell Watson WR JuJu Smith-Schuster FLEX Marcus Tucker WR Trent Taylor DST Buccaneers ,,,
241,797487095,boltman02,0,36.8,WR Tyler Boyd TE Tyler Kroft RB Kareem Hunt RB Wayne Gallman QB Joshua Dobbs FLEX Terrell Watson WR JuJu Smith-Schuster WR Trent Taylor DST Buccaneers ,,,
242,797541591,skeeter1114,0,36.76,QB AJ McCarron RB Joe Mixon RB Kareem Hunt WR Travis Rudolph DST Giants  FLEX Matt Breida WR Trent Taylor WR Chris Godwin TE O.J. Howard,,,
242,797544610,Mega_Super,0,36.76,QB AJ McCarron RB Joe Mixon WR Tyler Boyd RB Kareem Hunt WR Eli Rogers DST Steelers  FLEX Matt Breida WR Chris Godwin TE O.J. Howard,,,
244,797385850,DrEvil1996,0,36.7,TE Tyler Kroft RB Kareem Hunt FLEX Orleans Darkwa QB Joshua Dobbs RB Terrell Watson WR JuJu Smith-Schuster WR Trent Taylor WR Chris Godwin DST Buccaneers ,,,
244,797391808,cdj330,0,36.7,TE Tyler Kroft RB Kareem Hunt RB C.J. Spiller DST Chiefs  QB Joshua Dobbs WR Marcus Tucker WR Trent Taylor WR Mike Evans FLEX O.J. Howard,,,
246,797367564,mega8917,0,36.66,QB AJ McCarron RB Joe Mixon FLEX Kareem Hunt TE Gavin Escobar WR Travis Rudolph DST Giants  WR JuJu Smith-Schuster RB Matt Breida WR Trent Taylor,,,
247,797380753,jcrowlonghorn,0,36.6,RB Joe Mixon WR Cody Core FLEX Kareem Hunt TE Gavin Escobar DST Chiefs  WR Roger Lewis QB Joshua Dobbs WR JuJu Smith-Schuster RB Matt Breida,,,
247,797472159,ChhezitsRice,0,36.6,WR Tyler Boyd WR Demarcus Robinson TE Gavin Escobar RB Wayne Gallman QB Joshua Dobbs RB Terrell Watson WR JuJu Smith-Schuster FLEX Trent Taylor DST Buccaneers ,,,
249,797140280,coffeeisforclosers11,0,36.56,RB Joe Mixon QB Patrick Mahomes II RB Kareem Hunt WR Seantavius Jones DST Giants  TE Xavier Grimble FLEX Matt Breida WR Marquise Goodwin WR Chris Godwin,,,
249,797514173,raines3632,0,36.56,WR Tyler Boyd RB Kareem Hunt TE Gavin Escobar RB Terrell Watson WR JuJu Smith-Schuster QB Jameis Winston FLEX Mike Evans WR Chris Godwin DST Buccaneers ,,,
251,797495352,murph434343,0,36.5,RB Joe Mixon WR Alex Erickson RB Kareem Hunt DST Chiefs  FLEX Orleans Darkwa QB Joshua Dobbs WR JuJu Smith-Schuster WR Freddie Martino TE O.J. Howard,,,
252,797271776,lmcconahey,0,36.4,WR Cody Core RB Kareem Hunt FLEX C.J. Spiller TE Gavin Escobar DST Chiefs  QB Joshua Dobbs RB Terrell Watson WR JuJu Smith-Schuster WR Chris Godwin,,,
253,797193230,zpruitt3,0,36.2,WR Cody Core RB Kareem Hunt TE Gavin Escobar DST Chiefs  QB Joshua Dobbs RB Knile Davis WR JuJu Smith-Schuster FLEX Matt Breida WR Chris Godwin,,,
253,797560542,travscrub10,0,36.2,FLEX Stanley Williams WR Tyler Boyd RB C.J. Spiller DST Chiefs  RB Wayne Gallman TE Evan Engram QB Joshua Dobbs WR JuJu Smith-Schuster WR Aldrick Robinson,,,
255,797537043,garcia62003,0,36.16,RB Joe Mixon WR Cody Core QB Patrick Mahomes II FLEX Kareem Hunt WR De'Anthony Thomas DST Chiefs  TE Evan Engram WR JuJu Smith-Schuster RB Matt Breida,,,
255,797568977,jtfalcon804,0,36.16,QB AJ McCarron WR Alex Erickson TE Tyler Kroft RB C.J. Spiller DST Chiefs  RB Orleans Darkwa FLEX Terrell Watson WR JuJu Smith-Schuster WR Chris Godwin,,,
257,797392714,SkubeyDue,0,36.1,RB Stanley Williams WR Alex Erickson RB Kareem Hunt DST Chiefs  FLEX Wayne Gallman QB Joshua Dobbs WR Marcus Tucker WR Trent Taylor TE O.J. Howard,,,
258,797375752,utesfan68,0,35.96,RB Joe Mixon WR Brandon LaFell QB Patrick Mahomes II FLEX Paul Perkins WR Dwayne Harris WR Martavis Bryant DST Steelers  RB Joe Williams TE O.J. Howard,,,
259,797240061,MikeRev,0,35.86,RB Joe Mixon WR Alex Erickson QB Patrick Mahomes II FLEX Kareem Hunt WR Gehrig Dieter DST Chiefs  RB Wayne Gallman WR Chris Godwin TE O.J. Howard,,,
260,797287201,TheHero215,0,35.8,FLEX Cody Core RB C.J. Spiller WR Roger Lewis TE Evan Engram QB Joshua Dobbs RB Terrell Watson WR Marcus Tucker WR Chris Godwin DST Buccaneers ,,,
261,797286688,MickeyG10,0,35.76,QB AJ McCarron RB Joe Mixon WR Alex Erickson RB Kareem Hunt WR Seantavius Jones DST Chiefs  FLEX Travis Rudolph TE Evan Engram WR Chris Godwin,,,
262,797466478,Hawkeye24,0,35.6,RB Joe Mixon RB Devine Redding TE Gavin Escobar DST Chiefs  WR Travis Rudolph QB Joshua Dobbs WR JuJu Smith-Schuster FLEX Matt Breida WR Chris Godwin,,,
263,797436880,Myrik,0,35.4,WR Tyler Boyd RB Knile Davis WR JuJu Smith-Schuster RB Matt Breida DST 49ers  QB Ryan Fitzpatrick FLEX Freddie Martino WR Adam Humphries TE O.J. Howard,,,
263,797457460,FrostyTheGiantsFan,0,35.4,RB Joe Mixon WR Josh Malone RB Kareem Hunt DST Chiefs  WR Brandon Marshall TE Evan Engram QB Joshua Dobbs WR Chris Godwin FLEX O.J. Howard,,,
263,797241621,Natural_LAP,0,35.4,FLEX Alex Erickson TE Tyler Kroft RB C.J. Spiller DST Chiefs  RB Orleans Darkwa QB Joshua Dobbs WR JuJu Smith-Schuster WR Trent Taylor WR Derel Walker,,,
266,797554728,shanester,0,35.36,WR Cody Core QB Patrick Mahomes II FLEX Kareem Hunt DST Chiefs  RB Orleans Darkwa WR JuJu Smith-Schuster RB Matt Breida WR Trent Taylor TE O.J. Howard,,,
267,797493269,trifecta3131,0,35.3,RB Stanley Williams WR Tyler Boyd DST Bengals  FLEX C.J. Spiller TE Gavin Escobar WR Roger Lewis QB Joshua Dobbs RB Terrell Watson WR Chris Godwin,,,
268,797322133,SarahLiz29,0,35.26,RB Joe Mixon QB Patrick Mahomes II WR Darius Powe TE Evan Engram DST Giants  RB Knile Davis FLEX Fitzgerald Toussaint WR JuJu Smith-Schuster WR Chris Godwin,,,
269,797368745,BomberFD,0,35.2,RB Kareem Hunt WR Seantavius Jones FLEX Tyreek Hill TE Evan Engram QB Joshua Dobbs WR JuJu Smith-Schuster RB Matt Breida WR Chris Godwin DST Buccaneers ,,,
270,797479292,Roho,0,35.16,FLEX Joe Mixon QB Patrick Mahomes II RB Kareem Hunt WR Chris Conley TE Demetrius Harris DST Chiefs  RB Knile Davis WR JuJu Smith-Schuster WR Adam Humphries,,,
271,797393687,AeamonnA,0,35.1,RB Joe Mixon WR Levonte Whitfield WR Karel Hamilton FLEX Paul Perkins QB Joshua Dobbs WR JuJu Smith-Schuster TE Jake McGee DST Steelers  RB Peyton Barber,,,
272,797293732,SoloMarcoPolo,0,35,WR Tyler Boyd TE Tyler Kroft FLEX Devine Redding DST Chiefs  RB Paul Perkins WR Dwayne Harris QB Joshua Dobbs RB Fitzgerald Toussaint WR Cobi Hamilton,,,
273,797241308,thunt3hunna,0,34.96,RB Joe Mixon WR Cody Core QB Patrick Mahomes II RB Kareem Hunt WR Seantavius Jones DST Chiefs  TE Evan Engram WR Canaan Severin FLEX Chris Godwin,,,
274,797535677,IStillSeekHim,0,34.86,QB AJ McCarron RB Joe Mixon RB C.J. Spiller FLEX Tyreek Hill DST Chiefs  WR JuJu Smith-Schuster WR Mike Evans WR Chris Godwin TE O.J. Howard,,,
275,797561402,garydpsu,0,34.8,FLEX Joe Mixon RB C.J. Spiller DST Chiefs  QB Joshua Dobbs WR Trent Taylor RB Peyton Barber WR Bobo Wilson WR Chris Godwin TE O.J. Howard,,,
275,797353979,Fatguyballer,0,34.8,WR Tyler Boyd RB Kareem Hunt DST Chiefs  RB Orleans Darkwa TE Evan Engram QB Joshua Dobbs WR JuJu Smith-Schuster FLEX Aldrick Robinson WR Derel Walker,,,
277,797312997,gldeneagle,0,34.76,RB Joe Mixon QB Patrick Mahomes II RB Kareem Hunt WR Tyreek Hill DST Chiefs  WR Travis Rudolph TE Evan Engram FLEX JuJu Smith-Schuster WR Chris Godwin,,,
278,797308442,ACECRACKER619,0,34.66,QB Patrick Mahomes II FLEX Kareem Hunt DST Chiefs  WR Travis Rudolph RB Terrell Watson WR Eli Rogers RB Peyton Barber WR Chris Godwin TE O.J. Howard,,,
278,797269344,phayes2434,0,34.66,WR Alex Erickson DST Bengals  QB Patrick Mahomes II WR Demarcus Robinson RB Paul Perkins TE Evan Engram WR JuJu Smith-Schuster RB Joe Williams FLEX O.J. Howard,,,
280,797255683,BHDevil,0,34.56,WR Cody Core TE Tyler Kroft FLEX Kareem Hunt RB C.J. Spiller WR Demarcus Robinson QB Geno Smith WR Travis Rudolph DST Giants  RB Terrell Watson,,,
281,797561247,mgaines,0,34.46,QB AJ McCarron RB Joe Mixon WR Alex Erickson RB Orleans Darkwa WR Darius Powe TE Evan Engram DST Giants  WR JuJu Smith-Schuster FLEX Chris Godwin,,,
282,797511918,2Drews,0,34.4,RB Joe Mixon TE Gavin Escobar DST Chiefs  WR Darius Powe QB Joshua Dobbs FLEX Trey Williams WR JuJu Smith-Schuster RB Matt Breida WR Chris Godwin,,,
283,797542853,sullyshu,0,34.34,RB Tra Carson WR Kevin Norwood WR Darius Powe DST Giants  QB C.J. Beathard RB Kapri Bibbs WR Aaron Burbridge FLEX Josh Huff TE O.J. Howard,,,
284,797413281,Growthchamber,0,34.32,RB Joe Mixon WR Tyler Boyd DST Bengals  FLEX Kareem Hunt RB Wayne Gallman QB Matt Barkley WR Marquise Goodwin TE Garrett Celek WR Chris Godwin,,,
285,797263817,ebsteelers,0,34.3,RB C.J. Spiller DST Chiefs  WR Travis Rudolph TE Jerell Adams QB Joshua Dobbs WR Justin Hunter WR Demarcus Ayers FLEX Joe Williams RB Peyton Barber,,,
286,797116086,ny9ers,0,34.16,RB Joe Mixon QB Patrick Mahomes II RB Kareem Hunt WR Seantavius Jones DST Chiefs  TE Evan Engram WR Trent Taylor WR Chris Godwin FLEX O.J. Howard,,,
287,797167893,Sfreeman615,0,34.14,RB Joe Mixon TE Gavin Escobar QB Josh Johnson RB Knile Davis WR Darrius Heyward-Bey DST Steelers  FLEX Peyton Barber WR DeSean Jackson WR Josh Huff,,,
288,797245277,Williwompa,0,34.1,RB Kareem Hunt WR Seantavius Jones DST Chiefs  TE Evan Engram QB Joshua Dobbs WR JuJu Smith-Schuster FLEX Trent Taylor RB Jeremy McNichols WR Chris Godwin,,,
288,797346132,kiztulance09,0,34.1,RB Joe Mixon FLEX Kareem Hunt DST Chiefs  WR Travis Rudolph TE Evan Engram QB Joshua Dobbs RB Fitzgerald Toussaint WR JuJu Smith-Schuster WR Chris Godwin,,,
290,797462631,6AKINGNYC,0,34.06,QB AJ McCarron WR Cody Core TE Tyler Kroft RB Kareem Hunt WR Demarcus Robinson RB Wayne Gallman DST Steelers  FLEX Joe Williams WR Chris Godwin,,,
291,797224863,Beairdkilla11,0,34,RB Joe Mixon WR Josh Malone FLEX Kareem Hunt TE Evan Engram DST Giants  QB Joshua Dobbs WR Justin Hunter RB Kyle Juszczyk WR Derel Walker,,,
292,797423898,hometeam44,0,33.94,QB Josh Johnson RB Wayne Gallman WR Roger Lewis WR Travis Rudolph DST Giants  RB Terrell Watson FLEX Marquise Goodwin TE Cole Hikutini WR Chris Godwin,,,
293,797213514,brandon10e,0,33.9,RB Joe Mixon RB Kareem Hunt WR Seantavius Jones DST Chiefs  TE Evan Engram QB Joshua Dobbs FLEX Justin Hunter WR Canaan Severin WR Chris Godwin,,,
293,797388410,krazywayne,0,33.9,RB Joe Mixon RB Kareem Hunt FLEX C.J. Spiller TE Evan Engram QB Joshua Dobbs WR JuJu Smith-Schuster WR Trent Taylor WR Chris Godwin DST Buccaneers ,,,
295,797282470,aderfus,0,33.86,QB AJ McCarron WR Cody Core WR Josh Malone RB Orleans Darkwa FLEX Travis Rudolph TE Evan Engram DST Giants  RB Peyton Barber WR Chris Godwin,,,
295,797420437,psclavos1,0,33.86,QB AJ McCarron WR Tyler Boyd FLEX C.J. Spiller RB Orleans Darkwa WR Roger Lewis TE Evan Engram DST Giants  RB Matt Breida WR Trent Taylor,,,
295,797515956,Njhuppert,0,33.86,QB AJ McCarron RB Joe Mixon FLEX Gehrig Dieter DST Chiefs  TE Will Tye RB Terrell Watson WR JuJu Smith-Schuster WR Marquise Goodwin WR Derel Walker,,,
298,797024244,clevelandsaul13,0,33.76,QB AJ McCarron RB Joe Mixon RB C.J. Spiller TE Gavin Escobar DST Chiefs  WR Darius Powe FLEX Terrell Watson WR JuJu Smith-Schuster WR Chris Godwin,,,
299,797288666,lawdog371625,0,33.7,DST Chiefs  RB Wayne Gallman QB Joshua Dobbs FLEX JuJu Smith-Schuster WR Aldrick Robinson RB Blake Sims WR Adam Humphries WR Chris Godwin TE O.J. Howard,,,
299,797396669,dmacinnis,0,33.7,FLEX Tyler Boyd RB Kareem Hunt QB Joshua Dobbs RB Knile Davis WR Eli Rogers DST Steelers  WR DeAndre Smelter WR Adam Humphries TE O.J. Howard,,,
301,797429400,premi,0,33.66,FLEX Stanley Williams QB Patrick Mahomes II RB C.J. Spiller DST Chiefs  WR JuJu Smith-Schuster RB Matt Breida WR Trent Taylor WR Bobo Wilson TE O.J. Howard,,,
302,797484168,monro25,0,33.6,RB Joe Mixon RB Kareem Hunt DST Chiefs  WR Roger Lewis WR Travis Rudolph TE Evan Engram QB Joshua Dobbs FLEX Jeremy McNichols WR Chris Godwin,,,
303,797455260,daymen20,0,33.56,QB Patrick Mahomes II RB C.J. Spiller FLEX Orleans Darkwa WR Travis Rudolph TE Evan Engram DST Giants  WR Eli Rogers RB Matt Breida WR Adam Humphries,,,
303,797367051,Tcutroop,0,33.56,FLEX Joe Mixon WR Karel Hamilton DST Bengals  QB Patrick Mahomes II RB Kareem Hunt TE Evan Engram WR JuJu Smith-Schuster RB Joe Williams WR Bobo Wilson,,,
303,797481839,brendenullrich,0,33.56,QB AJ McCarron RB Joe Mixon WR Alex Erickson RB Kareem Hunt DST Giants  WR JuJu Smith-Schuster FLEX Joe Williams WR Derel Walker TE O.J. Howard,,,
306,797523071,UNLIMITED1,0,33.54,FLEX Jeremy Hill WR Brandon LaFell TE Tyler Eifert DST Chiefs  QB Josh Johnson RB Knile Davis RB Fitzgerald Toussaint WR DeSean Jackson WR Mike Evans,,,
307,797502048,peterkelly89,0,33.5,WR Tyler Boyd TE Tyler Kroft RB Kareem Hunt DST Chiefs  RB Wayne Gallman QB Joshua Dobbs FLEX Terrell Watson WR Justin Hunter WR JuJu Smith-Schuster,,,
308,797287678,Nana1216,0,33.46,QB AJ McCarron RB Joe Mixon WR Alex Erickson RB Kareem Hunt FLEX Travis Rudolph TE Evan Engram DST Giants  WR Justin Hunter WR Chris Godwin,,,
308,797196750,Donnie4321,0,33.46,FLEX Giovani Bernard TE Tyler Eifert RB Spencer Ware WR Odell Beckham Jr. QB Jameis Winston RB Doug Martin WR DeSean Jackson WR Mike Evans DST Buccaneers ,,,
310,797224915,bigrogb,0,33.4,RB C.J. Spiller QB Joshua Dobbs RB Fitzgerald Toussaint WR JuJu Smith-Schuster DST Steelers  WR DeAndre Smelter FLEX Peyton Barber WR Chris Godwin TE O.J. Howard,,,
311,797353851,falconpride22,0,33.3,RB Joe Mixon QB Joshua Dobbs RB Fitzgerald Toussaint WR Justin Hunter FLEX JuJu Smith-Schuster DST Steelers  WR Adam Humphries WR Derel Walker TE O.J. Howard,,,
312,797543728,GiantBallOfOil,0,33.26,QB AJ McCarron WR Josh Malone TE Tyler Kroft RB Kareem Hunt DST Chiefs  WR Travis Rudolph RB Knile Davis FLEX JuJu Smith-Schuster WR Chris Godwin,,,
313,797387321,blallen,0,33.2,RB Kareem Hunt FLEX Wayne Gallman WR Roger Lewis QB Joshua Dobbs RB Terrell Watson WR JuJu Smith-Schuster WR Marcus Tucker TE O.J. Howard DST Buccaneers ,,,
314,797337993,jeremiah12483,0,33.18,WR Josh Malone RB Kareem Hunt DST Chiefs  WR JuJu Smith-Schuster RB Joe Williams QB Ryan Griffin FLEX Peyton Barber WR Chris Godwin TE O.J. Howard,,,
315,797410813,JD0505,0,33.1,WR Alex Erickson TE Mason Schreck DST Bengals  RB Kareem Hunt RB Wayne Gallman FLEX Roger Lewis QB Joshua Dobbs WR Justin Hunter WR JuJu Smith-Schuster,,,
315,797440329,twdk,0,33.1,WR Tyler Boyd RB Kareem Hunt FLEX Demarcus Robinson TE Evan Engram DST Giants  QB Joshua Dobbs WR JuJu Smith-Schuster RB Joe Williams WR Josh Huff,,,
315,797502171,spurs1978,0,33.1,WR Alex Erickson TE Tyler Kroft DST Bengals  RB Kareem Hunt RB Wayne Gallman WR Roger Lewis QB Joshua Dobbs FLEX Justin Hunter WR JuJu Smith-Schuster,,,
318,797386061,PatrickO8800,0,33.06,QB AJ McCarron RB Joe Mixon WR Alex Erickson WR Cody Core RB Kareem Hunt DST Chiefs  WR Travis Rudolph FLEX Chris Godwin TE O.J. Howard,,,
318,797305823,cindan,0,33.06,QB AJ McCarron RB Joe Mixon WR Alex Erickson WR Tyler Boyd DST Chiefs  RB Paul Perkins TE Rhett Ellison FLEX Charles Sims WR Adam Humphries,,,
320,797273050,Steenboat83,0,33.02,FLEX Joe Mixon WR Demarcus Robinson RB Wayne Gallman DST Giants  RB Knile Davis WR JuJu Smith-Schuster QB Matt Barkley TE Logan Paulsen WR Josh Huff,,,
321,797259584,ChalieStone28,0,32.96,RB Joe Mixon WR Alex Erickson QB Patrick Mahomes II FLEX Orleans Darkwa WR JuJu Smith-Schuster RB Tim Hightower DST 49ers  WR Chris Godwin TE O.J. Howard,,,
322,797217107,Parkerash_23,0,32.9,RB Spencer Ware RB Anthony Sherman DST Chiefs  QB Joshua Dobbs WR Antonio Brown WR JuJu Smith-Schuster WR Marcus Tucker FLEX Jesse James TE David Johnson,,,
322,797285899,dirtlegs,0,32.9,RB Joe Mixon WR Cody Core FLEX Kareem Hunt DST Chiefs  RB Wayne Gallman WR Travis Rudolph QB Joshua Dobbs WR JuJu Smith-Schuster TE Xavier Grimble,,,
322,797363463,nruss187,0,32.9,FLEX Jeremy Hill RB C.J. Spiller WR Tyreek Hill DST Chiefs  QB Joshua Dobbs RB Fitzgerald Toussaint WR Eli Rogers WR DeSean Jackson TE Cameron Brate,,,
325,797159274,fmart1979,0,32.7,RB Joe Mixon TE Gavin Escobar DST Chiefs  RB Wayne Gallman WR Roger Lewis WR Travis Rudolph QB Joshua Dobbs FLEX Fitzgerald Toussaint WR JuJu Smith-Schuster,,,
326,797258443,joshuashmoshua,0,32.66,RB Joe Mixon QB Patrick Mahomes II FLEX Kareem Hunt WR Seantavius Jones DST Chiefs  RB Wayne Gallman TE Evan Engram WR JuJu Smith-Schuster WR Chris Godwin,,,
327,797407647,legithits,0,32.6,FLEX Josh Malone RB Kareem Hunt RB C.J. Spiller DST Chiefs  WR Roger Lewis QB Joshua Dobbs WR Justin Hunter WR JuJu Smith-Schuster TE O.J. Howard,,,
328,797319907,ipt007,0,32.56,QB AJ McCarron RB Kareem Hunt DST Chiefs  WR Roger Lewis TE Evan Engram FLEX Terrell Watson WR JuJu Smith-Schuster RB Peyton Barber WR Chris Godwin,,,
329,797450171,ccc0017,0,32.4,RB Stanley Williams TE Tyler Kroft DST Chiefs  RB Wayne Gallman WR Roger Lewis QB Joshua Dobbs FLEX Joe Williams WR Trent Taylor WR Derel Walker,,,
329,797570843,leafs93,0,32.4,RB Joe Mixon RB Kareem Hunt DST Chiefs  WR Darius Powe QB Joshua Dobbs FLEX Fitzgerald Toussaint WR Justin Hunter WR Trent Taylor TE O.J. Howard,,,
331,797285431,Colefloflo,0,32.26,QB AJ McCarron WR Cody Core RB Kareem Hunt FLEX Orleans Darkwa DST Giants  WR JuJu Smith-Schuster RB Matt Breida WR Trent Taylor TE O.J. Howard,,,
332,797296657,Mr.Kokett,0,32.2,RB Joe Mixon DST Chiefs  RB Wayne Gallman TE Evan Engram QB Joshua Dobbs FLEX Fitzgerald Toussaint WR Eli Rogers WR JuJu Smith-Schuster WR Freddie Martino,,,
333,797192266,sheemglizzy,0,32.16,RB Joe Mixon WR Tyler Boyd QB Patrick Mahomes II FLEX Kareem Hunt WR Chris Conley DST Chiefs  RB Paul Perkins TE Evan Engram WR Adam Humphries,,,
334,797316327,archiea,0,32.1,WR Alex Erickson RB Kareem Hunt TE Gavin Escobar DST Chiefs  RB Wayne Gallman WR Darius Powe QB Joshua Dobbs WR Demarcus Ayers FLEX JuJu Smith-Schuster,,,
335,797516774,Ravenmaniac,0,32.06,FLEX Joe Mixon RB Kareem Hunt TE Evan Engram QB Bart Houston WR JuJu Smith-Schuster RB Matt Breida WR Trent Taylor WR Josh Huff DST Buccaneers ,,,
336,797516629,BlakeAces,0,32.04,RB Joe Mixon FLEX Kareem Hunt TE Gavin Escobar DST Chiefs  QB Josh Johnson WR Roger Lewis RB Jeremy McNichols WR Mike Evans WR Chris Godwin,,,
337,797208073,syst_m,0,31.96,QB AJ McCarron WR Cody Core RB C.J. Spiller RB Wayne Gallman FLEX Evan Engram DST Giants  WR Aldrick Robinson WR Marquise Goodwin TE O.J. Howard,,,
337,797545929,theklipschcave,0,31.96,QB AJ McCarron RB Stanley Williams DST Chiefs  TE Evan Engram WR Canaan Severin RB Matt Breida WR Trent Taylor WR Derel Walker FLEX Chris Godwin,,,
339,797393569,Eoin415,0,31.9,RB Kareem Hunt WR Travis Rudolph QB Joshua Dobbs FLEX Fitzgerald Toussaint WR Justin Hunter RB Matt Breida DST 49ers  WR Chris Godwin TE O.J. Howard,,,
339,797341159,Endzonedance23,0,31.9,RB Joe Mixon DST Chiefs  QB Joshua Dobbs WR Justin Hunter WR JuJu Smith-Schuster RB Matt Breida FLEX Aaron Burbridge WR Chris Godwin TE O.J. Howard,,,
341,797382784,jankeny1226,0,31.86,FLEX Joe Mixon WR Alex Erickson DST Bengals  RB Anthony Sherman RB Orleans Darkwa WR Kevin Norwood QB Jameis Winston WR DeSean Jackson TE Antony Auclair,,,
342,797277414,indy10000,0,31.8,RB Kareem Hunt DST Chiefs  WR Roger Lewis QB Joshua Dobbs WR JuJu Smith-Schuster FLEX Trent Taylor RB Peyton Barber WR Bobo Wilson TE O.J. Howard,,,
343,797549584,jedmud,0,31.66,RB Joe Mixon QB Patrick Mahomes II RB Kareem Hunt WR Albert Wilson DST Chiefs  WR Dwayne Harris TE Evan Engram WR JuJu Smith-Schuster FLEX Joe Williams,,,
343,797192471,D4L210,0,31.66,RB Joe Mixon WR Tyler Boyd QB Patrick Mahomes II DST Chiefs  RB Wayne Gallman TE Evan Engram WR JuJu Smith-Schuster WR Marquise Goodwin FLEX Chris Godwin,,,
345,797525650,draftqueenv,0,31.64,FLEX Stanley Williams RB Giovani Bernard WR Brandon LaFell WR Josh Malone TE Cethan Carter DST Bengals  QB Josh Johnson RB Khalid Abdullah WR DeSean Jackson,,,
346,797495590,stuntdik76,0,31.56,WR Cody Core QB Patrick Mahomes II RB Kareem Hunt WR Demarcus Robinson DST Chiefs  RB Wayne Gallman WR Roger Lewis FLEX Charles Sims TE Alan Cross,,,
347,797490897,BigSticky,0,31.48,FLEX Joe Mixon TE Cethan Carter DST Bengals  RB C.J. Spiller RB Fitzgerald Toussaint WR JuJu Smith-Schuster WR Trent Taylor QB Ryan Griffin WR Derel Walker,,,
348,797260518,YoBoiT,0,31.46,QB AJ McCarron RB Stanley Williams FLEX Kareem Hunt TE Evan Engram WR Canaan Severin RB Matt Breida WR Trent Taylor DST 49ers  WR Derel Walker,,,
349,797503415,Junkie62,0,31.36,QB AJ McCarron WR Tyler Boyd TE Tyler Kroft RB Kareem Hunt FLEX Wayne Gallman WR Roger Lewis DST Giants  RB Terrell Watson WR Chris Godwin,,,
350,797549415,Dmfc2109,0,31.32,WR Brandon LaFell WR A.J. Green QB Alex Smith RB Spencer Ware FLEX Albert Wilson DST Chiefs  WR Brandon Marshall TE Will Tye RB Carlos Hyde,,,
351,797238228,jrnunez,0,31.3,WR Alex Erickson DST Bengals  RB Kareem Hunt TE Demetrius Harris RB Orleans Darkwa FLEX Darius Powe QB Joshua Dobbs WR Martavis Bryant WR Eli Rogers,,,
351,797418242,effingguss,0,31.3,WR Tyler Boyd RB Kareem Hunt WR Albert Wilson DST Chiefs  QB Joshua Dobbs RB Knile Davis FLEX JuJu Smith-Schuster WR Marquise Goodwin TE Garrett Celek,,,
353,797539907,tylerebsk,0,31.26,FLEX Joe Mixon WR Tyler Boyd TE Gavin Escobar DST Chiefs  WR Eli Rogers RB Kapri Bibbs QB Jameis Winston RB Charles Sims WR Mike Evans,,,
354,797489925,Boosh2323,0,31.16,WR Alex Erickson WR Karel Hamilton TE Cethan Carter DST Bengals  QB Patrick Mahomes II RB Kareem Hunt FLEX Tevin Jones RB Jeremy McNichols WR Chris Godwin,,,
355,797267512,murdzak40,0,31.1,DST Chiefs  WR Roger Lewis QB Joshua Dobbs RB Fitzgerald Toussaint WR JuJu Smith-Schuster RB Joe Williams FLEX Josh Huff WR Bobo Wilson TE O.J. Howard,,,
356,797345039,bodymore1108,0,31,RB Joe Mixon FLEX C.J. Spiller WR Tyreek Hill DST Chiefs  WR Travis Rudolph QB Joshua Dobbs WR Justin Hunter RB Jeremy McNichols TE O.J. Howard,,,
357,797412517,nbean518,0,30.9,RB Joe Mixon WR Cody Core TE Tyler Kroft RB Kareem Hunt FLEX Demarcus Robinson DST Chiefs  WR Roger Lewis QB Joshua Dobbs WR JuJu Smith-Schuster,,,
357,797424847,ritchie1910,0,30.9,FLEX Joe Mixon RB C.J. Spiller WR Seantavius Jones DST Giants  RB Fitzgerald Toussaint QB Ryan Fitzpatrick WR Derel Walker WR Bobo Wilson TE O.J. Howard,,,
359,797449663,skiddie13,0,30.8,RB Joe Mixon TE Ross Travis DST Chiefs  WR JuJu Smith-Schuster QB Ryan Fitzpatrick RB Jacquizz Rodgers WR Josh Huff WR Chris Godwin FLEX O.J. Howard,,,
360,797518865,stpark98,0,30.76,QB AJ McCarron WR Tyler Boyd RB C.J. Spiller DST Giants  FLEX Knile Davis WR JuJu Smith-Schuster RB Matt Breida WR Chris Godwin TE O.J. Howard,,,
361,797202003,EliteLemonade,0,30.74,RB Joe Mixon TE Tyler Kroft QB Josh Johnson RB Wayne Gallman FLEX Orleans Darkwa WR Roger Lewis DST Giants  WR Trent Taylor WR Chris Godwin,,,
362,797433641,chet50,0,30.7,FLEX Joe Mixon WR Jehu Chesson DST Chiefs  QB Joshua Dobbs WR Martavis Bryant WR JuJu Smith-Schuster RB Matt Breida RB Jeremy McNichols TE O.J. Howard,,,
363,797399094,rcgilt,0,30.5,RB Joe Mixon TE Tyler Eifert WR Tyreek Hill FLEX Darius Powe QB Joshua Dobbs WR JuJu Smith-Schuster RB Jeremy McNichols WR Bobo Wilson DST Buccaneers ,,,
363,797352806,tj4ua,0,30.5,RB C.J. Spiller WR Seantavius Jones RB Wayne Gallman QB Joshua Dobbs WR JuJu Smith-Schuster WR Trent Taylor FLEX Chris Godwin TE O.J. Howard DST Buccaneers ,,,
365,797213426,EndZoneJunkie,0,30.46,QB AJ McCarron FLEX Joe Mixon RB Jeremy Hill WR Brandon LaFell DST Bengals  WR Tyreek Hill TE Evan Engram RB Jacquizz Rodgers WR DeSean Jackson,,,
366,797518342,mwhalen,0,30.4,WR Alex Erickson RB Kareem Hunt FLEX C.J. Spiller WR Albert Wilson DST Chiefs  QB Joshua Dobbs WR JuJu Smith-Schuster RB Jeremy McNichols TE O.J. Howard,,,
367,797465277,Jwaz,0,30.36,TE Tyler Kroft DST Bengals  FLEX Albert Wilson QB Geno Smith WR Roger Lewis WR Justin Hunter RB Joe Williams RB Matt Breida WR Marquise Goodwin,,,
368,797535738,Mirage88,0,30.3,FLEX Joe Mixon WR Tyler Boyd RB Kareem Hunt TE Gavin Escobar DST Chiefs  RB Wayne Gallman QB Joshua Dobbs WR JuJu Smith-Schuster WR Marcus Tucker,,,
369,797225136,baileyleej,0,30.26,RB Joe Mixon FLEX Tyler Boyd DST Bengals  WR Tyreek Hill QB Geno Smith WR JuJu Smith-Schuster TE Jesse James RB Charles Sims WR Adam Humphries,,,
370,797271361,JRC823,0,30.24,WR Josh Malone RB Kareem Hunt RB C.J. Spiller QB Josh Johnson WR Darius Powe TE Evan Engram DST Giants  WR Justin Hunter FLEX Chris Godwin,,,
371,797045496,craze713,0,30.2,RB Joe Mixon WR Seantavius Jones DST Chiefs  FLEX Paul Perkins QB Joshua Dobbs WR JuJu Smith-Schuster RB Peyton Barber WR Chris Godwin TE O.J. Howard,,,
372,797136108,Lexsluger,0,29.9,RB Joe Mixon FLEX Giovani Bernard WR John Ross TE Evan Engram QB Joshua Dobbs RB Brandon Brown-Dukes WR Justin Hunter WR Demarcus Ayers DST Steelers ,,,
372,797288413,DMOzone,0,29.9,WR Tyler Boyd RB Kareem Hunt DST Chiefs  TE Evan Engram QB Joshua Dobbs WR Justin Hunter WR JuJu Smith-Schuster FLEX Joe Williams RB Jeremy McNichols,,,
372,797355026,tgsjr12,0,29.9,RB Joe Mixon WR Tyreek Hill DST Chiefs  WR Brandon Marshall QB Joshua Dobbs WR JuJu Smith-Schuster FLEX Marquise Goodwin RB Jeremy McNichols TE O.J. Howard,,,
375,797530905,aml284,0,29.8,RB Joe Mixon WR Tyler Boyd DST Chiefs  RB Paul Perkins TE Evan Engram QB Joshua Dobbs WR JuJu Smith-Schuster FLEX Jesse James WR Chris Godwin,,,
376,797338338,cmu.alumni,0,29.76,WR Tyler Boyd QB Patrick Mahomes II RB Kareem Hunt WR Jehu Chesson DST Chiefs  TE Evan Engram WR Aaron Burbridge RB Jeremy McNichols FLEX Mike Evans,,,
377,797226813,natekc1,0,29.7,RB Kareem Hunt RB C.J. Spiller WR Seantavius Jones FLEX Tyreek Hill TE Ross Travis DST Chiefs  QB Joshua Dobbs WR Justin Hunter WR JuJu Smith-Schuster,,,
377,797317052,ducci015,0,29.7,WR Tyler Boyd RB Wayne Gallman WR Roger Lewis QB Joshua Dobbs FLEX JuJu Smith-Schuster RB Matt Breida WR DeSean Jackson TE O.J. Howard DST Buccaneers ,,,
379,797513103,peewee54,0,29.56,QB AJ McCarron RB Joe Mixon WR Alex Erickson FLEX Darius Powe WR Eli Rogers WR JuJu Smith-Schuster DST 49ers  RB Jeremy McNichols TE O.J. Howard,,,
379,797358113,ryan81781,0,29.56,RB Joe Mixon QB Patrick Mahomes II WR Chris Conley DST Chiefs  FLEX James Conner WR Eli Rogers RB Charles Sims WR Adam Humphries TE O.J. Howard,,,
381,797249895,Two_Mannings_One_Cup,0,29.5,WR Tyreek Hill DST Chiefs  QB Joshua Dobbs RB Knile Davis FLEX Fitzgerald Toussaint WR Martavis Bryant RB Jacquizz Rodgers WR Adam Humphries TE O.J. Howard,,,
382,797271472,ChiliD22,0,29.4,RB Joe Mixon WR Tyler Boyd RB Kareem Hunt DST Chiefs  QB Joshua Dobbs WR JuJu Smith-Schuster FLEX Jeremy McNichols WR Chris Godwin TE O.J. Howard,,,
382,797269459,Spartacus1982,0,29.4,RB Joe Mixon WR Karel Hamilton RB Kareem Hunt FLEX Evan Engram QB Joshua Dobbs WR JuJu Smith-Schuster TE Xavier Grimble WR Trent Taylor DST Buccaneers ,,,
384,797413910,italianmamba24,0,29.3,TE Tyler Kroft RB Kareem Hunt FLEX Demarcus Robinson DST Chiefs  RB Wayne Gallman QB Joshua Dobbs WR JuJu Smith-Schuster WR Trent Taylor WR Derel Walker,,,
385,797265797,atl1bst,0,29.2,RB Joe Mixon FLEX Kareem Hunt DST Chiefs  RB Paul Perkins WR Darius Powe QB Joshua Dobbs WR JuJu Smith-Schuster WR Chris Godwin TE O.J. Howard,,,
386,797520036,Bobs205,0,29.16,QB AJ McCarron RB Joe Mixon FLEX A.J. Green WR Tyler Boyd DST Giants  WR Eli Rogers WR JuJu Smith-Schuster RB Tim Hightower TE Cameron Brate,,,
387,797287089,demondogdfm,0,28.96,QB AJ McCarron FLEX Cody Core RB Kareem Hunt RB C.J. Spiller WR Travis Rudolph DST Giants  WR Trent Taylor WR Chris Godwin TE O.J. Howard,,,
388,797569667,bmpnjlaudio,0,28.7,RB Jarveon Williams WR Cody Core RB Kareem Hunt DST Chiefs  QB Joshua Dobbs FLEX JuJu Smith-Schuster WR Trent Taylor WR Derel Walker TE O.J. Howard,,,
389,797269568,TerribleToms,0,28.66,RB Joe Mixon WR Alex Erickson TE Tyler Kroft RB Kareem Hunt DST Chiefs  FLEX Paul Perkins WR Roger Lewis QB Bart Houston WR JuJu Smith-Schuster,,,
390,797502042,JoeLikes2Gamble,0,28.56,QB AJ McCarron RB Joe Mixon WR Tyler Boyd DST Bengals  WR Roger Lewis TE Xavier Grimble RB Peyton Barber FLEX Josh Huff WR Bernard Reedy,,,
391,797352512,Wig_Split_ta,0,28.5,DST Chiefs  FLEX Darius Powe QB Joshua Dobbs RB Fitzgerald Toussaint WR Justin Hunter WR Eli Rogers WR JuJu Smith-Schuster TE Xavier Grimble RB Joe Williams,,,
392,797316315,timmythehead,0,28.46,RB Jeremy Hill WR A.J. Green FLEX Tyler Eifert QB Geno Smith RB Khalid Abdullah WR Brandon Marshall TE Will Tye DST Giants  WR DeSean Jackson,,,
392,797134625,Herbs0622,0,28.46,FLEX Stanley Williams RB Giovani Bernard WR Tyler Boyd TE Cethan Carter DST Chiefs  QB Geno Smith WR Brandon Marshall RB Fitzgerald Toussaint WR Mike Evans,,,
394,797488133,pio417,0,28.4,FLEX Joe Mixon TE Mason Schreck RB Kareem Hunt WR Demarcus Robinson DST Chiefs  RB Wayne Gallman WR Roger Lewis QB Joshua Dobbs WR Justin Hunter,,,
395,797412694,lpeyton,0,28.36,RB Joe Mixon QB Patrick Mahomes II RB Kareem Hunt WR Demarcus Robinson WR Seantavius Jones DST Chiefs  TE Evan Engram WR Justin Hunter FLEX Jeremy McNichols,,,
395,797425193,ksharp22,0,28.36,QB Patrick Mahomes II RB Kareem Hunt FLEX C.J. Spiller WR Tyreek Hill DST Chiefs  RB Wayne Gallman WR JuJu Smith-Schuster WR Chris Godwin TE O.J. Howard,,,
395,797285065,ampmd88,0,28.36,QB AJ McCarron RB Joe Mixon WR Tyler Boyd RB Kareem Hunt DST Chiefs  FLEX Paul Perkins WR Martavis Bryant WR Aldrick Robinson TE O.J. Howard,,,
398,797544776,DogpoundHound,0,28.32,QB Andy Dalton RB Joe Mixon FLEX Jeremy Hill RB Giovani Bernard WR Brandon LaFell WR A.J. Green TE Tyler Eifert DST Bengals  WR Tyreek Hill,,,
399,797349785,muwolverine22,0,28.3,RB Joe Mixon WR Gehrig Dieter FLEX Wayne Gallman WR Travis Rudolph QB Joshua Dobbs WR Demarcus Ayers TE Xavier Grimble RB Russell Hansbrough DST Buccaneers ,,,
400,797248628,xXxPLOSIVE,0,28.26,QB AJ McCarron RB Joe Mixon DST Bengals  RB Kareem Hunt FLEX C.J. Spiller TE Evan Engram WR JuJu Smith-Schuster WR Marquise Goodwin WR Chris Godwin,,,
401,797368646,airclean,0,28.1,RB Kareem Hunt DST Chiefs  QB Joshua Dobbs WR Eli Rogers WR JuJu Smith-Schuster FLEX Joe Williams RB Peyton Barber WR Derel Walker TE O.J. Howard,,,
402,797317657,DudeFantasyBro,0,27.96,QB AJ McCarron RB Joe Mixon WR Cody Core WR De'Anthony Thomas RB Orleans Darkwa WR Travis Rudolph TE Matt LaCosse DST Giants  FLEX James Conner,,,
403,797554936,joemy24,0,27.94,RB Joe Mixon RB Jeremy Hill WR Tyler Boyd QB Josh Johnson WR Darius Powe WR Roger Lewis TE Evan Engram DST Giants  FLEX Jeremy McNichols,,,
404,797301223,fantasychad,0,27.8,RB Kareem Hunt FLEX De'Anthony Thomas DST Chiefs  WR Roger Lewis QB Joshua Dobbs RB Knile Davis WR JuJu Smith-Schuster WR Derel Walker TE O.J. Howard,,,
405,797558300,stu3313,0,27.76,WR Brandon LaFell WR Tyreek Hill DST Chiefs  QB Bart Houston FLEX Knile Davis RB Fitzgerald Toussaint WR Darrius Heyward-Bey RB Tim Hightower TE Cameron Brate,,,
406,797389391,Kj4040,0,27.62,RB Joe Mixon WR Brandon LaFell WR Tyreek Hill DST Giants  WR Eli Rogers QB Matt Barkley FLEX Kyle Juszczyk RB Tim Hightower TE O.J. Howard,,,
407,797453897,pantherpitt,0,27.6,RB Joe Mixon WR Tyler Boyd FLEX Kareem Hunt DST Chiefs  RB Orleans Darkwa QB Joshua Dobbs WR JuJu Smith-Schuster WR Derel Walker TE O.J. Howard,,,
408,797427703,Cobra420,0,27.46,QB Patrick Mahomes II RB Kareem Hunt WR Seantavius Jones TE Gavin Escobar DST Chiefs  FLEX Khalid Abdullah WR Marcus Tucker RB Russell Hansbrough WR Derel Walker,,,
408,797253781,Duck3134,0,27.46,QB AJ McCarron WR Tyler Boyd RB Kareem Hunt WR Seantavius Jones TE Demetrius Harris RB Orleans Darkwa WR Roger Lewis DST Giants  FLEX Trent Taylor,,,
410,797145789,danrymas,0,27.4,RB Joe Mixon FLEX Jeremy Hill WR Tyler Boyd TE Tyler Kroft DST Chiefs  WR Darius Powe WR Martavis Bryant RB Kapri Bibbs QB Ryan Fitzpatrick,,,
411,797217612,reign0187,0,27.36,RB Joe Mixon WR Tyler Boyd DST Bengals  QB Patrick Mahomes II RB Kareem Hunt TE Evan Engram WR Justin Hunter WR Marquise Goodwin FLEX O.J. Howard,,,
411,797473372,profitman80,0,27.36,RB Joe Mixon FLEX Tra Carson WR A.J. Green QB Patrick Mahomes II WR Brandon Marshall RB Tim Hightower WR DeSean Jackson TE O.J. Howard DST Buccaneers ,,,
413,797291435,dbell646,0,27.3,RB Joe Mixon WR John Ross RB Kareem Hunt DST Chiefs  FLEX Kevin Norwood QB Joshua Dobbs WR Darrius Heyward-Bey WR JuJu Smith-Schuster TE O.J. Howard,,,
413,797456928,BigL78,0,27.3,RB Kareem Hunt DST Chiefs  WR Roger Lewis QB Joshua Dobbs FLEX JuJu Smith-Schuster WR Marquise Goodwin RB Jeremy McNichols WR Chris Godwin TE O.J. Howard,,,
415,797254619,ngcsregs,0,27.16,WR Alonzo Russell QB Patrick Mahomes II RB Kareem Hunt WR Gehrig Dieter TE Gavin Escobar DST Chiefs  WR Travis Rudolph FLEX Justin Hunter RB Joe Williams,,,
416,797364875,jrock328,0,27.1,RB Joe Mixon FLEX Kareem Hunt WR Darius Powe QB Joshua Dobbs WR JuJu Smith-Schuster RB Jeremy McNichols WR Chris Godwin TE O.J. Howard DST Buccaneers ,,,
417,797429590,shocky26,0,26.96,WR Cody Core QB Patrick Mahomes II RB C.J. Spiller DST Chiefs  RB Orleans Darkwa TE Will Tye WR JuJu Smith-Schuster WR Josh Huff FLEX Adam Humphries,,,
418,797325879,rbcoach29,0,26.86,RB Joe Mixon QB Patrick Mahomes II RB Kareem Hunt WR Gehrig Dieter WR Jehu Chesson DST Chiefs  TE Evan Engram FLEX Trey Williams WR Bobo Wilson,,,
419,797235060,Titan_67,0,26.82,RB Joe Mixon QB Tyler Bray RB Kareem Hunt WR Tyreek Hill DST Chiefs  WR JuJu Smith-Schuster FLEX Jacquizz Rodgers WR Bobo Wilson TE O.J. Howard,,,
420,797428185,Hawk352,0,26.8,RB Joe Mixon WR Tyreek Hill RB Wayne Gallman FLEX Evan Engram QB Joshua Dobbs WR Eli Rogers WR Derel Walker TE O.J. Howard DST Buccaneers ,,,
421,797270192,pdiddyshowno,0,26.5,FLEX Tyler Boyd RB Kareem Hunt WR Albert Wilson DST Chiefs  RB Paul Perkins QB Joshua Dobbs WR Eli Rogers WR Josh Huff TE Alan Cross,,,
422,797428333,elcroupier,0,26.4,TE Mason Schreck DST Bengals  RB Kareem Hunt RB Wayne Gallman WR Roger Lewis QB Joshua Dobbs FLEX Darrius Heyward-Bey WR Justin Hunter WR JuJu Smith-Schuster,,,
423,797524956,ChristianEscobar,0,26.36,QB Patrick Mahomes II FLEX C.J. Spiller WR Seantavius Jones DST Chiefs  RB Orleans Darkwa WR JuJu Smith-Schuster RB Jacquizz Rodgers WR Adam Humphries TE O.J. Howard,,,
424,797416296,bfly4,0,26.3,FLEX Joe Mixon DST Chiefs  QB Joshua Dobbs RB Brandon Brown-Dukes WR JuJu Smith-Schuster WR DeAndre Smelter RB Peyton Barber WR Bobo Wilson TE O.J. Howard,,,
424,797507253,JMondeci77,0,26.3,RB Kareem Hunt WR Tyreek Hill FLEX Wayne Gallman WR Dwayne Harris QB Joshua Dobbs WR JuJu Smith-Schuster RB Jacquizz Rodgers TE O.J. Howard DST Buccaneers ,,,
426,797218975,brewcrew44,0,26.26,QB Patrick Mahomes II RB Kareem Hunt WR Albert Wilson WR Chris Conley DST Chiefs  WR Kevin Norwood RB Fitzgerald Toussaint FLEX Jeremy McNichols TE O.J. Howard,,,
427,797478177,jh2399,0,26.2,RB Joe Mixon TE Tyler Kroft DST Chiefs  RB Paul Perkins WR Kevin Norwood QB Joshua Dobbs WR Demarcus Ayers WR JuJu Smith-Schuster FLEX Peyton Barber,,,
428,797258792,tatejr,0,26.06,FLEX Jeremy Hill WR Tyler Boyd QB Patrick Mahomes II RB C.J. Spiller WR Tyreek Hill DST Chiefs  TE Jesse James RB Carlos Hyde WR Pierre Garcon,,,
429,797461816,LAThillet,0,25.82,FLEX Jeremy Hill RB Paul Perkins WR Brandon Marshall DST Giants  RB Terrell Watson TE Jesse James QB Brian Hoyer WR DeSean Jackson WR Josh Huff,,,
430,797207305,Kathy843,0,25.7,FLEX Brandon LaFell QB Eli Manning WR Roger Lewis RB Fitzgerald Toussaint WR Darrius Heyward-Bey WR Martavis Bryant TE Jesse James DST Steelers  RB Carlos Hyde,,,
430,797411837,machster73,0,25.7,RB Joe Mixon DST Chiefs  QB Joshua Dobbs RB Fitzgerald Toussaint WR JuJu Smith-Schuster TE Xavier Grimble WR Josh Huff WR Derel Walker FLEX Antony Auclair,,,
432,797221190,partypatrol,0,25.46,QB AJ McCarron DST Chiefs  WR Roger Lewis WR Travis Rudolph FLEX Demarcus Ayers WR JuJu Smith-Schuster RB Joe Williams RB Peyton Barber TE O.J. Howard,,,
433,797418885,Rusdog93277,0,25.36,QB AJ McCarron RB Joe Mixon RB Giovani Bernard WR Josh Malone FLEX C.J. Spiller WR Albert Wilson DST Chiefs  WR Jeremy Kerley TE O.J. Howard,,,
433,797189313,grtest_show_on_turf,0,25.36,RB Joe Mixon WR Tyler Boyd DST Chiefs  QB Geno Smith FLEX Evan Engram WR Darrius Heyward-Bey RB Charles Sims WR Adam Humphries TE O.J. Howard,,,
433,797324857,ctracy366,0,25.36,QB AJ McCarron RB Joe Mixon WR Tyler Boyd WR Chris Conley RB Paul Perkins TE Evan Engram WR Eli Rogers FLEX Charles Sims DST Buccaneers ,,,
436,797288426,jmj7500,0,25.26,QB Geno Smith RB Paul Perkins FLEX Orleans Darkwa WR Brandon Marshall DST Giants  TE Jesse James RB Joe Williams WR DeSean Jackson WR Chris Godwin,,,
436,797438016,thebubble,0,25.26,QB AJ McCarron RB Joe Mixon RB Kareem Hunt DST Chiefs  WR Roger Lewis FLEX Evan Engram WR JuJu Smith-Schuster WR Chris Godwin TE O.J. Howard,,,
438,797228191,beloved1228,0,25.2,RB Kareem Hunt RB C.J. Spiller DST Chiefs  QB Joshua Dobbs WR Justin Hunter WR JuJu Smith-Schuster TE Xavier Grimble FLEX Jacquizz Rodgers WR Josh Huff,,,
439,797382154,magoamen,0,25.16,RB Joe Mixon FLEX Kareem Hunt DST Chiefs  QB Geno Smith WR Travis Rudolph TE Evan Engram WR Justin Hunter RB Jeremy McNichols WR Derel Walker,,,
440,797306964,jstodd22,0,24.9,RB Stanley Williams RB Kareem Hunt WR Roger Lewis TE Evan Engram DST Giants  QB Joshua Dobbs WR Demarcus Ayers WR JuJu Smith-Schuster FLEX O.J. Howard,,,
441,797471088,norcalhangman,0,24.88,WR Brandon LaFell TE Tyler Eifert RB Anthony Sherman RB Paul Perkins FLEX Orleans Darkwa QB Ryan Griffin WR Josh Huff WR Mike Evans DST Buccaneers ,,,
442,797544570,markt35,0,24.86,RB Joe Mixon FLEX Giovani Bernard WR A.J. Green QB Patrick Mahomes II WR Brandon Marshall DST Giants  RB Tim Hightower WR DeSean Jackson TE O.J. Howard,,,
443,797235822,Lurricane,0,24.8,WR Tyler Boyd RB Orleans Darkwa DST Giants  QB Joshua Dobbs FLEX Martavis Bryant WR Eli Rogers WR JuJu Smith-Schuster RB Peyton Barber TE O.J. Howard,,,
443,797558602,billyho1313,0,24.8,WR Karel Hamilton RB Kareem Hunt DST Chiefs  FLEX Orleans Darkwa TE Evan Engram QB Joshua Dobbs WR JuJu Smith-Schuster RB Peyton Barber WR Derel Walker,,,
445,797235033,rkoegle,0,24.6,WR Tevin Jones WR Gehrig Dieter DST Chiefs  RB Orleans Darkwa TE Will Tye QB Joshua Dobbs RB Fitzgerald Toussaint WR Darrius Heyward-Bey FLEX Justin Hunter,,,
446,797334741,Randle_el352,0,24.36,RB Joe Mixon FLEX Tyler Boyd DST Chiefs  WR JuJu Smith-Schuster QB Jameis Winston RB Jeremy McNichols WR DeSean Jackson WR Adam Humphries TE O.J. Howard,,,
447,797272440,NYJsuperbowl15,0,24.26,QB AJ McCarron RB Stanley Williams WR Cody Core DST Chiefs  FLEX JuJu Smith-Schuster WR Trent Taylor RB Jeremy McNichols WR Chris Godwin TE O.J. Howard,,,
448,797383016,BMRIZ,0,24.16,QB AJ McCarron RB Joe Mixon RB Kareem Hunt WR Darius Powe DST Giants  WR JuJu Smith-Schuster FLEX Kapri Bibbs WR Marquise Goodwin TE O.J. Howard,,,
449,797325204,donhomer,0,24.08,FLEX Kareem Hunt QB Davis Webb RB Orleans Darkwa WR Darius Powe TE Evan Engram DST Giants  WR JuJu Smith-Schuster RB Jeremy McNichols WR DeSean Jackson,,,
450,797562415,russellry,0,23.86,QB AJ McCarron RB Joe Mixon WR Tyler Boyd DST Chiefs  TE Jesse James RB Carlos Hyde FLEX Jacquizz Rodgers WR Josh Huff WR Adam Humphries,,,
451,797405222,markg911,0,23.8,FLEX Joe Mixon DST Chiefs  QB Joshua Dobbs RB Roosevelt Nix WR Justin Hunter WR JuJu Smith-Schuster RB Kapri Bibbs WR Josh Huff TE O.J. Howard,,,
452,797384939,jhmohp33,0,23.76,QB AJ McCarron FLEX Tyler Boyd RB Kareem Hunt DST Chiefs  WR Roger Lewis TE Evan Engram RB Fitzgerald Toussaint WR JuJu Smith-Schuster WR Chris Godwin,,,
453,797317764,prettyboyfloyd77,0,23.7,RB Kareem Hunt WR Jehu Chesson DST Chiefs  RB Paul Perkins WR Roger Lewis TE Evan Engram QB Joshua Dobbs WR JuJu Smith-Schuster FLEX Tim Hightower,,,
454,797215223,DSJR,0,23.46,QB AJ McCarron RB Joe Mixon FLEX Kareem Hunt DST Chiefs  RB Fitzgerald Toussaint WR Eli Rogers WR JuJu Smith-Schuster WR Bobo Wilson TE O.J. Howard,,,
455,797563551,Nickh621,0,23.4,WR Karel Hamilton RB Kareem Hunt DST Chiefs  RB Wayne Gallman TE Evan Engram QB Joshua Dobbs FLEX Trey Williams WR Demarcus Ayers WR JuJu Smith-Schuster,,,
456,797435613,82Goldtop,0,23.36,QB AJ McCarron RB Joe Mixon WR Tyler Boyd DST Chiefs  FLEX Paul Perkins TE Evan Engram WR Eli Rogers RB Jacquizz Rodgers WR Adam Humphries,,,
456,797368822,HometownFollies2,0,23.36,FLEX Joe Mixon TE Tyler Kroft QB Patrick Mahomes II WR Roger Lewis WR Justin Hunter RB Jeremy McNichols RB Peyton Barber WR Chris Godwin DST Buccaneers ,,,
458,797324537,Alydar,0,23.3,RB Kareem Hunt DST Chiefs  QB Joshua Dobbs FLEX Fitzgerald Toussaint WR Justin Hunter RB Jeremy McNichols WR Adam Humphries WR Chris Godwin TE Antony Auclair,,,
459,797430385,jpa5,0,23.2,RB Joe Mixon WR De'Anthony Thomas DST Chiefs  FLEX Orleans Darkwa QB Joshua Dobbs RB James Conner WR Martavis Bryant WR Pierre Garcon TE O.J. Howard,,,
460,797220903,itsboatman,0,23.18,RB Giovani Bernard WR Josh Malone TE C.J. Uzomah DST Chiefs  WR Tavarres King FLEX Justin Hunter QB Ryan Griffin RB Charles Sims WR Chris Godwin,,,
461,797331867,robgot4,0,22.6,RB Kareem Hunt DST Chiefs  FLEX Roger Lewis QB Joshua Dobbs WR Justin Hunter WR Demarcus Ayers RB Jeremy McNichols WR Chris Godwin TE O.J. Howard,,,
462,797362290,jmjsr6413,0,22.5,DST Chiefs  RB Wayne Gallman RB Paul Perkins QB Joshua Dobbs FLEX Eli Rogers WR JuJu Smith-Schuster WR Jeremy Kerley WR DeSean Jackson TE O.J. Howard,,,
463,797260517,castortroy,0,22.36,RB Joe Mixon FLEX Kareem Hunt QB Geno Smith WR DeAndre Smelter DST 49ers  RB Jeremy McNichols WR Josh Huff WR Adam Humphries TE O.J. Howard,,,
464,797568593,jacunning,0,22.3,RB Stanley Williams RB Joe Mixon FLEX Giovani Bernard WR Brandon LaFell WR A.J. Green WR Tyler Boyd TE Tyler Eifert DST Chiefs  QB Eli Manning,,,
465,797160830,dirico420,0,21.56,QB AJ McCarron FLEX Joe Mixon WR Tyler Boyd WR John Ross DST Bengals  WR Sterling Shepard TE Will Tye RB Tim Hightower RB Jacquizz Rodgers,,,
465,797305227,JoshTannery,0,21.56,QB AJ McCarron RB Joe Mixon WR Karel Hamilton RB Kareem Hunt FLEX Seantavius Jones DST Chiefs  WR JuJu Smith-Schuster WR DeAndre Smelter TE O.J. Howard,,,
467,797490429,TOMMYBBQ1,0,21.26,QB Geno Smith RB Wayne Gallman RB Paul Perkins WR Brandon Marshall WR Travis Rudolph DST Giants  FLEX Doug Martin WR DeSean Jackson TE O.J. Howard,,,
467,797238016,copperlila,0,21.26,QB AJ McCarron FLEX Tra Carson WR Alonzo Russell WR Tyler Boyd WR John Ross TE Tyler Eifert DST 49ers  RB Quayvon Hicks RB Russell Hansbrough,,,
467,797538026,tosicjasmin,0,21.26,QB AJ McCarron WR Tyler Boyd DST Chiefs  WR Kevin Norwood RB Fitzgerald Toussaint WR JuJu Smith-Schuster FLEX Marquise Goodwin RB Charles Sims TE O.J. Howard,,,
467,797560905,rottiluvers,0,21.26,RB Kareem Hunt DST Chiefs  QB Geno Smith WR Travis Rudolph RB Blake Sims WR Shaq Hill WR Derel Walker FLEX Chris Godwin TE Tevin Westbrook,,,
471,797348968,gheastboii,0,20.96,QB AJ McCarron WR Tyler Boyd RB Kareem Hunt TE Gavin Escobar DST Chiefs  RB Wayne Gallman WR JuJu Smith-Schuster FLEX Jeremy McNichols WR Chris Godwin,,,
472,797277373,QueenVega25,0,20.84,RB Joe Mixon DST Chiefs  QB Josh Johnson RB Paul Perkins WR Kevin Norwood FLEX Odell Beckham Jr. WR Roger Lewis TE Evan Engram WR Pierre Garcon,,,
473,797215327,steng29,0,20.76,QB AJ McCarron RB Joe Mixon WR Tyler Boyd DST Chiefs  WR Brandon Marshall TE Evan Engram RB Jeremy McNichols WR DeSean Jackson FLEX O.J. Howard,,,
474,797347119,Eristotle83,0,19.86,RB Joe Mixon QB Patrick Mahomes II RB Kareem Hunt WR Justin Hunter FLEX Doug Martin WR Josh Huff WR Derel Walker TE O.J. Howard DST Buccaneers ,,,
475,797242512,coldcombo,0,19.16,QB Patrick Mahomes II RB Devine Redding RB Kareem Hunt FLEX Seantavius Jones DST Giants  WR Justin Hunter WR Demarcus Ayers WR DeAndre Smelter TE O.J. Howard,,,
476,797450818,rrserna,0,18.76,QB AJ McCarron RB Stanley Williams FLEX Joe Mixon WR Alonzo Russell TE Tyler Kroft DST Chiefs  RB Jeremy McNichols WR Josh Huff WR Adam Humphries,,,
477,797347336,Lilwhip,0,17.66,FLEX Stanley Williams RB Darrin Laufasa WR Alonzo Russell WR Levonte Whitfield TE Tyler Kroft DST Chiefs  QB Geno Smith RB Orleans Darkwa WR Josh Huff,,,
478,797226468,jpitt09,0,17.56,QB AJ McCarron RB Joe Mixon RB Kareem Hunt WR De'Anthony Thomas TE Gavin Escobar DST Chiefs  WR Sammie Coates WR Jeremy Kerley FLEX O.J. Howard,,,
479,797280223,HarKe001,0,16.86,QB AJ McCarron RB Giovani Bernard WR Tyler Boyd TE Tyler Kroft DST Chiefs  WR Antonio Brown WR Eli Rogers RB Russell Hansbrough FLEX Charles Sims,,,
480,797570195,mfd005,0,16.26,WR Brandon LaFell QB Geno Smith RB Paul Perkins WR Brandon Marshall TE Evan Engram RB Fitzgerald Toussaint WR Darrius Heyward-Bey FLEX Tim Hightower DST Buccaneers ,,,
480,797440290,blantj,0,16.26,WR Tyler Boyd RB Devine Redding QB Geno Smith WR Kevin Norwood WR Jerome Lane FLEX Martavis Bryant TE Jake McGee RB Kapri Bibbs DST Buccaneers ,,,
