Season,Slot,StrongSeed,WeakSeed
1985,R1W1,W01,W16
1985,R1W2,W02,W15
1985,R1W3,W03,W14
1985,R1W4,W04,W13
1985,R1W5,W05,W12
1985,R1W6,W06,W11
1985,R1W7,W07,W10
1985,R1W8,W08,W09
1985,R1X1,X01,X16
1985,R1X2,X02,X15
1985,R1X3,X03,X14
1985,R1X4,X04,X13
1985,R1X5,X05,X12
1985,R1X6,X06,X11
1985,R1X7,X07,X10
1985,R1X8,X08,X09
1985,R1Y1,Y01,Y16
1985,R1Y2,Y02,Y15
1985,R1Y3,Y03,Y14
1985,R1Y4,Y04,Y13
1985,R1Y5,Y05,Y12
1985,R1Y6,Y06,Y11
1985,R1Y7,Y07,Y10
1985,R1Y8,Y08,Y09
1985,R1Z1,Z01,Z16
1985,R1Z2,Z02,Z15
1985,R1Z3,Z03,Z14
1985,R1Z4,Z04,Z13
1985,R1Z5,Z05,Z12
1985,R1Z6,Z06,Z11
1985,R1Z7,Z07,Z10
1985,R1Z8,Z08,Z09
1985,R2W1,R1W1,R1W8
1985,R2W2,R1W2,R1W7
1985,R2W3,R1W3,R1W6
1985,R2W4,R1W4,R1W5
1985,R2X1,R1X1,R1X8
1985,R2X2,R1X2,R1X7
1985,R2X3,R1X3,R1X6
1985,R2X4,R1X4,R1X5
1985,R2Y1,R1Y1,R1Y8
1985,R2Y2,R1Y2,R1Y7
1985,R2Y3,R1Y3,R1Y6
1985,R2Y4,R1Y4,R1Y5
1985,R2Z1,R1Z1,R1Z8
1985,R2Z2,R1Z2,R1Z7
1985,R2Z3,R1Z3,R1Z6
1985,R2Z4,R1Z4,R1Z5
1985,R3W1,R2W1,R2W4
1985,R3W2,R2W2,R2W3
1985,R3X1,R2X1,R2X4
1985,R3X2,R2X2,R2X3
1985,R3Y1,R2Y1,R2Y4
1985,R3Y2,R2Y2,R2Y3
1985,R3Z1,R2Z1,R2Z4
1985,R3Z2,R2Z2,R2Z3
1985,R4W1,R3W1,R3W2
1985,R4X1,R3X1,R3X2
1985,R4Y1,R3Y1,R3Y2
1985,R4Z1,R3Z1,R3Z2
1985,R5WX,R4W1,R4X1
1985,R5YZ,R4Y1,R4Z1
1985,R6CH,R5WX,R5YZ
1986,R1W1,W01,W16
1986,R1W2,W02,W15
1986,R1W3,W03,W14
1986,R1W4,W04,W13
1986,R1W5,W05,W12
1986,R1W6,W06,W11
1986,R1W7,W07,W10
1986,R1W8,W08,W09
1986,R1X1,X01,X16
1986,R1X2,X02,X15
1986,R1X3,X03,X14
1986,R1X4,X04,X13
1986,R1X5,X05,X12
1986,R1X6,X06,X11
1986,R1X7,X07,X10
1986,R1X8,X08,X09
1986,R1Y1,Y01,Y16
1986,R1Y2,Y02,Y15
1986,R1Y3,Y03,Y14
1986,R1Y4,Y04,Y13
1986,R1Y5,Y05,Y12
1986,R1Y6,Y06,Y11
1986,R1Y7,Y07,Y10
1986,R1Y8,Y08,Y09
1986,R1Z1,Z01,Z16
1986,R1Z2,Z02,Z15
1986,R1Z3,Z03,Z14
1986,R1Z4,Z04,Z13
1986,R1Z5,Z05,Z12
1986,R1Z6,Z06,Z11
1986,R1Z7,Z07,Z10
1986,R1Z8,Z08,Z09
1986,R2W1,R1W1,R1W8
1986,R2W2,R1W2,R1W7
1986,R2W3,R1W3,R1W6
1986,R2W4,R1W4,R1W5
1986,R2X1,R1X1,R1X8
1986,R2X2,R1X2,R1X7
1986,R2X3,R1X3,R1X6
1986,R2X4,R1X4,R1X5
1986,R2Y1,R1Y1,R1Y8
1986,R2Y2,R1Y2,R1Y7
1986,R2Y3,R1Y3,R1Y6
1986,R2Y4,R1Y4,R1Y5
1986,R2Z1,R1Z1,R1Z8
1986,R2Z2,R1Z2,R1Z7
1986,R2Z3,R1Z3,R1Z6
1986,R2Z4,R1Z4,R1Z5
1986,R3W1,R2W1,R2W4
1986,R3W2,R2W2,R2W3
1986,R3X1,R2X1,R2X4
1986,R3X2,R2X2,R2X3
1986,R3Y1,R2Y1,R2Y4
1986,R3Y2,R2Y2,R2Y3
1986,R3Z1,R2Z1,R2Z4
1986,R3Z2,R2Z2,R2Z3
1986,R4W1,R3W1,R3W2
1986,R4X1,R3X1,R3X2
1986,R4Y1,R3Y1,R3Y2
1986,R4Z1,R3Z1,R3Z2
1986,R5WX,R4W1,R4X1
1986,R5YZ,R4Y1,R4Z1
1986,R6CH,R5WX,R5YZ
1987,R1W1,W01,W16
1987,R1W2,W02,W15
1987,R1W3,W03,W14
1987,R1W4,W04,W13
1987,R1W5,W05,W12
1987,R1W6,W06,W11
1987,R1W7,W07,W10
1987,R1W8,W08,W09
1987,R1X1,X01,X16
1987,R1X2,X02,X15
1987,R1X3,X03,X14
1987,R1X4,X04,X13
1987,R1X5,X05,X12
1987,R1X6,X06,X11
1987,R1X7,X07,X10
1987,R1X8,X08,X09
1987,R1Y1,Y01,Y16
1987,R1Y2,Y02,Y15
1987,R1Y3,Y03,Y14
1987,R1Y4,Y04,Y13
1987,R1Y5,Y05,Y12
1987,R1Y6,Y06,Y11
1987,R1Y7,Y07,Y10
1987,R1Y8,Y08,Y09
1987,R1Z1,Z01,Z16
1987,R1Z2,Z02,Z15
1987,R1Z3,Z03,Z14
1987,R1Z4,Z04,Z13
1987,R1Z5,Z05,Z12
1987,R1Z6,Z06,Z11
1987,R1Z7,Z07,Z10
1987,R1Z8,Z08,Z09
1987,R2W1,R1W1,R1W8
1987,R2W2,R1W2,R1W7
1987,R2W3,R1W3,R1W6
1987,R2W4,R1W4,R1W5
1987,R2X1,R1X1,R1X8
1987,R2X2,R1X2,R1X7
1987,R2X3,R1X3,R1X6
1987,R2X4,R1X4,R1X5
1987,R2Y1,R1Y1,R1Y8
1987,R2Y2,R1Y2,R1Y7
1987,R2Y3,R1Y3,R1Y6
1987,R2Y4,R1Y4,R1Y5
1987,R2Z1,R1Z1,R1Z8
1987,R2Z2,R1Z2,R1Z7
1987,R2Z3,R1Z3,R1Z6
1987,R2Z4,R1Z4,R1Z5
1987,R3W1,R2W1,R2W4
1987,R3W2,R2W2,R2W3
1987,R3X1,R2X1,R2X4
1987,R3X2,R2X2,R2X3
1987,R3Y1,R2Y1,R2Y4
1987,R3Y2,R2Y2,R2Y3
1987,R3Z1,R2Z1,R2Z4
1987,R3Z2,R2Z2,R2Z3
1987,R4W1,R3W1,R3W2
1987,R4X1,R3X1,R3X2
1987,R4Y1,R3Y1,R3Y2
1987,R4Z1,R3Z1,R3Z2
1987,R5WX,R4W1,R4X1
1987,R5YZ,R4Y1,R4Z1
1987,R6CH,R5WX,R5YZ
1988,R1W1,W01,W16
1988,R1W2,W02,W15
1988,R1W3,W03,W14
1988,R1W4,W04,W13
1988,R1W5,W05,W12
1988,R1W6,W06,W11
1988,R1W7,W07,W10
1988,R1W8,W08,W09
1988,R1X1,X01,X16
1988,R1X2,X02,X15
1988,R1X3,X03,X14
1988,R1X4,X04,X13
1988,R1X5,X05,X12
1988,R1X6,X06,X11
1988,R1X7,X07,X10
1988,R1X8,X08,X09
1988,R1Y1,Y01,Y16
1988,R1Y2,Y02,Y15
1988,R1Y3,Y03,Y14
1988,R1Y4,Y04,Y13
1988,R1Y5,Y05,Y12
1988,R1Y6,Y06,Y11
1988,R1Y7,Y07,Y10
1988,R1Y8,Y08,Y09
1988,R1Z1,Z01,Z16
1988,R1Z2,Z02,Z15
1988,R1Z3,Z03,Z14
1988,R1Z4,Z04,Z13
1988,R1Z5,Z05,Z12
1988,R1Z6,Z06,Z11
1988,R1Z7,Z07,Z10
1988,R1Z8,Z08,Z09
1988,R2W1,R1W1,R1W8
1988,R2W2,R1W2,R1W7
1988,R2W3,R1W3,R1W6
1988,R2W4,R1W4,R1W5
1988,R2X1,R1X1,R1X8
1988,R2X2,R1X2,R1X7
1988,R2X3,R1X3,R1X6
1988,R2X4,R1X4,R1X5
1988,R2Y1,R1Y1,R1Y8
1988,R2Y2,R1Y2,R1Y7
1988,R2Y3,R1Y3,R1Y6
1988,R2Y4,R1Y4,R1Y5
1988,R2Z1,R1Z1,R1Z8
1988,R2Z2,R1Z2,R1Z7
1988,R2Z3,R1Z3,R1Z6
1988,R2Z4,R1Z4,R1Z5
1988,R3W1,R2W1,R2W4
1988,R3W2,R2W2,R2W3
1988,R3X1,R2X1,R2X4
1988,R3X2,R2X2,R2X3
1988,R3Y1,R2Y1,R2Y4
1988,R3Y2,R2Y2,R2Y3
1988,R3Z1,R2Z1,R2Z4
1988,R3Z2,R2Z2,R2Z3
1988,R4W1,R3W1,R3W2
1988,R4X1,R3X1,R3X2
1988,R4Y1,R3Y1,R3Y2
1988,R4Z1,R3Z1,R3Z2
1988,R5WX,R4W1,R4X1
1988,R5YZ,R4Y1,R4Z1
1988,R6CH,R5WX,R5YZ
1989,R1W1,W01,W16
1989,R1W2,W02,W15
1989,R1W3,W03,W14
1989,R1W4,W04,W13
1989,R1W5,W05,W12
1989,R1W6,W06,W11
1989,R1W7,W07,W10
1989,R1W8,W08,W09
1989,R1X1,X01,X16
1989,R1X2,X02,X15
1989,R1X3,X03,X14
1989,R1X4,X04,X13
1989,R1X5,X05,X12
1989,R1X6,X06,X11
1989,R1X7,X07,X10
1989,R1X8,X08,X09
1989,R1Y1,Y01,Y16
1989,R1Y2,Y02,Y15
1989,R1Y3,Y03,Y14
1989,R1Y4,Y04,Y13
1989,R1Y5,Y05,Y12
1989,R1Y6,Y06,Y11
1989,R1Y7,Y07,Y10
1989,R1Y8,Y08,Y09
1989,R1Z1,Z01,Z16
1989,R1Z2,Z02,Z15
1989,R1Z3,Z03,Z14
1989,R1Z4,Z04,Z13
1989,R1Z5,Z05,Z12
1989,R1Z6,Z06,Z11
1989,R1Z7,Z07,Z10
1989,R1Z8,Z08,Z09
1989,R2W1,R1W1,R1W8
1989,R2W2,R1W2,R1W7
1989,R2W3,R1W3,R1W6
1989,R2W4,R1W4,R1W5
1989,R2X1,R1X1,R1X8
1989,R2X2,R1X2,R1X7
1989,R2X3,R1X3,R1X6
1989,R2X4,R1X4,R1X5
1989,R2Y1,R1Y1,R1Y8
1989,R2Y2,R1Y2,R1Y7
1989,R2Y3,R1Y3,R1Y6
1989,R2Y4,R1Y4,R1Y5
1989,R2Z1,R1Z1,R1Z8
1989,R2Z2,R1Z2,R1Z7
1989,R2Z3,R1Z3,R1Z6
1989,R2Z4,R1Z4,R1Z5
1989,R3W1,R2W1,R2W4
1989,R3W2,R2W2,R2W3
1989,R3X1,R2X1,R2X4
1989,R3X2,R2X2,R2X3
1989,R3Y1,R2Y1,R2Y4
1989,R3Y2,R2Y2,R2Y3
1989,R3Z1,R2Z1,R2Z4
1989,R3Z2,R2Z2,R2Z3
1989,R4W1,R3W1,R3W2
1989,R4X1,R3X1,R3X2
1989,R4Y1,R3Y1,R3Y2
1989,R4Z1,R3Z1,R3Z2
1989,R5WX,R4W1,R4X1
1989,R5YZ,R4Y1,R4Z1
1989,R6CH,R5WX,R5YZ
1990,R1W1,W01,W16
1990,R1W2,W02,W15
1990,R1W3,W03,W14
1990,R1W4,W04,W13
1990,R1W5,W05,W12
1990,R1W6,W06,W11
1990,R1W7,W07,W10
1990,R1W8,W08,W09
1990,R1X1,X01,X16
1990,R1X2,X02,X15
1990,R1X3,X03,X14
1990,R1X4,X04,X13
1990,R1X5,X05,X12
1990,R1X6,X06,X11
1990,R1X7,X07,X10
1990,R1X8,X08,X09
1990,R1Y1,Y01,Y16
1990,R1Y2,Y02,Y15
1990,R1Y3,Y03,Y14
1990,R1Y4,Y04,Y13
1990,R1Y5,Y05,Y12
1990,R1Y6,Y06,Y11
1990,R1Y7,Y07,Y10
1990,R1Y8,Y08,Y09
1990,R1Z1,Z01,Z16
1990,R1Z2,Z02,Z15
1990,R1Z3,Z03,Z14
1990,R1Z4,Z04,Z13
1990,R1Z5,Z05,Z12
1990,R1Z6,Z06,Z11
1990,R1Z7,Z07,Z10
1990,R1Z8,Z08,Z09
1990,R2W1,R1W1,R1W8
1990,R2W2,R1W2,R1W7
1990,R2W3,R1W3,R1W6
1990,R2W4,R1W4,R1W5
1990,R2X1,R1X1,R1X8
1990,R2X2,R1X2,R1X7
1990,R2X3,R1X3,R1X6
1990,R2X4,R1X4,R1X5
1990,R2Y1,R1Y1,R1Y8
1990,R2Y2,R1Y2,R1Y7
1990,R2Y3,R1Y3,R1Y6
1990,R2Y4,R1Y4,R1Y5
1990,R2Z1,R1Z1,R1Z8
1990,R2Z2,R1Z2,R1Z7
1990,R2Z3,R1Z3,R1Z6
1990,R2Z4,R1Z4,R1Z5
1990,R3W1,R2W1,R2W4
1990,R3W2,R2W2,R2W3
1990,R3X1,R2X1,R2X4
1990,R3X2,R2X2,R2X3
1990,R3Y1,R2Y1,R2Y4
1990,R3Y2,R2Y2,R2Y3
1990,R3Z1,R2Z1,R2Z4
1990,R3Z2,R2Z2,R2Z3
1990,R4W1,R3W1,R3W2
1990,R4X1,R3X1,R3X2
1990,R4Y1,R3Y1,R3Y2
1990,R4Z1,R3Z1,R3Z2
1990,R5WX,R4W1,R4X1
1990,R5YZ,R4Y1,R4Z1
1990,R6CH,R5WX,R5YZ
1991,R1W1,W01,W16
1991,R1W2,W02,W15
1991,R1W3,W03,W14
1991,R1W4,W04,W13
1991,R1W5,W05,W12
1991,R1W6,W06,W11
1991,R1W7,W07,W10
1991,R1W8,W08,W09
1991,R1X1,X01,X16
1991,R1X2,X02,X15
1991,R1X3,X03,X14
1991,R1X4,X04,X13
1991,R1X5,X05,X12
1991,R1X6,X06,X11
1991,R1X7,X07,X10
1991,R1X8,X08,X09
1991,R1Y1,Y01,Y16
1991,R1Y2,Y02,Y15
1991,R1Y3,Y03,Y14
1991,R1Y4,Y04,Y13
1991,R1Y5,Y05,Y12
1991,R1Y6,Y06,Y11
1991,R1Y7,Y07,Y10
1991,R1Y8,Y08,Y09
1991,R1Z1,Z01,Z16
1991,R1Z2,Z02,Z15
1991,R1Z3,Z03,Z14
1991,R1Z4,Z04,Z13
1991,R1Z5,Z05,Z12
1991,R1Z6,Z06,Z11
1991,R1Z7,Z07,Z10
1991,R1Z8,Z08,Z09
1991,R2W1,R1W1,R1W8
1991,R2W2,R1W2,R1W7
1991,R2W3,R1W3,R1W6
1991,R2W4,R1W4,R1W5
1991,R2X1,R1X1,R1X8
1991,R2X2,R1X2,R1X7
1991,R2X3,R1X3,R1X6
1991,R2X4,R1X4,R1X5
1991,R2Y1,R1Y1,R1Y8
1991,R2Y2,R1Y2,R1Y7
1991,R2Y3,R1Y3,R1Y6
1991,R2Y4,R1Y4,R1Y5
1991,R2Z1,R1Z1,R1Z8
1991,R2Z2,R1Z2,R1Z7
1991,R2Z3,R1Z3,R1Z6
1991,R2Z4,R1Z4,R1Z5
1991,R3W1,R2W1,R2W4
1991,R3W2,R2W2,R2W3
1991,R3X1,R2X1,R2X4
1991,R3X2,R2X2,R2X3
1991,R3Y1,R2Y1,R2Y4
1991,R3Y2,R2Y2,R2Y3
1991,R3Z1,R2Z1,R2Z4
1991,R3Z2,R2Z2,R2Z3
1991,R4W1,R3W1,R3W2
1991,R4X1,R3X1,R3X2
1991,R4Y1,R3Y1,R3Y2
1991,R4Z1,R3Z1,R3Z2
1991,R5WX,R4W1,R4X1
1991,R5YZ,R4Y1,R4Z1
1991,R6CH,R5WX,R5YZ
1992,R1W1,W01,W16
1992,R1W2,W02,W15
1992,R1W3,W03,W14
1992,R1W4,W04,W13
1992,R1W5,W05,W12
1992,R1W6,W06,W11
1992,R1W7,W07,W10
1992,R1W8,W08,W09
1992,R1X1,X01,X16
1992,R1X2,X02,X15
1992,R1X3,X03,X14
1992,R1X4,X04,X13
1992,R1X5,X05,X12
1992,R1X6,X06,X11
1992,R1X7,X07,X10
1992,R1X8,X08,X09
1992,R1Y1,Y01,Y16
1992,R1Y2,Y02,Y15
1992,R1Y3,Y03,Y14
1992,R1Y4,Y04,Y13
1992,R1Y5,Y05,Y12
1992,R1Y6,Y06,Y11
1992,R1Y7,Y07,Y10
1992,R1Y8,Y08,Y09
1992,R1Z1,Z01,Z16
1992,R1Z2,Z02,Z15
1992,R1Z3,Z03,Z14
1992,R1Z4,Z04,Z13
1992,R1Z5,Z05,Z12
1992,R1Z6,Z06,Z11
1992,R1Z7,Z07,Z10
1992,R1Z8,Z08,Z09
1992,R2W1,R1W1,R1W8
1992,R2W2,R1W2,R1W7
1992,R2W3,R1W3,R1W6
1992,R2W4,R1W4,R1W5
1992,R2X1,R1X1,R1X8
1992,R2X2,R1X2,R1X7
1992,R2X3,R1X3,R1X6
1992,R2X4,R1X4,R1X5
1992,R2Y1,R1Y1,R1Y8
1992,R2Y2,R1Y2,R1Y7
1992,R2Y3,R1Y3,R1Y6
1992,R2Y4,R1Y4,R1Y5
1992,R2Z1,R1Z1,R1Z8
1992,R2Z2,R1Z2,R1Z7
1992,R2Z3,R1Z3,R1Z6
1992,R2Z4,R1Z4,R1Z5
1992,R3W1,R2W1,R2W4
1992,R3W2,R2W2,R2W3
1992,R3X1,R2X1,R2X4
1992,R3X2,R2X2,R2X3
1992,R3Y1,R2Y1,R2Y4
1992,R3Y2,R2Y2,R2Y3
1992,R3Z1,R2Z1,R2Z4
1992,R3Z2,R2Z2,R2Z3
1992,R4W1,R3W1,R3W2
1992,R4X1,R3X1,R3X2
1992,R4Y1,R3Y1,R3Y2
1992,R4Z1,R3Z1,R3Z2
1992,R5WX,R4W1,R4X1
1992,R5YZ,R4Y1,R4Z1
1992,R6CH,R5WX,R5YZ
1993,R1W1,W01,W16
1993,R1W2,W02,W15
1993,R1W3,W03,W14
1993,R1W4,W04,W13
1993,R1W5,W05,W12
1993,R1W6,W06,W11
1993,R1W7,W07,W10
1993,R1W8,W08,W09
1993,R1X1,X01,X16
1993,R1X2,X02,X15
1993,R1X3,X03,X14
1993,R1X4,X04,X13
1993,R1X5,X05,X12
1993,R1X6,X06,X11
1993,R1X7,X07,X10
1993,R1X8,X08,X09
1993,R1Y1,Y01,Y16
1993,R1Y2,Y02,Y15
1993,R1Y3,Y03,Y14
1993,R1Y4,Y04,Y13
1993,R1Y5,Y05,Y12
1993,R1Y6,Y06,Y11
1993,R1Y7,Y07,Y10
1993,R1Y8,Y08,Y09
1993,R1Z1,Z01,Z16
1993,R1Z2,Z02,Z15
1993,R1Z3,Z03,Z14
1993,R1Z4,Z04,Z13
1993,R1Z5,Z05,Z12
1993,R1Z6,Z06,Z11
1993,R1Z7,Z07,Z10
1993,R1Z8,Z08,Z09
1993,R2W1,R1W1,R1W8
1993,R2W2,R1W2,R1W7
1993,R2W3,R1W3,R1W6
1993,R2W4,R1W4,R1W5
1993,R2X1,R1X1,R1X8
1993,R2X2,R1X2,R1X7
1993,R2X3,R1X3,R1X6
1993,R2X4,R1X4,R1X5
1993,R2Y1,R1Y1,R1Y8
1993,R2Y2,R1Y2,R1Y7
1993,R2Y3,R1Y3,R1Y6
1993,R2Y4,R1Y4,R1Y5
1993,R2Z1,R1Z1,R1Z8
1993,R2Z2,R1Z2,R1Z7
1993,R2Z3,R1Z3,R1Z6
1993,R2Z4,R1Z4,R1Z5
1993,R3W1,R2W1,R2W4
1993,R3W2,R2W2,R2W3
1993,R3X1,R2X1,R2X4
1993,R3X2,R2X2,R2X3
1993,R3Y1,R2Y1,R2Y4
1993,R3Y2,R2Y2,R2Y3
1993,R3Z1,R2Z1,R2Z4
1993,R3Z2,R2Z2,R2Z3
1993,R4W1,R3W1,R3W2
1993,R4X1,R3X1,R3X2
1993,R4Y1,R3Y1,R3Y2
1993,R4Z1,R3Z1,R3Z2
1993,R5WX,R4W1,R4X1
1993,R5YZ,R4Y1,R4Z1
1993,R6CH,R5WX,R5YZ
1994,R1W1,W01,W16
1994,R1W2,W02,W15
1994,R1W3,W03,W14
1994,R1W4,W04,W13
1994,R1W5,W05,W12
1994,R1W6,W06,W11
1994,R1W7,W07,W10
1994,R1W8,W08,W09
1994,R1X1,X01,X16
1994,R1X2,X02,X15
1994,R1X3,X03,X14
1994,R1X4,X04,X13
1994,R1X5,X05,X12
1994,R1X6,X06,X11
1994,R1X7,X07,X10
1994,R1X8,X08,X09
1994,R1Y1,Y01,Y16
1994,R1Y2,Y02,Y15
1994,R1Y3,Y03,Y14
1994,R1Y4,Y04,Y13
1994,R1Y5,Y05,Y12
1994,R1Y6,Y06,Y11
1994,R1Y7,Y07,Y10
1994,R1Y8,Y08,Y09
1994,R1Z1,Z01,Z16
1994,R1Z2,Z02,Z15
1994,R1Z3,Z03,Z14
1994,R1Z4,Z04,Z13
1994,R1Z5,Z05,Z12
1994,R1Z6,Z06,Z11
1994,R1Z7,Z07,Z10
1994,R1Z8,Z08,Z09
1994,R2W1,R1W1,R1W8
1994,R2W2,R1W2,R1W7
1994,R2W3,R1W3,R1W6
1994,R2W4,R1W4,R1W5
1994,R2X1,R1X1,R1X8
1994,R2X2,R1X2,R1X7
1994,R2X3,R1X3,R1X6
1994,R2X4,R1X4,R1X5
1994,R2Y1,R1Y1,R1Y8
1994,R2Y2,R1Y2,R1Y7
1994,R2Y3,R1Y3,R1Y6
1994,R2Y4,R1Y4,R1Y5
1994,R2Z1,R1Z1,R1Z8
1994,R2Z2,R1Z2,R1Z7
1994,R2Z3,R1Z3,R1Z6
1994,R2Z4,R1Z4,R1Z5
1994,R3W1,R2W1,R2W4
1994,R3W2,R2W2,R2W3
1994,R3X1,R2X1,R2X4
1994,R3X2,R2X2,R2X3
1994,R3Y1,R2Y1,R2Y4
1994,R3Y2,R2Y2,R2Y3
1994,R3Z1,R2Z1,R2Z4
1994,R3Z2,R2Z2,R2Z3
1994,R4W1,R3W1,R3W2
1994,R4X1,R3X1,R3X2
1994,R4Y1,R3Y1,R3Y2
1994,R4Z1,R3Z1,R3Z2
1994,R5WX,R4W1,R4X1
1994,R5YZ,R4Y1,R4Z1
1994,R6CH,R5WX,R5YZ
1995,R1W1,W01,W16
1995,R1W2,W02,W15
1995,R1W3,W03,W14
1995,R1W4,W04,W13
1995,R1W5,W05,W12
1995,R1W6,W06,W11
1995,R1W7,W07,W10
1995,R1W8,W08,W09
1995,R1X1,X01,X16
1995,R1X2,X02,X15
1995,R1X3,X03,X14
1995,R1X4,X04,X13
1995,R1X5,X05,X12
1995,R1X6,X06,X11
1995,R1X7,X07,X10
1995,R1X8,X08,X09
1995,R1Y1,Y01,Y16
1995,R1Y2,Y02,Y15
1995,R1Y3,Y03,Y14
1995,R1Y4,Y04,Y13
1995,R1Y5,Y05,Y12
1995,R1Y6,Y06,Y11
1995,R1Y7,Y07,Y10
1995,R1Y8,Y08,Y09
1995,R1Z1,Z01,Z16
1995,R1Z2,Z02,Z15
1995,R1Z3,Z03,Z14
1995,R1Z4,Z04,Z13
1995,R1Z5,Z05,Z12
1995,R1Z6,Z06,Z11
1995,R1Z7,Z07,Z10
1995,R1Z8,Z08,Z09
1995,R2W1,R1W1,R1W8
1995,R2W2,R1W2,R1W7
1995,R2W3,R1W3,R1W6
1995,R2W4,R1W4,R1W5
1995,R2X1,R1X1,R1X8
1995,R2X2,R1X2,R1X7
1995,R2X3,R1X3,R1X6
1995,R2X4,R1X4,R1X5
1995,R2Y1,R1Y1,R1Y8
1995,R2Y2,R1Y2,R1Y7
1995,R2Y3,R1Y3,R1Y6
1995,R2Y4,R1Y4,R1Y5
1995,R2Z1,R1Z1,R1Z8
1995,R2Z2,R1Z2,R1Z7
1995,R2Z3,R1Z3,R1Z6
1995,R2Z4,R1Z4,R1Z5
1995,R3W1,R2W1,R2W4
1995,R3W2,R2W2,R2W3
1995,R3X1,R2X1,R2X4
1995,R3X2,R2X2,R2X3
1995,R3Y1,R2Y1,R2Y4
1995,R3Y2,R2Y2,R2Y3
1995,R3Z1,R2Z1,R2Z4
1995,R3Z2,R2Z2,R2Z3
1995,R4W1,R3W1,R3W2
1995,R4X1,R3X1,R3X2
1995,R4Y1,R3Y1,R3Y2
1995,R4Z1,R3Z1,R3Z2
1995,R5WX,R4W1,R4X1
1995,R5YZ,R4Y1,R4Z1
1995,R6CH,R5WX,R5YZ
1996,R1W1,W01,W16
1996,R1W2,W02,W15
1996,R1W3,W03,W14
1996,R1W4,W04,W13
1996,R1W5,W05,W12
1996,R1W6,W06,W11
1996,R1W7,W07,W10
1996,R1W8,W08,W09
1996,R1X1,X01,X16
1996,R1X2,X02,X15
1996,R1X3,X03,X14
1996,R1X4,X04,X13
1996,R1X5,X05,X12
1996,R1X6,X06,X11
1996,R1X7,X07,X10
1996,R1X8,X08,X09
1996,R1Y1,Y01,Y16
1996,R1Y2,Y02,Y15
1996,R1Y3,Y03,Y14
1996,R1Y4,Y04,Y13
1996,R1Y5,Y05,Y12
1996,R1Y6,Y06,Y11
1996,R1Y7,Y07,Y10
1996,R1Y8,Y08,Y09
1996,R1Z1,Z01,Z16
1996,R1Z2,Z02,Z15
1996,R1Z3,Z03,Z14
1996,R1Z4,Z04,Z13
1996,R1Z5,Z05,Z12
1996,R1Z6,Z06,Z11
1996,R1Z7,Z07,Z10
1996,R1Z8,Z08,Z09
1996,R2W1,R1W1,R1W8
1996,R2W2,R1W2,R1W7
1996,R2W3,R1W3,R1W6
1996,R2W4,R1W4,R1W5
1996,R2X1,R1X1,R1X8
1996,R2X2,R1X2,R1X7
1996,R2X3,R1X3,R1X6
1996,R2X4,R1X4,R1X5
1996,R2Y1,R1Y1,R1Y8
1996,R2Y2,R1Y2,R1Y7
1996,R2Y3,R1Y3,R1Y6
1996,R2Y4,R1Y4,R1Y5
1996,R2Z1,R1Z1,R1Z8
1996,R2Z2,R1Z2,R1Z7
1996,R2Z3,R1Z3,R1Z6
1996,R2Z4,R1Z4,R1Z5
1996,R3W1,R2W1,R2W4
1996,R3W2,R2W2,R2W3
1996,R3X1,R2X1,R2X4
1996,R3X2,R2X2,R2X3
1996,R3Y1,R2Y1,R2Y4
1996,R3Y2,R2Y2,R2Y3
1996,R3Z1,R2Z1,R2Z4
1996,R3Z2,R2Z2,R2Z3
1996,R4W1,R3W1,R3W2
1996,R4X1,R3X1,R3X2
1996,R4Y1,R3Y1,R3Y2
1996,R4Z1,R3Z1,R3Z2
1996,R5WX,R4W1,R4X1
1996,R5YZ,R4Y1,R4Z1
1996,R6CH,R5WX,R5YZ
1997,R1W1,W01,W16
1997,R1W2,W02,W15
1997,R1W3,W03,W14
1997,R1W4,W04,W13
1997,R1W5,W05,W12
1997,R1W6,W06,W11
1997,R1W7,W07,W10
1997,R1W8,W08,W09
1997,R1X1,X01,X16
1997,R1X2,X02,X15
1997,R1X3,X03,X14
1997,R1X4,X04,X13
1997,R1X5,X05,X12
1997,R1X6,X06,X11
1997,R1X7,X07,X10
1997,R1X8,X08,X09
1997,R1Y1,Y01,Y16
1997,R1Y2,Y02,Y15
1997,R1Y3,Y03,Y14
1997,R1Y4,Y04,Y13
1997,R1Y5,Y05,Y12
1997,R1Y6,Y06,Y11
1997,R1Y7,Y07,Y10
1997,R1Y8,Y08,Y09
1997,R1Z1,Z01,Z16
1997,R1Z2,Z02,Z15
1997,R1Z3,Z03,Z14
1997,R1Z4,Z04,Z13
1997,R1Z5,Z05,Z12
1997,R1Z6,Z06,Z11
1997,R1Z7,Z07,Z10
1997,R1Z8,Z08,Z09
1997,R2W1,R1W1,R1W8
1997,R2W2,R1W2,R1W7
1997,R2W3,R1W3,R1W6
1997,R2W4,R1W4,R1W5
1997,R2X1,R1X1,R1X8
1997,R2X2,R1X2,R1X7
1997,R2X3,R1X3,R1X6
1997,R2X4,R1X4,R1X5
1997,R2Y1,R1Y1,R1Y8
1997,R2Y2,R1Y2,R1Y7
1997,R2Y3,R1Y3,R1Y6
1997,R2Y4,R1Y4,R1Y5
1997,R2Z1,R1Z1,R1Z8
1997,R2Z2,R1Z2,R1Z7
1997,R2Z3,R1Z3,R1Z6
1997,R2Z4,R1Z4,R1Z5
1997,R3W1,R2W1,R2W4
1997,R3W2,R2W2,R2W3
1997,R3X1,R2X1,R2X4
1997,R3X2,R2X2,R2X3
1997,R3Y1,R2Y1,R2Y4
1997,R3Y2,R2Y2,R2Y3
1997,R3Z1,R2Z1,R2Z4
1997,R3Z2,R2Z2,R2Z3
1997,R4W1,R3W1,R3W2
1997,R4X1,R3X1,R3X2
1997,R4Y1,R3Y1,R3Y2
1997,R4Z1,R3Z1,R3Z2
1997,R5WX,R4W1,R4X1
1997,R5YZ,R4Y1,R4Z1
1997,R6CH,R5WX,R5YZ
1998,R1W1,W01,W16
1998,R1W2,W02,W15
1998,R1W3,W03,W14
1998,R1W4,W04,W13
1998,R1W5,W05,W12
1998,R1W6,W06,W11
1998,R1W7,W07,W10
1998,R1W8,W08,W09
1998,R1X1,X01,X16
1998,R1X2,X02,X15
1998,R1X3,X03,X14
1998,R1X4,X04,X13
1998,R1X5,X05,X12
1998,R1X6,X06,X11
1998,R1X7,X07,X10
1998,R1X8,X08,X09
1998,R1Y1,Y01,Y16
1998,R1Y2,Y02,Y15
1998,R1Y3,Y03,Y14
1998,R1Y4,Y04,Y13
1998,R1Y5,Y05,Y12
1998,R1Y6,Y06,Y11
1998,R1Y7,Y07,Y10
1998,R1Y8,Y08,Y09
1998,R1Z1,Z01,Z16
1998,R1Z2,Z02,Z15
1998,R1Z3,Z03,Z14
1998,R1Z4,Z04,Z13
1998,R1Z5,Z05,Z12
1998,R1Z6,Z06,Z11
1998,R1Z7,Z07,Z10
1998,R1Z8,Z08,Z09
1998,R2W1,R1W1,R1W8
1998,R2W2,R1W2,R1W7
1998,R2W3,R1W3,R1W6
1998,R2W4,R1W4,R1W5
1998,R2X1,R1X1,R1X8
1998,R2X2,R1X2,R1X7
1998,R2X3,R1X3,R1X6
1998,R2X4,R1X4,R1X5
1998,R2Y1,R1Y1,R1Y8
1998,R2Y2,R1Y2,R1Y7
1998,R2Y3,R1Y3,R1Y6
1998,R2Y4,R1Y4,R1Y5
1998,R2Z1,R1Z1,R1Z8
1998,R2Z2,R1Z2,R1Z7
1998,R2Z3,R1Z3,R1Z6
1998,R2Z4,R1Z4,R1Z5
1998,R3W1,R2W1,R2W4
1998,R3W2,R2W2,R2W3
1998,R3X1,R2X1,R2X4
1998,R3X2,R2X2,R2X3
1998,R3Y1,R2Y1,R2Y4
1998,R3Y2,R2Y2,R2Y3
1998,R3Z1,R2Z1,R2Z4
1998,R3Z2,R2Z2,R2Z3
1998,R4W1,R3W1,R3W2
1998,R4X1,R3X1,R3X2
1998,R4Y1,R3Y1,R3Y2
1998,R4Z1,R3Z1,R3Z2
1998,R5WX,R4W1,R4X1
1998,R5YZ,R4Y1,R4Z1
1998,R6CH,R5WX,R5YZ
1999,R1W1,W01,W16
1999,R1W2,W02,W15
1999,R1W3,W03,W14
1999,R1W4,W04,W13
1999,R1W5,W05,W12
1999,R1W6,W06,W11
1999,R1W7,W07,W10
1999,R1W8,W08,W09
1999,R1X1,X01,X16
1999,R1X2,X02,X15
1999,R1X3,X03,X14
1999,R1X4,X04,X13
1999,R1X5,X05,X12
1999,R1X6,X06,X11
1999,R1X7,X07,X10
1999,R1X8,X08,X09
1999,R1Y1,Y01,Y16
1999,R1Y2,Y02,Y15
1999,R1Y3,Y03,Y14
1999,R1Y4,Y04,Y13
1999,R1Y5,Y05,Y12
1999,R1Y6,Y06,Y11
1999,R1Y7,Y07,Y10
1999,R1Y8,Y08,Y09
1999,R1Z1,Z01,Z16
1999,R1Z2,Z02,Z15
1999,R1Z3,Z03,Z14
1999,R1Z4,Z04,Z13
1999,R1Z5,Z05,Z12
1999,R1Z6,Z06,Z11
1999,R1Z7,Z07,Z10
1999,R1Z8,Z08,Z09
1999,R2W1,R1W1,R1W8
1999,R2W2,R1W2,R1W7
1999,R2W3,R1W3,R1W6
1999,R2W4,R1W4,R1W5
1999,R2X1,R1X1,R1X8
1999,R2X2,R1X2,R1X7
1999,R2X3,R1X3,R1X6
1999,R2X4,R1X4,R1X5
1999,R2Y1,R1Y1,R1Y8
1999,R2Y2,R1Y2,R1Y7
1999,R2Y3,R1Y3,R1Y6
1999,R2Y4,R1Y4,R1Y5
1999,R2Z1,R1Z1,R1Z8
1999,R2Z2,R1Z2,R1Z7
1999,R2Z3,R1Z3,R1Z6
1999,R2Z4,R1Z4,R1Z5
1999,R3W1,R2W1,R2W4
1999,R3W2,R2W2,R2W3
1999,R3X1,R2X1,R2X4
1999,R3X2,R2X2,R2X3
1999,R3Y1,R2Y1,R2Y4
1999,R3Y2,R2Y2,R2Y3
1999,R3Z1,R2Z1,R2Z4
1999,R3Z2,R2Z2,R2Z3
1999,R4W1,R3W1,R3W2
1999,R4X1,R3X1,R3X2
1999,R4Y1,R3Y1,R3Y2
1999,R4Z1,R3Z1,R3Z2
1999,R5WX,R4W1,R4X1
1999,R5YZ,R4Y1,R4Z1
1999,R6CH,R5WX,R5YZ
2000,R1W1,W01,W16
2000,R1W2,W02,W15
2000,R1W3,W03,W14
2000,R1W4,W04,W13
2000,R1W5,W05,W12
2000,R1W6,W06,W11
2000,R1W7,W07,W10
2000,R1W8,W08,W09
2000,R1X1,X01,X16
2000,R1X2,X02,X15
2000,R1X3,X03,X14
2000,R1X4,X04,X13
2000,R1X5,X05,X12
2000,R1X6,X06,X11
2000,R1X7,X07,X10
2000,R1X8,X08,X09
2000,R1Y1,Y01,Y16
2000,R1Y2,Y02,Y15
2000,R1Y3,Y03,Y14
2000,R1Y4,Y04,Y13
2000,R1Y5,Y05,Y12
2000,R1Y6,Y06,Y11
2000,R1Y7,Y07,Y10
2000,R1Y8,Y08,Y09
2000,R1Z1,Z01,Z16
2000,R1Z2,Z02,Z15
2000,R1Z3,Z03,Z14
2000,R1Z4,Z04,Z13
2000,R1Z5,Z05,Z12
2000,R1Z6,Z06,Z11
2000,R1Z7,Z07,Z10
2000,R1Z8,Z08,Z09
2000,R2W1,R1W1,R1W8
2000,R2W2,R1W2,R1W7
2000,R2W3,R1W3,R1W6
2000,R2W4,R1W4,R1W5
2000,R2X1,R1X1,R1X8
2000,R2X2,R1X2,R1X7
2000,R2X3,R1X3,R1X6
2000,R2X4,R1X4,R1X5
2000,R2Y1,R1Y1,R1Y8
2000,R2Y2,R1Y2,R1Y7
2000,R2Y3,R1Y3,R1Y6
2000,R2Y4,R1Y4,R1Y5
2000,R2Z1,R1Z1,R1Z8
2000,R2Z2,R1Z2,R1Z7
2000,R2Z3,R1Z3,R1Z6
2000,R2Z4,R1Z4,R1Z5
2000,R3W1,R2W1,R2W4
2000,R3W2,R2W2,R2W3
2000,R3X1,R2X1,R2X4
2000,R3X2,R2X2,R2X3
2000,R3Y1,R2Y1,R2Y4
2000,R3Y2,R2Y2,R2Y3
2000,R3Z1,R2Z1,R2Z4
2000,R3Z2,R2Z2,R2Z3
2000,R4W1,R3W1,R3W2
2000,R4X1,R3X1,R3X2
2000,R4Y1,R3Y1,R3Y2
2000,R4Z1,R3Z1,R3Z2
2000,R5WX,R4W1,R4X1
2000,R5YZ,R4Y1,R4Z1
2000,R6CH,R5WX,R5YZ
2001,R1W1,W01,W16
2001,R1W2,W02,W15
2001,R1W3,W03,W14
2001,R1W4,W04,W13
2001,R1W5,W05,W12
2001,R1W6,W06,W11
2001,R1W7,W07,W10
2001,R1W8,W08,W09
2001,R1X1,X01,X16
2001,R1X2,X02,X15
2001,R1X3,X03,X14
2001,R1X4,X04,X13
2001,R1X5,X05,X12
2001,R1X6,X06,X11
2001,R1X7,X07,X10
2001,R1X8,X08,X09
2001,R1Y1,Y01,Y16
2001,R1Y2,Y02,Y15
2001,R1Y3,Y03,Y14
2001,R1Y4,Y04,Y13
2001,R1Y5,Y05,Y12
2001,R1Y6,Y06,Y11
2001,R1Y7,Y07,Y10
2001,R1Y8,Y08,Y09
2001,R1Z1,Z01,Z16
2001,R1Z2,Z02,Z15
2001,R1Z3,Z03,Z14
2001,R1Z4,Z04,Z13
2001,R1Z5,Z05,Z12
2001,R1Z6,Z06,Z11
2001,R1Z7,Z07,Z10
2001,R1Z8,Z08,Z09
2001,R2W1,R1W1,R1W8
2001,R2W2,R1W2,R1W7
2001,R2W3,R1W3,R1W6
2001,R2W4,R1W4,R1W5
2001,R2X1,R1X1,R1X8
2001,R2X2,R1X2,R1X7
2001,R2X3,R1X3,R1X6
2001,R2X4,R1X4,R1X5
2001,R2Y1,R1Y1,R1Y8
2001,R2Y2,R1Y2,R1Y7
2001,R2Y3,R1Y3,R1Y6
2001,R2Y4,R1Y4,R1Y5
2001,R2Z1,R1Z1,R1Z8
2001,R2Z2,R1Z2,R1Z7
2001,R2Z3,R1Z3,R1Z6
2001,R2Z4,R1Z4,R1Z5
2001,R3W1,R2W1,R2W4
2001,R3W2,R2W2,R2W3
2001,R3X1,R2X1,R2X4
2001,R3X2,R2X2,R2X3
2001,R3Y1,R2Y1,R2Y4
2001,R3Y2,R2Y2,R2Y3
2001,R3Z1,R2Z1,R2Z4
2001,R3Z2,R2Z2,R2Z3
2001,R4W1,R3W1,R3W2
2001,R4X1,R3X1,R3X2
2001,R4Y1,R3Y1,R3Y2
2001,R4Z1,R3Z1,R3Z2
2001,R5WX,R4W1,R4X1
2001,R5YZ,R4Y1,R4Z1
2001,R6CH,R5WX,R5YZ
2001,Y16,Y16a,Y16b
2002,R1W1,W01,W16
2002,R1W2,W02,W15
2002,R1W3,W03,W14
2002,R1W4,W04,W13
2002,R1W5,W05,W12
2002,R1W6,W06,W11
2002,R1W7,W07,W10
2002,R1W8,W08,W09
2002,R1X1,X01,X16
2002,R1X2,X02,X15
2002,R1X3,X03,X14
2002,R1X4,X04,X13
2002,R1X5,X05,X12
2002,R1X6,X06,X11
2002,R1X7,X07,X10
2002,R1X8,X08,X09
2002,R1Y1,Y01,Y16
2002,R1Y2,Y02,Y15
2002,R1Y3,Y03,Y14
2002,R1Y4,Y04,Y13
2002,R1Y5,Y05,Y12
2002,R1Y6,Y06,Y11
2002,R1Y7,Y07,Y10
2002,R1Y8,Y08,Y09
2002,R1Z1,Z01,Z16
2002,R1Z2,Z02,Z15
2002,R1Z3,Z03,Z14
2002,R1Z4,Z04,Z13
2002,R1Z5,Z05,Z12
2002,R1Z6,Z06,Z11
2002,R1Z7,Z07,Z10
2002,R1Z8,Z08,Z09
2002,R2W1,R1W1,R1W8
2002,R2W2,R1W2,R1W7
2002,R2W3,R1W3,R1W6
2002,R2W4,R1W4,R1W5
2002,R2X1,R1X1,R1X8
2002,R2X2,R1X2,R1X7
2002,R2X3,R1X3,R1X6
2002,R2X4,R1X4,R1X5
2002,R2Y1,R1Y1,R1Y8
2002,R2Y2,R1Y2,R1Y7
2002,R2Y3,R1Y3,R1Y6
2002,R2Y4,R1Y4,R1Y5
2002,R2Z1,R1Z1,R1Z8
2002,R2Z2,R1Z2,R1Z7
2002,R2Z3,R1Z3,R1Z6
2002,R2Z4,R1Z4,R1Z5
2002,R3W1,R2W1,R2W4
2002,R3W2,R2W2,R2W3
2002,R3X1,R2X1,R2X4
2002,R3X2,R2X2,R2X3
2002,R3Y1,R2Y1,R2Y4
2002,R3Y2,R2Y2,R2Y3
2002,R3Z1,R2Z1,R2Z4
2002,R3Z2,R2Z2,R2Z3
2002,R4W1,R3W1,R3W2
2002,R4X1,R3X1,R3X2
2002,R4Y1,R3Y1,R3Y2
2002,R4Z1,R3Z1,R3Z2
2002,R5WX,R4W1,R4X1
2002,R5YZ,R4Y1,R4Z1
2002,R6CH,R5WX,R5YZ
2002,W16,W16a,W16b
2003,R1W1,W01,W16
2003,R1W2,W02,W15
2003,R1W3,W03,W14
2003,R1W4,W04,W13
2003,R1W5,W05,W12
2003,R1W6,W06,W11
2003,R1W7,W07,W10
2003,R1W8,W08,W09
2003,R1X1,X01,X16
2003,R1X2,X02,X15
2003,R1X3,X03,X14
2003,R1X4,X04,X13
2003,R1X5,X05,X12
2003,R1X6,X06,X11
2003,R1X7,X07,X10
2003,R1X8,X08,X09
2003,R1Y1,Y01,Y16
2003,R1Y2,Y02,Y15
2003,R1Y3,Y03,Y14
2003,R1Y4,Y04,Y13
2003,R1Y5,Y05,Y12
2003,R1Y6,Y06,Y11
2003,R1Y7,Y07,Y10
2003,R1Y8,Y08,Y09
2003,R1Z1,Z01,Z16
2003,R1Z2,Z02,Z15
2003,R1Z3,Z03,Z14
2003,R1Z4,Z04,Z13
2003,R1Z5,Z05,Z12
2003,R1Z6,Z06,Z11
2003,R1Z7,Z07,Z10
2003,R1Z8,Z08,Z09
2003,R2W1,R1W1,R1W8
2003,R2W2,R1W2,R1W7
2003,R2W3,R1W3,R1W6
2003,R2W4,R1W4,R1W5
2003,R2X1,R1X1,R1X8
2003,R2X2,R1X2,R1X7
2003,R2X3,R1X3,R1X6
2003,R2X4,R1X4,R1X5
2003,R2Y1,R1Y1,R1Y8
2003,R2Y2,R1Y2,R1Y7
2003,R2Y3,R1Y3,R1Y6
2003,R2Y4,R1Y4,R1Y5
2003,R2Z1,R1Z1,R1Z8
2003,R2Z2,R1Z2,R1Z7
2003,R2Z3,R1Z3,R1Z6
2003,R2Z4,R1Z4,R1Z5
2003,R3W1,R2W1,R2W4
2003,R3W2,R2W2,R2W3
2003,R3X1,R2X1,R2X4
2003,R3X2,R2X2,R2X3
2003,R3Y1,R2Y1,R2Y4
2003,R3Y2,R2Y2,R2Y3
2003,R3Z1,R2Z1,R2Z4
2003,R3Z2,R2Z2,R2Z3
2003,R4W1,R3W1,R3W2
2003,R4X1,R3X1,R3X2
2003,R4Y1,R3Y1,R3Y2
2003,R4Z1,R3Z1,R3Z2
2003,R5WX,R4W1,R4X1
2003,R5YZ,R4Y1,R4Z1
2003,R6CH,R5WX,R5YZ
2003,X16,X16a,X16b
2004,R1W1,W01,W16
2004,R1W2,W02,W15
2004,R1W3,W03,W14
2004,R1W4,W04,W13
2004,R1W5,W05,W12
2004,R1W6,W06,W11
2004,R1W7,W07,W10
2004,R1W8,W08,W09
2004,R1X1,X01,X16
2004,R1X2,X02,X15
2004,R1X3,X03,X14
2004,R1X4,X04,X13
2004,R1X5,X05,X12
2004,R1X6,X06,X11
2004,R1X7,X07,X10
2004,R1X8,X08,X09
2004,R1Y1,Y01,Y16
2004,R1Y2,Y02,Y15
2004,R1Y3,Y03,Y14
2004,R1Y4,Y04,Y13
2004,R1Y5,Y05,Y12
2004,R1Y6,Y06,Y11
2004,R1Y7,Y07,Y10
2004,R1Y8,Y08,Y09
2004,R1Z1,Z01,Z16
2004,R1Z2,Z02,Z15
2004,R1Z3,Z03,Z14
2004,R1Z4,Z04,Z13
2004,R1Z5,Z05,Z12
2004,R1Z6,Z06,Z11
2004,R1Z7,Z07,Z10
2004,R1Z8,Z08,Z09
2004,R2W1,R1W1,R1W8
2004,R2W2,R1W2,R1W7
2004,R2W3,R1W3,R1W6
2004,R2W4,R1W4,R1W5
2004,R2X1,R1X1,R1X8
2004,R2X2,R1X2,R1X7
2004,R2X3,R1X3,R1X6
2004,R2X4,R1X4,R1X5
2004,R2Y1,R1Y1,R1Y8
2004,R2Y2,R1Y2,R1Y7
2004,R2Y3,R1Y3,R1Y6
2004,R2Y4,R1Y4,R1Y5
2004,R2Z1,R1Z1,R1Z8
2004,R2Z2,R1Z2,R1Z7
2004,R2Z3,R1Z3,R1Z6
2004,R2Z4,R1Z4,R1Z5
2004,R3W1,R2W1,R2W4
2004,R3W2,R2W2,R2W3
2004,R3X1,R2X1,R2X4
2004,R3X2,R2X2,R2X3
2004,R3Y1,R2Y1,R2Y4
2004,R3Y2,R2Y2,R2Y3
2004,R3Z1,R2Z1,R2Z4
2004,R3Z2,R2Z2,R2Z3
2004,R4W1,R3W1,R3W2
2004,R4X1,R3X1,R3X2
2004,R4Y1,R3Y1,R3Y2
2004,R4Z1,R3Z1,R3Z2
2004,R5WX,R4W1,R4X1
2004,R5YZ,R4Y1,R4Z1
2004,R6CH,R5WX,R5YZ
2004,Z16,Z16a,Z16b
2005,R1W1,W01,W16
2005,R1W2,W02,W15
2005,R1W3,W03,W14
2005,R1W4,W04,W13
2005,R1W5,W05,W12
2005,R1W6,W06,W11
2005,R1W7,W07,W10
2005,R1W8,W08,W09
2005,R1X1,X01,X16
2005,R1X2,X02,X15
2005,R1X3,X03,X14
2005,R1X4,X04,X13
2005,R1X5,X05,X12
2005,R1X6,X06,X11
2005,R1X7,X07,X10
2005,R1X8,X08,X09
2005,R1Y1,Y01,Y16
2005,R1Y2,Y02,Y15
2005,R1Y3,Y03,Y14
2005,R1Y4,Y04,Y13
2005,R1Y5,Y05,Y12
2005,R1Y6,Y06,Y11
2005,R1Y7,Y07,Y10
2005,R1Y8,Y08,Y09
2005,R1Z1,Z01,Z16
2005,R1Z2,Z02,Z15
2005,R1Z3,Z03,Z14
2005,R1Z4,Z04,Z13
2005,R1Z5,Z05,Z12
2005,R1Z6,Z06,Z11
2005,R1Z7,Z07,Z10
2005,R1Z8,Z08,Z09
2005,R2W1,R1W1,R1W8
2005,R2W2,R1W2,R1W7
2005,R2W3,R1W3,R1W6
2005,R2W4,R1W4,R1W5
2005,R2X1,R1X1,R1X8
2005,R2X2,R1X2,R1X7
2005,R2X3,R1X3,R1X6
2005,R2X4,R1X4,R1X5
2005,R2Y1,R1Y1,R1Y8
2005,R2Y2,R1Y2,R1Y7
2005,R2Y3,R1Y3,R1Y6
2005,R2Y4,R1Y4,R1Y5
2005,R2Z1,R1Z1,R1Z8
2005,R2Z2,R1Z2,R1Z7
2005,R2Z3,R1Z3,R1Z6
2005,R2Z4,R1Z4,R1Z5
2005,R3W1,R2W1,R2W4
2005,R3W2,R2W2,R2W3
2005,R3X1,R2X1,R2X4
2005,R3X2,R2X2,R2X3
2005,R3Y1,R2Y1,R2Y4
2005,R3Y2,R2Y2,R2Y3
2005,R3Z1,R2Z1,R2Z4
2005,R3Z2,R2Z2,R2Z3
2005,R4W1,R3W1,R3W2
2005,R4X1,R3X1,R3X2
2005,R4Y1,R3Y1,R3Y2
2005,R4Z1,R3Z1,R3Z2
2005,R5WX,R4W1,R4X1
2005,R5YZ,R4Y1,R4Z1
2005,R6CH,R5WX,R5YZ
2005,Z16,Z16a,Z16b
2006,R1W1,W01,W16
2006,R1W2,W02,W15
2006,R1W3,W03,W14
2006,R1W4,W04,W13
2006,R1W5,W05,W12
2006,R1W6,W06,W11
2006,R1W7,W07,W10
2006,R1W8,W08,W09
2006,R1X1,X01,X16
2006,R1X2,X02,X15
2006,R1X3,X03,X14
2006,R1X4,X04,X13
2006,R1X5,X05,X12
2006,R1X6,X06,X11
2006,R1X7,X07,X10
2006,R1X8,X08,X09
2006,R1Y1,Y01,Y16
2006,R1Y2,Y02,Y15
2006,R1Y3,Y03,Y14
2006,R1Y4,Y04,Y13
2006,R1Y5,Y05,Y12
2006,R1Y6,Y06,Y11
2006,R1Y7,Y07,Y10
2006,R1Y8,Y08,Y09
2006,R1Z1,Z01,Z16
2006,R1Z2,Z02,Z15
2006,R1Z3,Z03,Z14
2006,R1Z4,Z04,Z13
2006,R1Z5,Z05,Z12
2006,R1Z6,Z06,Z11
2006,R1Z7,Z07,Z10
2006,R1Z8,Z08,Z09
2006,R2W1,R1W1,R1W8
2006,R2W2,R1W2,R1W7
2006,R2W3,R1W3,R1W6
2006,R2W4,R1W4,R1W5
2006,R2X1,R1X1,R1X8
2006,R2X2,R1X2,R1X7
2006,R2X3,R1X3,R1X6
2006,R2X4,R1X4,R1X5
2006,R2Y1,R1Y1,R1Y8
2006,R2Y2,R1Y2,R1Y7
2006,R2Y3,R1Y3,R1Y6
2006,R2Y4,R1Y4,R1Y5
2006,R2Z1,R1Z1,R1Z8
2006,R2Z2,R1Z2,R1Z7
2006,R2Z3,R1Z3,R1Z6
2006,R2Z4,R1Z4,R1Z5
2006,R3W1,R2W1,R2W4
2006,R3W2,R2W2,R2W3
2006,R3X1,R2X1,R2X4
2006,R3X2,R2X2,R2X3
2006,R3Y1,R2Y1,R2Y4
2006,R3Y2,R2Y2,R2Y3
2006,R3Z1,R2Z1,R2Z4
2006,R3Z2,R2Z2,R2Z3
2006,R4W1,R3W1,R3W2
2006,R4X1,R3X1,R3X2
2006,R4Y1,R3Y1,R3Y2
2006,R4Z1,R3Z1,R3Z2
2006,R5WX,R4W1,R4X1
2006,R5YZ,R4Y1,R4Z1
2006,R6CH,R5WX,R5YZ
2006,Y16,Y16a,Y16b
2007,R1W1,W01,W16
2007,R1W2,W02,W15
2007,R1W3,W03,W14
2007,R1W4,W04,W13
2007,R1W5,W05,W12
2007,R1W6,W06,W11
2007,R1W7,W07,W10
2007,R1W8,W08,W09
2007,R1X1,X01,X16
2007,R1X2,X02,X15
2007,R1X3,X03,X14
2007,R1X4,X04,X13
2007,R1X5,X05,X12
2007,R1X6,X06,X11
2007,R1X7,X07,X10
2007,R1X8,X08,X09
2007,R1Y1,Y01,Y16
2007,R1Y2,Y02,Y15
2007,R1Y3,Y03,Y14
2007,R1Y4,Y04,Y13
2007,R1Y5,Y05,Y12
2007,R1Y6,Y06,Y11
2007,R1Y7,Y07,Y10
2007,R1Y8,Y08,Y09
2007,R1Z1,Z01,Z16
2007,R1Z2,Z02,Z15
2007,R1Z3,Z03,Z14
2007,R1Z4,Z04,Z13
2007,R1Z5,Z05,Z12
2007,R1Z6,Z06,Z11
2007,R1Z7,Z07,Z10
2007,R1Z8,Z08,Z09
2007,R2W1,R1W1,R1W8
2007,R2W2,R1W2,R1W7
2007,R2W3,R1W3,R1W6
2007,R2W4,R1W4,R1W5
2007,R2X1,R1X1,R1X8
2007,R2X2,R1X2,R1X7
2007,R2X3,R1X3,R1X6
2007,R2X4,R1X4,R1X5
2007,R2Y1,R1Y1,R1Y8
2007,R2Y2,R1Y2,R1Y7
2007,R2Y3,R1Y3,R1Y6
2007,R2Y4,R1Y4,R1Y5
2007,R2Z1,R1Z1,R1Z8
2007,R2Z2,R1Z2,R1Z7
2007,R2Z3,R1Z3,R1Z6
2007,R2Z4,R1Z4,R1Z5
2007,R3W1,R2W1,R2W4
2007,R3W2,R2W2,R2W3
2007,R3X1,R2X1,R2X4
2007,R3X2,R2X2,R2X3
2007,R3Y1,R2Y1,R2Y4
2007,R3Y2,R2Y2,R2Y3
2007,R3Z1,R2Z1,R2Z4
2007,R3Z2,R2Z2,R2Z3
2007,R4W1,R3W1,R3W2
2007,R4X1,R3X1,R3X2
2007,R4Y1,R3Y1,R3Y2
2007,R4Z1,R3Z1,R3Z2
2007,R5WX,R4W1,R4X1
2007,R5YZ,R4Y1,R4Z1
2007,R6CH,R5WX,R5YZ
2007,Z16,Z16a,Z16b
2008,R1W1,W01,W16
2008,R1W2,W02,W15
2008,R1W3,W03,W14
2008,R1W4,W04,W13
2008,R1W5,W05,W12
2008,R1W6,W06,W11
2008,R1W7,W07,W10
2008,R1W8,W08,W09
2008,R1X1,X01,X16
2008,R1X2,X02,X15
2008,R1X3,X03,X14
2008,R1X4,X04,X13
2008,R1X5,X05,X12
2008,R1X6,X06,X11
2008,R1X7,X07,X10
2008,R1X8,X08,X09
2008,R1Y1,Y01,Y16
2008,R1Y2,Y02,Y15
2008,R1Y3,Y03,Y14
2008,R1Y4,Y04,Y13
2008,R1Y5,Y05,Y12
2008,R1Y6,Y06,Y11
2008,R1Y7,Y07,Y10
2008,R1Y8,Y08,Y09
2008,R1Z1,Z01,Z16
2008,R1Z2,Z02,Z15
2008,R1Z3,Z03,Z14
2008,R1Z4,Z04,Z13
2008,R1Z5,Z05,Z12
2008,R1Z6,Z06,Z11
2008,R1Z7,Z07,Z10
2008,R1Z8,Z08,Z09
2008,R2W1,R1W1,R1W8
2008,R2W2,R1W2,R1W7
2008,R2W3,R1W3,R1W6
2008,R2W4,R1W4,R1W5
2008,R2X1,R1X1,R1X8
2008,R2X2,R1X2,R1X7
2008,R2X3,R1X3,R1X6
2008,R2X4,R1X4,R1X5
2008,R2Y1,R1Y1,R1Y8
2008,R2Y2,R1Y2,R1Y7
2008,R2Y3,R1Y3,R1Y6
2008,R2Y4,R1Y4,R1Y5
2008,R2Z1,R1Z1,R1Z8
2008,R2Z2,R1Z2,R1Z7
2008,R2Z3,R1Z3,R1Z6
2008,R2Z4,R1Z4,R1Z5
2008,R3W1,R2W1,R2W4
2008,R3W2,R2W2,R2W3
2008,R3X1,R2X1,R2X4
2008,R3X2,R2X2,R2X3
2008,R3Y1,R2Y1,R2Y4
2008,R3Y2,R2Y2,R2Y3
2008,R3Z1,R2Z1,R2Z4
2008,R3Z2,R2Z2,R2Z3
2008,R4W1,R3W1,R3W2
2008,R4X1,R3X1,R3X2
2008,R4Y1,R3Y1,R3Y2
2008,R4Z1,R3Z1,R3Z2
2008,R5WX,R4W1,R4X1
2008,R5YZ,R4Y1,R4Z1
2008,R6CH,R5WX,R5YZ
2008,W16,W16a,W16b
2009,R1W1,W01,W16
2009,R1W2,W02,W15
2009,R1W3,W03,W14
2009,R1W4,W04,W13
2009,R1W5,W05,W12
2009,R1W6,W06,W11
2009,R1W7,W07,W10
2009,R1W8,W08,W09
2009,R1X1,X01,X16
2009,R1X2,X02,X15
2009,R1X3,X03,X14
2009,R1X4,X04,X13
2009,R1X5,X05,X12
2009,R1X6,X06,X11
2009,R1X7,X07,X10
2009,R1X8,X08,X09
2009,R1Y1,Y01,Y16
2009,R1Y2,Y02,Y15
2009,R1Y3,Y03,Y14
2009,R1Y4,Y04,Y13
2009,R1Y5,Y05,Y12
2009,R1Y6,Y06,Y11
2009,R1Y7,Y07,Y10
2009,R1Y8,Y08,Y09
2009,R1Z1,Z01,Z16
2009,R1Z2,Z02,Z15
2009,R1Z3,Z03,Z14
2009,R1Z4,Z04,Z13
2009,R1Z5,Z05,Z12
2009,R1Z6,Z06,Z11
2009,R1Z7,Z07,Z10
2009,R1Z8,Z08,Z09
2009,R2W1,R1W1,R1W8
2009,R2W2,R1W2,R1W7
2009,R2W3,R1W3,R1W6
2009,R2W4,R1W4,R1W5
2009,R2X1,R1X1,R1X8
2009,R2X2,R1X2,R1X7
2009,R2X3,R1X3,R1X6
2009,R2X4,R1X4,R1X5
2009,R2Y1,R1Y1,R1Y8
2009,R2Y2,R1Y2,R1Y7
2009,R2Y3,R1Y3,R1Y6
2009,R2Y4,R1Y4,R1Y5
2009,R2Z1,R1Z1,R1Z8
2009,R2Z2,R1Z2,R1Z7
2009,R2Z3,R1Z3,R1Z6
2009,R2Z4,R1Z4,R1Z5
2009,R3W1,R2W1,R2W4
2009,R3W2,R2W2,R2W3
2009,R3X1,R2X1,R2X4
2009,R3X2,R2X2,R2X3
2009,R3Y1,R2Y1,R2Y4
2009,R3Y2,R2Y2,R2Y3
2009,R3Z1,R2Z1,R2Z4
2009,R3Z2,R2Z2,R2Z3
2009,R4W1,R3W1,R3W2
2009,R4X1,R3X1,R3X2
2009,R4Y1,R3Y1,R3Y2
2009,R4Z1,R3Z1,R3Z2
2009,R5WX,R4W1,R4X1
2009,R5YZ,R4Y1,R4Z1
2009,R6CH,R5WX,R5YZ
2009,Y16,Y16a,Y16b
2010,R1W1,W01,W16
2010,R1W2,W02,W15
2010,R1W3,W03,W14
2010,R1W4,W04,W13
2010,R1W5,W05,W12
2010,R1W6,W06,W11
2010,R1W7,W07,W10
2010,R1W8,W08,W09
2010,R1X1,X01,X16
2010,R1X2,X02,X15
2010,R1X3,X03,X14
2010,R1X4,X04,X13
2010,R1X5,X05,X12
2010,R1X6,X06,X11
2010,R1X7,X07,X10
2010,R1X8,X08,X09
2010,R1Y1,Y01,Y16
2010,R1Y2,Y02,Y15
2010,R1Y3,Y03,Y14
2010,R1Y4,Y04,Y13
2010,R1Y5,Y05,Y12
2010,R1Y6,Y06,Y11
2010,R1Y7,Y07,Y10
2010,R1Y8,Y08,Y09
2010,R1Z1,Z01,Z16
2010,R1Z2,Z02,Z15
2010,R1Z3,Z03,Z14
2010,R1Z4,Z04,Z13
2010,R1Z5,Z05,Z12
2010,R1Z6,Z06,Z11
2010,R1Z7,Z07,Z10
2010,R1Z8,Z08,Z09
2010,R2W1,R1W1,R1W8
2010,R2W2,R1W2,R1W7
2010,R2W3,R1W3,R1W6
2010,R2W4,R1W4,R1W5
2010,R2X1,R1X1,R1X8
2010,R2X2,R1X2,R1X7
2010,R2X3,R1X3,R1X6
2010,R2X4,R1X4,R1X5
2010,R2Y1,R1Y1,R1Y8
2010,R2Y2,R1Y2,R1Y7
2010,R2Y3,R1Y3,R1Y6
2010,R2Y4,R1Y4,R1Y5
2010,R2Z1,R1Z1,R1Z8
2010,R2Z2,R1Z2,R1Z7
2010,R2Z3,R1Z3,R1Z6
2010,R2Z4,R1Z4,R1Z5
2010,R3W1,R2W1,R2W4
2010,R3W2,R2W2,R2W3
2010,R3X1,R2X1,R2X4
2010,R3X2,R2X2,R2X3
2010,R3Y1,R2Y1,R2Y4
2010,R3Y2,R2Y2,R2Y3
2010,R3Z1,R2Z1,R2Z4
2010,R3Z2,R2Z2,R2Z3
2010,R4W1,R3W1,R3W2
2010,R4X1,R3X1,R3X2
2010,R4Y1,R3Y1,R3Y2
2010,R4Z1,R3Z1,R3Z2
2010,R5WX,R4W1,R4X1
2010,R5YZ,R4Y1,R4Z1
2010,R6CH,R5WX,R5YZ
2010,X16,X16a,X16b
2011,R1W1,W01,W16
2011,R1W2,W02,W15
2011,R1W3,W03,W14
2011,R1W4,W04,W13
2011,R1W5,W05,W12
2011,R1W6,W06,W11
2011,R1W7,W07,W10
2011,R1W8,W08,W09
2011,R1X1,X01,X16
2011,R1X2,X02,X15
2011,R1X3,X03,X14
2011,R1X4,X04,X13
2011,R1X5,X05,X12
2011,R1X6,X06,X11
2011,R1X7,X07,X10
2011,R1X8,X08,X09
2011,R1Y1,Y01,Y16
2011,R1Y2,Y02,Y15
2011,R1Y3,Y03,Y14
2011,R1Y4,Y04,Y13
2011,R1Y5,Y05,Y12
2011,R1Y6,Y06,Y11
2011,R1Y7,Y07,Y10
2011,R1Y8,Y08,Y09
2011,R1Z1,Z01,Z16
2011,R1Z2,Z02,Z15
2011,R1Z3,Z03,Z14
2011,R1Z4,Z04,Z13
2011,R1Z5,Z05,Z12
2011,R1Z6,Z06,Z11
2011,R1Z7,Z07,Z10
2011,R1Z8,Z08,Z09
2011,R2W1,R1W1,R1W8
2011,R2W2,R1W2,R1W7
2011,R2W3,R1W3,R1W6
2011,R2W4,R1W4,R1W5
2011,R2X1,R1X1,R1X8
2011,R2X2,R1X2,R1X7
2011,R2X3,R1X3,R1X6
2011,R2X4,R1X4,R1X5
2011,R2Y1,R1Y1,R1Y8
2011,R2Y2,R1Y2,R1Y7
2011,R2Y3,R1Y3,R1Y6
2011,R2Y4,R1Y4,R1Y5
2011,R2Z1,R1Z1,R1Z8
2011,R2Z2,R1Z2,R1Z7
2011,R2Z3,R1Z3,R1Z6
2011,R2Z4,R1Z4,R1Z5
2011,R3W1,R2W1,R2W4
2011,R3W2,R2W2,R2W3
2011,R3X1,R2X1,R2X4
2011,R3X2,R2X2,R2X3
2011,R3Y1,R2Y1,R2Y4
2011,R3Y2,R2Y2,R2Y3
2011,R3Z1,R2Z1,R2Z4
2011,R3Z2,R2Z2,R2Z3
2011,R4W1,R3W1,R3W2
2011,R4X1,R3X1,R3X2
2011,R4Y1,R3Y1,R3Y2
2011,R4Z1,R3Z1,R3Z2
2011,R5WX,R4W1,R4X1
2011,R5YZ,R4Y1,R4Z1
2011,R6CH,R5WX,R5YZ
2011,W12,W12a,W12b
2011,W16,W16a,W16b
2011,Y16,Y16a,Y16b
2011,Z11,Z11a,Z11b
2012,R1W1,W01,W16
2012,R1W2,W02,W15
2012,R1W3,W03,W14
2012,R1W4,W04,W13
2012,R1W5,W05,W12
2012,R1W6,W06,W11
2012,R1W7,W07,W10
2012,R1W8,W08,W09
2012,R1X1,X01,X16
2012,R1X2,X02,X15
2012,R1X3,X03,X14
2012,R1X4,X04,X13
2012,R1X5,X05,X12
2012,R1X6,X06,X11
2012,R1X7,X07,X10
2012,R1X8,X08,X09
2012,R1Y1,Y01,Y16
2012,R1Y2,Y02,Y15
2012,R1Y3,Y03,Y14
2012,R1Y4,Y04,Y13
2012,R1Y5,Y05,Y12
2012,R1Y6,Y06,Y11
2012,R1Y7,Y07,Y10
2012,R1Y8,Y08,Y09
2012,R1Z1,Z01,Z16
2012,R1Z2,Z02,Z15
2012,R1Z3,Z03,Z14
2012,R1Z4,Z04,Z13
2012,R1Z5,Z05,Z12
2012,R1Z6,Z06,Z11
2012,R1Z7,Z07,Z10
2012,R1Z8,Z08,Z09
2012,R2W1,R1W1,R1W8
2012,R2W2,R1W2,R1W7
2012,R2W3,R1W3,R1W6
2012,R2W4,R1W4,R1W5
2012,R2X1,R1X1,R1X8
2012,R2X2,R1X2,R1X7
2012,R2X3,R1X3,R1X6
2012,R2X4,R1X4,R1X5
2012,R2Y1,R1Y1,R1Y8
2012,R2Y2,R1Y2,R1Y7
2012,R2Y3,R1Y3,R1Y6
2012,R2Y4,R1Y4,R1Y5
2012,R2Z1,R1Z1,R1Z8
2012,R2Z2,R1Z2,R1Z7
2012,R2Z3,R1Z3,R1Z6
2012,R2Z4,R1Z4,R1Z5
2012,R3W1,R2W1,R2W4
2012,R3W2,R2W2,R2W3
2012,R3X1,R2X1,R2X4
2012,R3X2,R2X2,R2X3
2012,R3Y1,R2Y1,R2Y4
2012,R3Y2,R2Y2,R2Y3
2012,R3Z1,R2Z1,R2Z4
2012,R3Z2,R2Z2,R2Z3
2012,R4W1,R3W1,R3W2
2012,R4X1,R3X1,R3X2
2012,R4Y1,R3Y1,R3Y2
2012,R4Z1,R3Z1,R3Z2
2012,R5WX,R4W1,R4X1
2012,R5YZ,R4Y1,R4Z1
2012,R6CH,R5WX,R5YZ
2012,X12,X12a,X12b
2012,X16,X16a,X16b
2012,Y16,Y16a,Y16b
2012,Z14,Z14a,Z14b
2013,R1W1,W01,W16
2013,R1W2,W02,W15
2013,R1W3,W03,W14
2013,R1W4,W04,W13
2013,R1W5,W05,W12
2013,R1W6,W06,W11
2013,R1W7,W07,W10
2013,R1W8,W08,W09
2013,R1X1,X01,X16
2013,R1X2,X02,X15
2013,R1X3,X03,X14
2013,R1X4,X04,X13
2013,R1X5,X05,X12
2013,R1X6,X06,X11
2013,R1X7,X07,X10
2013,R1X8,X08,X09
2013,R1Y1,Y01,Y16
2013,R1Y2,Y02,Y15
2013,R1Y3,Y03,Y14
2013,R1Y4,Y04,Y13
2013,R1Y5,Y05,Y12
2013,R1Y6,Y06,Y11
2013,R1Y7,Y07,Y10
2013,R1Y8,Y08,Y09
2013,R1Z1,Z01,Z16
2013,R1Z2,Z02,Z15
2013,R1Z3,Z03,Z14
2013,R1Z4,Z04,Z13
2013,R1Z5,Z05,Z12
2013,R1Z6,Z06,Z11
2013,R1Z7,Z07,Z10
2013,R1Z8,Z08,Z09
2013,R2W1,R1W1,R1W8
2013,R2W2,R1W2,R1W7
2013,R2W3,R1W3,R1W6
2013,R2W4,R1W4,R1W5
2013,R2X1,R1X1,R1X8
2013,R2X2,R1X2,R1X7
2013,R2X3,R1X3,R1X6
2013,R2X4,R1X4,R1X5
2013,R2Y1,R1Y1,R1Y8
2013,R2Y2,R1Y2,R1Y7
2013,R2Y3,R1Y3,R1Y6
2013,R2Y4,R1Y4,R1Y5
2013,R2Z1,R1Z1,R1Z8
2013,R2Z2,R1Z2,R1Z7
2013,R2Z3,R1Z3,R1Z6
2013,R2Z4,R1Z4,R1Z5
2013,R3W1,R2W1,R2W4
2013,R3W2,R2W2,R2W3
2013,R3X1,R2X1,R2X4
2013,R3X2,R2X2,R2X3
2013,R3Y1,R2Y1,R2Y4
2013,R3Y2,R2Y2,R2Y3
2013,R3Z1,R2Z1,R2Z4
2013,R3Z2,R2Z2,R2Z3
2013,R4W1,R3W1,R3W2
2013,R4X1,R3X1,R3X2
2013,R4Y1,R3Y1,R3Y2
2013,R4Z1,R3Z1,R3Z2
2013,R5WX,R4W1,R4X1
2013,R5YZ,R4Y1,R4Z1
2013,R6CH,R5WX,R5YZ
2013,W16,W16a,W16b
2013,Y11,Y11a,Y11b
2013,Y16,Y16a,Y16b
2013,Z13,Z13a,Z13b
2014,R1W1,W01,W16
2014,R1W2,W02,W15
2014,R1W3,W03,W14
2014,R1W4,W04,W13
2014,R1W5,W05,W12
2014,R1W6,W06,W11
2014,R1W7,W07,W10
2014,R1W8,W08,W09
2014,R1X1,X01,X16
2014,R1X2,X02,X15
2014,R1X3,X03,X14
2014,R1X4,X04,X13
2014,R1X5,X05,X12
2014,R1X6,X06,X11
2014,R1X7,X07,X10
2014,R1X8,X08,X09
2014,R1Y1,Y01,Y16
2014,R1Y2,Y02,Y15
2014,R1Y3,Y03,Y14
2014,R1Y4,Y04,Y13
2014,R1Y5,Y05,Y12
2014,R1Y6,Y06,Y11
2014,R1Y7,Y07,Y10
2014,R1Y8,Y08,Y09
2014,R1Z1,Z01,Z16
2014,R1Z2,Z02,Z15
2014,R1Z3,Z03,Z14
2014,R1Z4,Z04,Z13
2014,R1Z5,Z05,Z12
2014,R1Z6,Z06,Z11
2014,R1Z7,Z07,Z10
2014,R1Z8,Z08,Z09
2014,R2W1,R1W1,R1W8
2014,R2W2,R1W2,R1W7
2014,R2W3,R1W3,R1W6
2014,R2W4,R1W4,R1W5
2014,R2X1,R1X1,R1X8
2014,R2X2,R1X2,R1X7
2014,R2X3,R1X3,R1X6
2014,R2X4,R1X4,R1X5
2014,R2Y1,R1Y1,R1Y8
2014,R2Y2,R1Y2,R1Y7
2014,R2Y3,R1Y3,R1Y6
2014,R2Y4,R1Y4,R1Y5
2014,R2Z1,R1Z1,R1Z8
2014,R2Z2,R1Z2,R1Z7
2014,R2Z3,R1Z3,R1Z6
2014,R2Z4,R1Z4,R1Z5
2014,R3W1,R2W1,R2W4
2014,R3W2,R2W2,R2W3
2014,R3X1,R2X1,R2X4
2014,R3X2,R2X2,R2X3
2014,R3Y1,R2Y1,R2Y4
2014,R3Y2,R2Y2,R2Y3
2014,R3Z1,R2Z1,R2Z4
2014,R3Z2,R2Z2,R2Z3
2014,R4W1,R3W1,R3W2
2014,R4X1,R3X1,R3X2
2014,R4Y1,R3Y1,R3Y2
2014,R4Z1,R3Z1,R3Z2
2014,R5WX,R4W1,R4X1
2014,R5YZ,R4Y1,R4Z1
2014,R6CH,R5WX,R5YZ
2014,X16,X16a,X16b
2014,Y11,Y11a,Y11b
2014,Y12,Y12a,Y12b
2014,Y16,Y16a,Y16b
2015,R1W1,W01,W16
2015,R1W2,W02,W15
2015,R1W3,W03,W14
2015,R1W4,W04,W13
2015,R1W5,W05,W12
2015,R1W6,W06,W11
2015,R1W7,W07,W10
2015,R1W8,W08,W09
2015,R1X1,X01,X16
2015,R1X2,X02,X15
2015,R1X3,X03,X14
2015,R1X4,X04,X13
2015,R1X5,X05,X12
2015,R1X6,X06,X11
2015,R1X7,X07,X10
2015,R1X8,X08,X09
2015,R1Y1,Y01,Y16
2015,R1Y2,Y02,Y15
2015,R1Y3,Y03,Y14
2015,R1Y4,Y04,Y13
2015,R1Y5,Y05,Y12
2015,R1Y6,Y06,Y11
2015,R1Y7,Y07,Y10
2015,R1Y8,Y08,Y09
2015,R1Z1,Z01,Z16
2015,R1Z2,Z02,Z15
2015,R1Z3,Z03,Z14
2015,R1Z4,Z04,Z13
2015,R1Z5,Z05,Z12
2015,R1Z6,Z06,Z11
2015,R1Z7,Z07,Z10
2015,R1Z8,Z08,Z09
2015,R2W1,R1W1,R1W8
2015,R2W2,R1W2,R1W7
2015,R2W3,R1W3,R1W6
2015,R2W4,R1W4,R1W5
2015,R2X1,R1X1,R1X8
2015,R2X2,R1X2,R1X7
2015,R2X3,R1X3,R1X6
2015,R2X4,R1X4,R1X5
2015,R2Y1,R1Y1,R1Y8
2015,R2Y2,R1Y2,R1Y7
2015,R2Y3,R1Y3,R1Y6
2015,R2Y4,R1Y4,R1Y5
2015,R2Z1,R1Z1,R1Z8
2015,R2Z2,R1Z2,R1Z7
2015,R2Z3,R1Z3,R1Z6
2015,R2Z4,R1Z4,R1Z5
2015,R3W1,R2W1,R2W4
2015,R3W2,R2W2,R2W3
2015,R3X1,R2X1,R2X4
2015,R3X2,R2X2,R2X3
2015,R3Y1,R2Y1,R2Y4
2015,R3Y2,R2Y2,R2Y3
2015,R3Z1,R2Z1,R2Z4
2015,R3Z2,R2Z2,R2Z3
2015,R4W1,R3W1,R3W2
2015,R4X1,R3X1,R3X2
2015,R4Y1,R3Y1,R3Y2
2015,R4Z1,R3Z1,R3Z2
2015,R5WX,R4W1,R4X1
2015,R5YZ,R4Y1,R4Z1
2015,R6CH,R5WX,R5YZ
2015,W11,W11a,W11b
2015,X16,X16a,X16b
2015,Y16,Y16a,Y16b
2015,Z11,Z11a,Z11b
2016,R1W1,W01,W16
2016,R1W2,W02,W15
2016,R1W3,W03,W14
2016,R1W4,W04,W13
2016,R1W5,W05,W12
2016,R1W6,W06,W11
2016,R1W7,W07,W10
2016,R1W8,W08,W09
2016,R1X1,X01,X16
2016,R1X2,X02,X15
2016,R1X3,X03,X14
2016,R1X4,X04,X13
2016,R1X5,X05,X12
2016,R1X6,X06,X11
2016,R1X7,X07,X10
2016,R1X8,X08,X09
2016,R1Y1,Y01,Y16
2016,R1Y2,Y02,Y15
2016,R1Y3,Y03,Y14
2016,R1Y4,Y04,Y13
2016,R1Y5,Y05,Y12
2016,R1Y6,Y06,Y11
2016,R1Y7,Y07,Y10
2016,R1Y8,Y08,Y09
2016,R1Z1,Z01,Z16
2016,R1Z2,Z02,Z15
2016,R1Z3,Z03,Z14
2016,R1Z4,Z04,Z13
2016,R1Z5,Z05,Z12
2016,R1Z6,Z06,Z11
2016,R1Z7,Z07,Z10
2016,R1Z8,Z08,Z09
2016,R2W1,R1W1,R1W8
2016,R2W2,R1W2,R1W7
2016,R2W3,R1W3,R1W6
2016,R2W4,R1W4,R1W5
2016,R2X1,R1X1,R1X8
2016,R2X2,R1X2,R1X7
2016,R2X3,R1X3,R1X6
2016,R2X4,R1X4,R1X5
2016,R2Y1,R1Y1,R1Y8
2016,R2Y2,R1Y2,R1Y7
2016,R2Y3,R1Y3,R1Y6
2016,R2Y4,R1Y4,R1Y5
2016,R2Z1,R1Z1,R1Z8
2016,R2Z2,R1Z2,R1Z7
2016,R2Z3,R1Z3,R1Z6
2016,R2Z4,R1Z4,R1Z5
2016,R3W1,R2W1,R2W4
2016,R3W2,R2W2,R2W3
2016,R3X1,R2X1,R2X4
2016,R3X2,R2X2,R2X3
2016,R3Y1,R2Y1,R2Y4
2016,R3Y2,R2Y2,R2Y3
2016,R3Z1,R2Z1,R2Z4
2016,R3Z2,R2Z2,R2Z3
2016,R4W1,R3W1,R3W2
2016,R4X1,R3X1,R3X2
2016,R4Y1,R3Y1,R3Y2
2016,R4Z1,R3Z1,R3Z2
2016,R5WX,R4W1,R4X1
2016,R5YZ,R4Y1,R4Z1
2016,R6CH,R5WX,R5YZ
2016,W11,W11a,W11b
2016,W16,W16a,W16b
2016,Y11,Y11a,Y11b
2016,Z16,Z16a,Z16b
2017,R1W1,W01,W16
2017,R1W2,W02,W15
2017,R1W3,W03,W14
2017,R1W4,W04,W13
2017,R1W5,W05,W12
2017,R1W6,W06,W11
2017,R1W7,W07,W10
2017,R1W8,W08,W09
2017,R1X1,X01,X16
2017,R1X2,X02,X15
2017,R1X3,X03,X14
2017,R1X4,X04,X13
2017,R1X5,X05,X12
2017,R1X6,X06,X11
2017,R1X7,X07,X10
2017,R1X8,X08,X09
2017,R1Y1,Y01,Y16
2017,R1Y2,Y02,Y15
2017,R1Y3,Y03,Y14
2017,R1Y4,Y04,Y13
2017,R1Y5,Y05,Y12
2017,R1Y6,Y06,Y11
2017,R1Y7,Y07,Y10
2017,R1Y8,Y08,Y09
2017,R1Z1,Z01,Z16
2017,R1Z2,Z02,Z15
2017,R1Z3,Z03,Z14
2017,R1Z4,Z04,Z13
2017,R1Z5,Z05,Z12
2017,R1Z6,Z06,Z11
2017,R1Z7,Z07,Z10
2017,R1Z8,Z08,Z09
2017,R2W1,R1W1,R1W8
2017,R2W2,R1W2,R1W7
2017,R2W3,R1W3,R1W6
2017,R2W4,R1W4,R1W5
2017,R2X1,R1X1,R1X8
2017,R2X2,R1X2,R1X7
2017,R2X3,R1X3,R1X6
2017,R2X4,R1X4,R1X5
2017,R2Y1,R1Y1,R1Y8
2017,R2Y2,R1Y2,R1Y7
2017,R2Y3,R1Y3,R1Y6
2017,R2Y4,R1Y4,R1Y5
2017,R2Z1,R1Z1,R1Z8
2017,R2Z2,R1Z2,R1Z7
2017,R2Z3,R1Z3,R1Z6
2017,R2Z4,R1Z4,R1Z5
2017,R3W1,R2W1,R2W4
2017,R3W2,R2W2,R2W3
2017,R3X1,R2X1,R2X4
2017,R3X2,R2X2,R2X3
2017,R3Y1,R2Y1,R2Y4
2017,R3Y2,R2Y2,R2Y3
2017,R3Z1,R2Z1,R2Z4
2017,R3Z2,R2Z2,R2Z3
2017,R4W1,R3W1,R3W2
2017,R4X1,R3X1,R3X2
2017,R4Y1,R3Y1,R3Y2
2017,R4Z1,R3Z1,R3Z2
2017,R5WX,R4W1,R4X1
2017,R5YZ,R4Y1,R4Z1
2017,R6CH,R5WX,R5YZ
2017,W11,W11a,W11b
2017,W16,W16a,W16b
2017,Y16,Y16a,Y16b
2017,Z11,Z11a,Z11b
2018,R1W1,W01,W16
2018,R1W2,W02,W15
2018,R1W3,W03,W14
2018,R1W4,W04,W13
2018,R1W5,W05,W12
2018,R1W6,W06,W11
2018,R1W7,W07,W10
2018,R1W8,W08,W09
2018,R1X1,X01,X16
2018,R1X2,X02,X15
2018,R1X3,X03,X14
2018,R1X4,X04,X13
2018,R1X5,X05,X12
2018,R1X6,X06,X11
2018,R1X7,X07,X10
2018,R1X8,X08,X09
2018,R1Y1,Y01,Y16
2018,R1Y2,Y02,Y15
2018,R1Y3,Y03,Y14
2018,R1Y4,Y04,Y13
2018,R1Y5,Y05,Y12
2018,R1Y6,Y06,Y11
2018,R1Y7,Y07,Y10
2018,R1Y8,Y08,Y09
2018,R1Z1,Z01,Z16
2018,R1Z2,Z02,Z15
2018,R1Z3,Z03,Z14
2018,R1Z4,Z04,Z13
2018,R1Z5,Z05,Z12
2018,R1Z6,Z06,Z11
2018,R1Z7,Z07,Z10
2018,R1Z8,Z08,Z09
2018,R2W1,R1W1,R1W8
2018,R2W2,R1W2,R1W7
2018,R2W3,R1W3,R1W6
2018,R2W4,R1W4,R1W5
2018,R2X1,R1X1,R1X8
2018,R2X2,R1X2,R1X7
2018,R2X3,R1X3,R1X6
2018,R2X4,R1X4,R1X5
2018,R2Y1,R1Y1,R1Y8
2018,R2Y2,R1Y2,R1Y7
2018,R2Y3,R1Y3,R1Y6
2018,R2Y4,R1Y4,R1Y5
2018,R2Z1,R1Z1,R1Z8
2018,R2Z2,R1Z2,R1Z7
2018,R2Z3,R1Z3,R1Z6
2018,R2Z4,R1Z4,R1Z5
2018,R3W1,R2W1,R2W4
2018,R3W2,R2W2,R2W3
2018,R3X1,R2X1,R2X4
2018,R3X2,R2X2,R2X3
2018,R3Y1,R2Y1,R2Y4
2018,R3Y2,R2Y2,R2Y3
2018,R3Z1,R2Z1,R2Z4
2018,R3Z2,R2Z2,R2Z3
2018,R4W1,R3W1,R3W2
2018,R4X1,R3X1,R3X2
2018,R4Y1,R3Y1,R3Y2
2018,R4Z1,R3Z1,R3Z2
2018,R5WX,R4W1,R4X1
2018,R5YZ,R4Y1,R4Z1
2018,R6CH,R5WX,R5YZ
2018,W11,W11a,W11b
2018,W16,W16a,W16b
2018,X11,X11a,X11b
2018,Z16,Z16a,Z16b
2019,R1W1,W01,W16
2019,R1W2,W02,W15
2019,R1W3,W03,W14
2019,R1W4,W04,W13
2019,R1W5,W05,W12
2019,R1W6,W06,W11
2019,R1W7,W07,W10
2019,R1W8,W08,W09
2019,R1X1,X01,X16
2019,R1X2,X02,X15
2019,R1X3,X03,X14
2019,R1X4,X04,X13
2019,R1X5,X05,X12
2019,R1X6,X06,X11
2019,R1X7,X07,X10
2019,R1X8,X08,X09
2019,R1Y1,Y01,Y16
2019,R1Y2,Y02,Y15
2019,R1Y3,Y03,Y14
2019,R1Y4,Y04,Y13
2019,R1Y5,Y05,Y12
2019,R1Y6,Y06,Y11
2019,R1Y7,Y07,Y10
2019,R1Y8,Y08,Y09
2019,R1Z1,Z01,Z16
2019,R1Z2,Z02,Z15
2019,R1Z3,Z03,Z14
2019,R1Z4,Z04,Z13
2019,R1Z5,Z05,Z12
2019,R1Z6,Z06,Z11
2019,R1Z7,Z07,Z10
2019,R1Z8,Z08,Z09
2019,R2W1,R1W1,R1W8
2019,R2W2,R1W2,R1W7
2019,R2W3,R1W3,R1W6
2019,R2W4,R1W4,R1W5
2019,R2X1,R1X1,R1X8
2019,R2X2,R1X2,R1X7
2019,R2X3,R1X3,R1X6
2019,R2X4,R1X4,R1X5
2019,R2Y1,R1Y1,R1Y8
2019,R2Y2,R1Y2,R1Y7
2019,R2Y3,R1Y3,R1Y6
2019,R2Y4,R1Y4,R1Y5
2019,R2Z1,R1Z1,R1Z8
2019,R2Z2,R1Z2,R1Z7
2019,R2Z3,R1Z3,R1Z6
2019,R2Z4,R1Z4,R1Z5
2019,R3W1,R2W1,R2W4
2019,R3W2,R2W2,R2W3
2019,R3X1,R2X1,R2X4
2019,R3X2,R2X2,R2X3
2019,R3Y1,R2Y1,R2Y4
2019,R3Y2,R2Y2,R2Y3
2019,R3Z1,R2Z1,R2Z4
2019,R3Z2,R2Z2,R2Z3
2019,R4W1,R3W1,R3W2
2019,R4X1,R3X1,R3X2
2019,R4Y1,R3Y1,R3Y2
2019,R4Z1,R3Z1,R3Z2
2019,R5WX,R4W1,R4X1
2019,R5YZ,R4Y1,R4Z1
2019,R6CH,R5WX,R5YZ
2019,W11,W11a,W11b
2019,W16,W16a,W16b
2019,X11,X11a,X11b
2019,X16,X16a,X16b
2021,R1W1,W01,W16
2021,R1W2,W02,W15
2021,R1W3,W03,W14
2021,R1W4,W04,W13
2021,R1W5,W05,W12
2021,R1W6,W06,W11
2021,R1W7,W07,W10
2021,R1W8,W08,W09
2021,R1X1,X01,X16
2021,R1X2,X02,X15
2021,R1X3,X03,X14
2021,R1X4,X04,X13
2021,R1X5,X05,X12
2021,R1X6,X06,X11
2021,R1X7,X07,X10
2021,R1X8,X08,X09
2021,R1Y1,Y01,Y16
2021,R1Y2,Y02,Y15
2021,R1Y3,Y03,Y14
2021,R1Y4,Y04,Y13
2021,R1Y5,Y05,Y12
2021,R1Y6,Y06,Y11
2021,R1Y7,Y07,Y10
2021,R1Y8,Y08,Y09
2021,R1Z1,Z01,Z16
2021,R1Z2,Z02,Z15
2021,R1Z3,Z03,Z14
2021,R1Z4,Z04,Z13
2021,R1Z5,Z05,Z12
2021,R1Z6,Z06,Z11
2021,R1Z7,Z07,Z10
2021,R1Z8,Z08,Z09
2021,R2W1,R1W1,R1W8
2021,R2W2,R1W2,R1W7
2021,R2W3,R1W3,R1W6
2021,R2W4,R1W4,R1W5
2021,R2X1,R1X1,R1X8
2021,R2X2,R1X2,R1X7
2021,R2X3,R1X3,R1X6
2021,R2X4,R1X4,R1X5
2021,R2Y1,R1Y1,R1Y8
2021,R2Y2,R1Y2,R1Y7
2021,R2Y3,R1Y3,R1Y6
2021,R2Y4,R1Y4,R1Y5
2021,R2Z1,R1Z1,R1Z8
2021,R2Z2,R1Z2,R1Z7
2021,R2Z3,R1Z3,R1Z6
2021,R2Z4,R1Z4,R1Z5
2021,R3W1,R2W1,R2W4
2021,R3W2,R2W2,R2W3
2021,R3X1,R2X1,R2X4
2021,R3X2,R2X2,R2X3
2021,R3Y1,R2Y1,R2Y4
2021,R3Y2,R2Y2,R2Y3
2021,R3Z1,R2Z1,R2Z4
2021,R3Z2,R2Z2,R2Z3
2021,R4W1,R3W1,R3W2
2021,R4X1,R3X1,R3X2
2021,R4Y1,R3Y1,R3Y2
2021,R4Z1,R3Z1,R3Z2
2021,R5WX,R4W1,R4X1
2021,R5YZ,R4Y1,R4Z1
2021,R6CH,R5WX,R5YZ
2021,W11,W11a,W11b
2021,W16,W16a,W16b
2021,X11,X11a,X11b
2021,X16,X16a,X16b
2022,R1W1,W01,W16
2022,R1W2,W02,W15
2022,R1W3,W03,W14
2022,R1W4,W04,W13
2022,R1W5,W05,W12
2022,R1W6,W06,W11
2022,R1W7,W07,W10
2022,R1W8,W08,W09
2022,R1X1,X01,X16
2022,R1X2,X02,X15
2022,R1X3,X03,X14
2022,R1X4,X04,X13
2022,R1X5,X05,X12
2022,R1X6,X06,X11
2022,R1X7,X07,X10
2022,R1X8,X08,X09
2022,R1Y1,Y01,Y16
2022,R1Y2,Y02,Y15
2022,R1Y3,Y03,Y14
2022,R1Y4,Y04,Y13
2022,R1Y5,Y05,Y12
2022,R1Y6,Y06,Y11
2022,R1Y7,Y07,Y10
2022,R1Y8,Y08,Y09
2022,R1Z1,Z01,Z16
2022,R1Z2,Z02,Z15
2022,R1Z3,Z03,Z14
2022,R1Z4,Z04,Z13
2022,R1Z5,Z05,Z12
2022,R1Z6,Z06,Z11
2022,R1Z7,Z07,Z10
2022,R1Z8,Z08,Z09
2022,R2W1,R1W1,R1W8
2022,R2W2,R1W2,R1W7
2022,R2W3,R1W3,R1W6
2022,R2W4,R1W4,R1W5
2022,R2X1,R1X1,R1X8
2022,R2X2,R1X2,R1X7
2022,R2X3,R1X3,R1X6
2022,R2X4,R1X4,R1X5
2022,R2Y1,R1Y1,R1Y8
2022,R2Y2,R1Y2,R1Y7
2022,R2Y3,R1Y3,R1Y6
2022,R2Y4,R1Y4,R1Y5
2022,R2Z1,R1Z1,R1Z8
2022,R2Z2,R1Z2,R1Z7
2022,R2Z3,R1Z3,R1Z6
2022,R2Z4,R1Z4,R1Z5
2022,R3W1,R2W1,R2W4
2022,R3W2,R2W2,R2W3
2022,R3X1,R2X1,R2X4
2022,R3X2,R2X2,R2X3
2022,R3Y1,R2Y1,R2Y4
2022,R3Y2,R2Y2,R2Y3
2022,R3Z1,R2Z1,R2Z4
2022,R3Z2,R2Z2,R2Z3
2022,R4W1,R3W1,R3W2
2022,R4X1,R3X1,R3X2
2022,R4Y1,R3Y1,R3Y2
2022,R4Z1,R3Z1,R3Z2
2022,R5WX,R4W1,R4X1
2022,R5YZ,R4Y1,R4Z1
2022,R6CH,R5WX,R5YZ
2022,W12,W12a,W12b
2022,X11,X11a,X11b
2022,Y16,Y16a,Y16b
2022,Z16,Z16a,Z16b
